Player,Roster Position,%Drafted,FPTS,Salary
Aaron Jones Sr. (134747-40442),RB,0.3985,14.8,6400
Jeremiyah Love (134747-188171),RB,0.3322,6.0,6600
Parker Washington (134747-137516),WR,0.302,1.5,7100
Kenneth Walker III (134747-103342),RB,0.2449,33.4,8500
Derrick Henry (134747-39280),RB,0.2417,14.9,9100
Jaxon Smith-Njigba (134747-129458),WR,0.2381,10.1,9500
Jordan Addison (134747-129210),WR,0.227,7.1,6500
Travis Kelce (134747-33076),TE,0.2145,2.5,5500
Chicago Bears (134747-12527),D,0.2045,7.0,3500
Michael Wilson (134747-89612),WR,0.2042,13.0,6200
Tee Higgins (134747-89981),WR,0.1996,24.2,6900
Brock Bowers (134747-151794),TE,0.1937,17.6,7200
Braelon Allen (134747-158412),RB,0.1898,7.7,5700
Christian McCaffrey (134747-55050),RB,0.1841,14.5,8800
Minnesota Vikings (134747-12540),D,0.176,8.0,5000
Nico Collins (134747-91419),WR,0.174,30.3,7400
Christian Watson (134747-169776),WR,0.1454,6.2,7200
Josh Allen (134747-62239),QB,0.1261,19.52,9100
Matthew Golden (134747-166916),WR,0.121,10.2,6300
D'Andre Swift (134747-91598),RB,0.1191,6.4,7300
Zay Flowers (134747-112295),WR,0.1181,24.8,7300
Garrett Wilson (134747-103564),WR,0.1148,4.2,7600
C.J. Stroud (134747-129471),QB,0.1148,26.08,7000
Ja'Marr Chase (134747-85701),WR,0.1112,4.2,9100
James Cook III (134747-91626),RB,0.1085,15.3,8200
Trevor Lawrence (134747-89951),QB,0.106,13.08,7900
Luther Burden III (134747-166092),WR,0.1026,9.4,5800
Dontayvion Wicks (134747-110457),WR,0.1009,3.3,5900
Cam Skattebo (134747-183240),RB,0.1008,7.1,7100
George Kittle (134747-39793),TE,0.1,15.0,6700
CeeDee Lamb (134747-86631),WR,0.0978,35.8,8500
Isaiah Likely (134747-87260),TE,0.0963,10.1,5100
T.J. Hockenson (134747-71706),TE,0.0919,21.4,4900
Tampa Bay Buccaneers (134747-12551),D,0.0871,5.0,3200
David Montgomery (134747-73273),RB,0.083,4.3,6500
Chase Brown (134747-89493),RB,0.0818,13.6,7600
DJ Moore (134747-63043),WR,0.0768,2.2,6700
Trey McBride (134747-91750),TE,0.075,6.6,7400
Dalton Kincaid (134747-145558),TE,0.0704,1.2,6100
Patrick Mahomes (134747-57439),QB,0.0688,17.0,8000
Bhayshul Tuten (134747-160620),RB,0.0684,10.1,6800
Joe Burrow (134747-63336),QB,0.0676,28.72,8200
Jakobi Meyers (134747-63634),WR,0.0651,4.8,5700
Kalif Raymond (134747-70422),WR,0.0601,1.6,5200
Ashton Jeanty (134747-167031),RB,0.0579,15.6,7800
New York Jets (134747-12544),D,0.0576,5.0,3200
Jacoby Brissett (134747-30231),QB,0.0575,13.44,6800
Las Vegas Raiders (134747-12537),D,0.0572,1.0,3100
Sam Darnold (134747-63589),QB,0.0569,14.32,7500
Brock Purdy (134747-85607),QB,0.0569,19.62,8300
Malik Nabers (134747-151761),WR,0.0537,23.2,6800
George Pickens (134747-110246),WR,0.0528,8.5,7900
Dak Prescott (134747-31716),QB,0.0477,21.1,8100
Rashee Rice (134747-111311),WR,0.0468,0.0,7500
Davante Adams (134747-45889),WR,0.0466,5.2,8300
Jaylen Waddle (134747-90573),WR,0.0462,12.0,6600
Emanuel Wilson (134747-185861),RB,0.0461,25.5,5600
Dalton Schultz (134747-55042),TE,0.0448,1.9,5600
Seattle Seahawks (134747-12550),D,0.0443,12.0,4700
Bucky Irving (134747-152664),RB,0.0442,6.1,7400
Buffalo Bills (134747-12526),D,0.0441,4.0,4200
Kyler Murray (134747-63484),QB,0.044,11.48,7200
Mark Andrews (134747-52436),TE,0.0433,11.2,5200
Lamar Jackson (134747-63115),QB,0.0425,18.88,8700
Arizona Cardinals (134747-12546),D,0.0417,9.0,3900
Kenyon Sadiq (134747-184873),TE,0.0415,0.0,5300
Emeka Egbuka (134747-152655),WR,0.0403,2.3,5900
Kyren Williams (134747-104433),RB,0.0394,31.7,7900
Matthew Stafford (134747-6654),QB,0.0383,14.68,7800
Baltimore Ravens (134747-12555),D,0.0373,6.0,4900
Puka Nacua (134747-103020),WR,0.037,26.2,9000
Brenton Strange (134747-103587),TE,0.0362,13.0,5100
Mack Hollins (134747-25267),WR,0.0361,6.8,5700
Cincinnati Bengals (134747-12528),D,0.0345,4.0,3300
Los Angeles Chargers (134747-12548),D,0.034,4.0,3100
Tyler Higbee (134747-47870),TE,0.0323,9.2,4600
Deebo Samuel Sr. (134747-56018),WR,0.0311,15.5,7000
Mike Gesicki (134747-56265),TE,0.0293,11.5,5100
Tre Tucker (134747-103619),WR,0.0286,6.4,5800
Javonte Williams (134747-93541),RB,0.0282,28.8,7500
Green Bay Packers (134747-12533),D,0.0277,8.0,4800
Jordan Love (134747-69017),QB,0.0271,14.08,7700
Miami Dolphins (134747-12539),D,0.0259,5.0,3000
Los Angeles Rams (134747-12538),D,0.0251,5.0,4100
Khalil Shakir (134747-86518),WR,0.0248,9.7,5700
Tucker Kraft (134747-160303),TE,0.0242,13.5,5800
Geno Smith (134747-26483),QB,0.0237,8.76,6900
Saquon Barkley (134747-64401),RB,0.0216,1.5,8000
Malik Washington (134747-110974),WR,0.0209,9.5,5600
Kyle Monangai (134747-144102),RB,0.0203,30.5,6100
Carnell Tate (134747-183756),WR,0.0202,20.0,5600
Romeo Doubs (134747-94370),WR,0.0198,20.8,5500
Tyson Bagent (134747-185776),QB,0.0191,9.82,6700
AJ Barner (134747-137953),TE,0.019,1.7,4900
Wan'Dale Robinson (134747-103539),WR,0.0186,9.5,5300
Rhamondre Stevenson (134747-111540),RB,0.0185,16.9,5700
Jake Ferguson (134747-89680),TE,0.0185,2.6,5400
Makai Lemon (134747-183380),WR,0.0176,4.2,5500
Ollie Gordon II (134747-166112),RB,0.0176,20.0,5900
TreVeyon Henderson (134747-152647),RB,0.0175,4.2,6200
Jacksonville Jaguars (134747-12554),D,0.0167,7.0,3800
George Holani (134747-114231),RB,0.0166,2.5,4800
New York Giants (134747-12543),D,0.0159,14.0,3600
Kirk Cousins (134747-22038),QB,0.0155,26.6,7300
Jameis Winston (134747-24849),QB,0.0151,20.0,6500
Drake Maye (134747-152316),QB,0.0151,27.16,7400
Xavier Worthy (134747-158974),WR,0.0151,9.0,5700
Dallas Cowboys (134747-12530),D,0.0148,1.0,3400
Courtland Sutton (134747-57403),WR,0.0141,0.9,6000
Jalon Daniels (134747-135811),QB,0.0138,13.42,6400
Bo Nix (134747-102965),QB,0.0137,13.56,7600
Cooper Kupp (134747-79970),WR,0.0133,1.8,5400
Houston Texans (134747-12556),D,0.0132,4.0,4000
Rashod Bateman (134747-85845),WR,0.0132,5.6,5800
Tony Pollard (134747-63759),RB,0.0121,12.0,5800
Rome Odunze (134747-120033),WR,0.0118,12.4,6100
Colston Loveland (134747-166588),TE,0.0117,8.7,5700
Ryan Flournoy (134747-201233),WR,0.0106,5.7,5100
J.K. Dobbins (134747-87787),RB,0.0101,6.2,6300
Hunter Henry (134747-40845),TE,0.0097,8.7,5000
Tennessee Titans (134747-12534),D,0.0096,2.0,3000
Zach Ertz (134747-29780),TE,0.009,2.3,4800
Kansas City Chiefs (134747-12536),D,0.009,4.0,4600
Jauan Jennings (134747-61593),WR,0.0089,1.3,5400
Jalen Hurts (134747-69531),QB,0.0088,13.52,8500
Quentin Johnston (134747-120639),WR,0.0086,4.5,5400
Ladd McConkey (134747-133472),WR,0.0083,0.0,6400
Case Keenum (134747-22994),QB,0.0082,0.0,6400
Marvin Harrison Jr. (134747-152651),WR,0.0082,7.7,5500
San Francisco 49ers (134747-12549),D,0.0082,3.0,4500
Brian Thomas Jr. (134747-151745),WR,0.0081,8.7,5500
Chris Bell (134747-170825),WR,0.007,0.0,4900
RJ Harvey (134747-110484),RB,0.0065,14.3,5800
Chris Godwin Jr. (134747-55635),WR,0.0065,6.1,5400
Woody Marks (134747-138774),RB,0.0063,8.2,5600
Omarion Hampton (134747-174215),RB,0.0054,12.3,7200
Pat Bryant (134747-155551),WR,0.0052,6.2,5300
Xavier Hutchinson (134747-119788),WR,0.0051,6.1,5600
Denver Broncos (134747-12531),D,0.005,2.0,4300
Tre' Harris (134747-129546),WR,0.0049,7.5,5400
Rashid Shaheed (134747-170287),WR,0.0044,11.8,5100
MarShawn Lloyd (134747-119697),RB,0.0043,7.4,5400
Joshua Palmer (134747-87418),WR,0.0042,0.8,4800
Mike Evans (134747-32384),WR,0.0041,10.1,7500
Cade Otton (134747-86811),TE,0.0041,5.7,4900
DeMario Douglas (134747-111876),WR,0.0041,2.5,5100
Cody White (134747-92890),WR,0.004,6.6,4900
Ted Hurst III (134747-206341),WR,0.0037,3.5,5300
Isaiah Williams (134747-112041),WR,0.0037,14.3,4900
Blake Corum (134747-137967),RB,0.0036,2.6,6000
Philadelphia Eagles (134747-12545),D,0.0036,5.0,4400
Michael Mayer (134747-138998),TE,0.0035,12.2,4700
Tyquan Thornton (134747-89220),WR,0.0032,28.6,5000
New England Patriots (134747-12541),D,0.0031,5.0,3700
Jordan Watkins (134747-134014),WR,0.0031,0.0,5200
Justin Herbert (134747-69189),QB,0.0028,11.56,7100
Malik Willis (134747-87691),QB,0.0028,2.5,6600
Jaylen Wright (134747-152103),RB,0.0027,0.7,5900
Oronde Gadsden II (134747-158438),TE,0.0025,6.3,5000
Konata Mumpfield (134747-154000),WR,0.0024,1.2,5200
Keon Coleman (134747-157467),WR,0.0024,23.6,5300
Mike Washington Jr. (134747-154008),RB,0.0024,2.2,5000
Brandin Cooks (134747-29501),WR,0.0023,0.0,5600
Greg Dulcich (134747-91931),TE,0.0023,0.0,4800
Evan Engram (134747-41872),TE,0.0022,1.1,5000
Cam Ward (134747-168356),QB,0.0022,16.58,6500
Kayshon Boutte (134747-119653),WR,0.0022,5.1,5300
Kenny Gainwell (134747-90912),RB,0.002,9.7,4900
Josh Cameron (134747-158529),WR,0.002,5.2,4600
Dohnte Meyers (134747-241064),WR,0.0018,11.7,4800
Keaton Mitchell (134747-134023),RB,0.0017,8.8,5200
Darius Cooper (134747-226859),WR,0.0016,16.8,4600
Skyy Moore (134747-112062),WR,0.0016,0.3,4800
Darnell Mooney (134747-69777),WR,0.0016,0.0,5200
Malachi Fields (134747-156740),WR,0.0016,12.2,5100
Kendrick Bourne (134747-80289),WR,0.0016,0.0,5100
Chris Rodriguez Jr. (134747-87127),RB,0.0015,9.5,5300
Najee Harris (134747-90575),RB,0.0015,3.0,4900
Jalen Nailor (134747-92859),WR,0.0015,0.0,5000
Ryan Miller (134747-95370),TE,0.0015,0.0,4400
Theo Wease Jr. (134747-103083),WR,0.0014,0.0,4000
Isaiah Davis (134747-160213),RB,0.0014,0.0,4700
Ty Johnson (134747-63050),RB,0.0013,2.2,5200
Dawson Knox (134747-64585),TE,0.0013,2.3,4600
Jeremy Ruckert (134747-87815),TE,0.0013,0.0,4500
KaVontae Turpin (134747-60957),WR,0.0012,0.0,4700
Justice Hill (134747-71521),RB,0.0012,3.5,4700
Tyler Allgeier (134747-90428),RB,0.0012,11.9,5400
Tory Horton (134747-134837),WR,0.0011,7.1,4800
Cole Kmet (134747-91047),TE,0.0011,2.3,4800
Phil Mafah (134747-152522),RB,0.0011,0.0,4100
Kaelon Black (134747-167881),RB,0.0011,1.3,5000
Elic Ayomanor (134747-172861),WR,0.001,2.7,5000
DeVonta Smith (134747-90576),WR,0.001,0.0,7700
Foster Moreau (134747-60712),TE,0.001,0.6,4300
Kyle Juszczyk (134747-39428),RB,0.0009,3.8,4200
Sterling Shepard (134747-27477),WR,0.0009,0.0,4500
Kyle Williams (134747-136538),WR,0.0009,0.0,4500
Nate Adkins (134747-173626),TE,0.0009,0.0,4300
Emmett Johnson (134747-166860),RB,0.0008,1.5,5100
Jawhar Jordan (134747-103308),RB,0.0008,0.0,4200
Matt Hibner (134747-138039),TE,0.0008,4.4,4300
Tai Felton (134747-152537),WR,0.0007,1.9,4300
Kaleb Johnson (134747-168916),RB,0.0007,2.2,5300
Samaje Perine (134747-52451),RB,0.0006,0.7,4700
Gunnar Helm (134747-152148),TE,0.0006,3.0,4700
Jonnu Smith (134747-48116),TE,0.0005,2.4,4600
Noah Gray (134747-93143),TE,0.0005,2.7,4500
Jared Wayne (134747-112101),WR,0.0005,0.0,4700
Jaylin Noel (134747-152007),WR,0.0005,10.4,5300
Jalen Royals (134747-176467),WR,0.0005,0.0,4600
Velus Jones Jr. (134747-70661),WR,0.0005,0.0,4000
Davis Allen (134747-102831),TE,0.0004,0.0,4400
Justin Jefferson (134747-85671),WR,0.0004,0.0,8000
J. Michael Sturdivant (134747-157973),WR,0.0004,0.0,4400
Mitch Tinsley (134747-128912),WR,0.0004,6.4,4100
Tank Bigsby (134747-128693),RB,0.0004,5.5,5500
Tyjae Spears (134747-107293),RB,0.0004,1.1,4800
Troy Franklin (134747-151903),WR,0.0004,0.0,4800
Eli Raridon (134747-176734),TE,0.0004,1.7,4100
Devin Singletary (134747-70603),RB,0.0004,0.0,4800
Calvin Ridley (134747-64555),WR,0.0004,1.8,4900
Bo Melton (134747-92606),WR,0.0003,0.0,4200
Malik McClain (134747-152333),WR,0.0003,0.0,4000
Travis Hunter (134747-184184),WR,0.0003,0.0,4500
Drew Lock (134747-64051),QB,0.0003,0.0,6200
Tez Johnson (134747-128624),WR,0.0003,3.7,5000
Marvin Mims Jr. (134747-120093),WR,0.0003,-0.5,4900
Devontez Walker (134747-156527),WR,0.0003,2.4,4700
Kevin Coleman Jr. (134747-183828),WR,0.0003,0.8,4400
Demond Claiborne (134747-171217),RB,0.0003,1.2,4900
Malik Davis (134747-86047),RB,0.0003,0.0,4000
David Njoku (134747-55335),TE,0.0003,0.0,4000
Jadarian Price (134747-169381),RB,0.0003,0.0,5500
Gunner Olszewski (134747-104577),WR,0.0003,0.0,4000
Justin Shorter (134747-86203),WR,0.0003,0.0,4000
Ben Yurosek (134747-133180),TE,0.0003,0.0,4000
David Sills V (134747-61555),WR,0.0003,0.0,4000
Graham Mertz (134747-103591),QB,0.0003,0.0,6000
Myles Montgomery (134747-152754),RB,0.0003,0.0,4000
Chris Brooks (134747-91488),RB,0.0002,4.0,4500
Johnny Mundt (134747-40371),TE,0.0002,0.0,4700
Tyler Johnson (134747-68712),WR,0.0002,0.0,4200
Eric Saubert (134747-79980),TE,0.0002,0.0,4200
Myles Price (134747-137139),WR,0.0002,1.8,4200
Shedrick Jackson (134747-87668),WR,0.0002,0.0,4000
Ronnie Bell (134747-91401),WR,0.0002,0.0,4000
Drew Sample (134747-56711),TE,0.0002,0.0,4300
DJ Herman (134747-159649),RB,0.0002,0.0,4000
Jonathan Mingo (134747-112192),WR,0.0002,0.0,4100
Kimani Vidal (134747-128633),RB,0.0002,10.6,4300
Jelani Woods (134747-87469),TE,0.0002,1.6,4100
Jahdae Walker (134747-193004),WR,0.0002,0.0,4600
Theo Johnson (134747-128810),TE,0.0002,7.6,4600
Bam Knight (134747-103252),RB,0.0002,0.0,4000
Chimere Dike (134747-129112),WR,0.0002,2.0,4300
LaJohntay Wester (134747-138649),WR,0.0001,0.0,4500
Luke Schoonmaker (134747-91417),TE,0.0001,0.0,4200
Odell Beckham Jr. (134747-31360),WR,0.0001,0.0,4300
Zavion Thomas (134747-173994),WR,0.0001,0.0,4300
Tyler Goodson (134747-105648),RB,0.0001,1.2,4500
Elijah Arroyo (134747-152258),TE,0.0001,0.0,4200
Elijah Higgins (134747-102986),TE,0.0001,8.9,4300
Will Shipley (134747-152520),RB,0.0001,2.3,5100
Tutu Atwell (134747-92976),WR,0.0001,1.3,4700
Elijah Moore (134747-88575),WR,0.0001,0.0,4200
Xavier Restrepo (134747-129560),WR,0.0001,0.0,4000
Jordan Whittington (134747-103195),WR,0.0001,0.9,5200
Jacob Cowing (134747-114530),WR,0.0001,0.2,5100
Kene Nwangwu (134747-73247),RB,0.0001,0.0,4000
Greg Dortch (134747-69558),WR,0.0001,0.0,4300
Brevyn Spann-Ford (134747-85842),TE,0.0001,0.0,4200
Braxton Berrios (134747-52495),WR,0.0001,0.0,4200
Ameer Abdullah (134747-27229),RB,0.0001,0.0,4400
Tyrone Tracy Jr. (134747-86153),RB,0.0001,-0.1,4600
Marquez Valdes-Scantling (134747-40647),WR,0.0001,0.0,4200
DeeJay Dallas (134747-94087),RB,0.0001,1.5,4600
Sam Roush (134747-166253),TE,0.0001,1.3,4400
Michael Bandy (134747-154661),WR,0.0001,0.0,4000
Adam Trautman (134747-130270),TE,0.0001,0.0,4500
Carlos Washington Jr. (134747-174148),RB,0.0001,0.0,4200
Tyler Badie (134747-94887),RB,0.0001,6.9,4600
Marcus Jones (134747-92166),WR,0.0001,0.0,4000
Jackson Hawes (134747-200291),TE,0.0001,0.0,4100
Sean Tucker (134747-137059),RB,0.0001,7.0,4400
Nate Boerkircher (134747-129422),TE,0.0001,2.0,4200
Malik Benson (134747-183410),WR,0.0001,0.0,4200
Kameron Johnson (134747-201535),WR,0.0001,0.8,4100
Quintin Morris (134747-90123),TE,0.0001,0.0,4100
Simi Fehoko (134747-89613),WR,0.0001,0.0,4000
Jacardia Wright (134747-111300),RB,0.0001,0.0,4000
J.J. McCarthy (134747-152575),QB,0.0001,0.0,6000
Patrick Herbert (134747-104661),TE,0.0001,0.0,4100
Matt Orzech (134747-104019),TE,0.0001,0.0,4000
Efton Chism III (134747-131835),WR,0.0001,11.2,4100
Jaydon Blue (134747-166801),RB,0.0001,0.0,4300
Erick All Jr. (134747-103378),TE,0.0001,0.0,4500
Roschon Johnson (134747-103187),RB,0.0001,2.8,4600
Alec Ingold (134747-63717),RB,0.0001,0.0,4000
Jaret Patterson (134747-88699),RB,0.0001,0.0,4000
Breece Hall (134747-103064),RB,0.0001,0.0,7000
Brady Russell (134747-87844),TE,0.0001,0.0,4200
Daniel Bellinger (134747-90307),TE,0.0001,0.7,4200
Gavin Bartholomew (134747-152363),TE,0.0001,0.9,4000
Adonai Mitchell (134747-151789),WR,0.0001,0.0,5200
Jalen Reagor (134747-94625),WR,0.0001,0.0,4000
Dareke Young (134747-169834),WR,0.0001,-0.6,4100
Luke Farrell (134747-73176),TE,0.0001,0.0,4300
Tanner Hudson (134747-83117),TE,0.0001,0.7,4200
Ray Davis (134747-103694),RB,0.0001,1.2,4400
Durham Smythe (134747-42046),TE,0.0001,0.0,4100
Max Klare (134747-175504),TE,0.0001,0.0,4000
Cyrus Allen (134747-169046),WR,0.0001,0.0,4400
Chris Moore (134747-33047),WR,0.0001,0.0,5000
Josh Cuevas (134747-183404),TE,0.0001,0.0,4000
Dean Connors (134747-168217),RB,0.0,0.0,4000
Frank Gore Jr. (134747-139284),RB,0.0,0.0,4200
Corey Kiner (134747-151740),RB,0.0,0.0,4500
Xavier Gipson (134747-112455),WR,0.0,0.0,4000
Kolbe Katsis (134747-243761),WR,0.0,0.0,4000
Josh Whyle (134747-86255),TE,0.0,0.0,4100
Nikko Remigio (134747-91481),WR,0.0,0.0,4100
Cade Stover (134747-111637),TE,0.0,2.5,4100
Keleki Latu (134747-157975),TE,0.0,0.0,4000
Marlin Klein (134747-177614),TE,0.0,0.0,4000
Zavier Scott (134747-92677),RB,0.0,0.0,4300
Lucas Krull (134747-86075),TE,0.0,0.0,4000
Bryce Oliver (134747-87109),WR,0.0,0.0,4000
Lan Larison (134747-131266),RB,0.0,0.0,4000
Salvon Ahmed (134747-86780),RB,0.0,0.0,4000
Drake Dabney (134747-137017),TE,0.0,0.0,4000
Evan Hull (134747-110978),RB,0.0,0.0,4000
Tommy DeVito (134747-94748),QB,0.0,0.0,6000
Brenden Bates (134747-87117),TE,0.0,0.0,4000
Deven Thompkins (134747-94481),WR,0.0,0.0,4000
Jalen Brooks (134747-138277),WR,0.0,0.0,4200
Caleb Douglas (134747-172647),WR,0.0,0.0,5000
Andrew Armstrong (134747-183290),WR,0.0,0.0,4000
Dare Ogunbowale (134747-28827),RB,0.0,0.0,4000
Hayden Rucci (134747-114079),TE,0.0,0.0,4000
Josiah Deguara (134747-61112),TE,0.0,0.0,4200
John Saunders Jr. (134747-129147),WR,0.0,0.0,4000
Rasheen Ali (134747-137488),RB,0.0,0.0,4100
Jalen Tolbert (134747-88548),WR,0.0,0.0,4500
Hunter Long (134747-93075),TE,0.0,1.5,4000
Colby Parkinson (134747-89588),TE,0.0,0.0,5200
Andy Dalton (134747-14225),QB,0.0,0.0,6300
Alex Bachman (134747-64634),WR,0.0,0.0,4300
Terrance Ferguson (134747-151915),TE,0.0,0.0,5300
Devin Duvernay (134747-71032),WR,0.0,0.0,4000
Sincere McCormick (134747-104054),RB,0.0,0.0,4000
Charlie Jones (134747-88752),WR,0.0,0.0,4100
Adam Prentice (134747-65231),RB,0.0,0.0,4400
Dallas Goedert (134747-83074),TE,0.0,0.0,5000
KhaDarel Hodge (134747-85306),WR,0.0,0.0,4200
Easton Stick (134747-103824),QB,0.0,0.0,6000
Xavier Smith (134747-113096),WR,0.0,0.0,4800
E.J. Jenkins (134747-151737),TE,0.0,0.0,4400
Tanner Conner (134747-170188),TE,0.0,0.0,4000
Stephen Gosnell (134747-129302),WR,0.0,0.0,4000
Michael Carter (134747-93539),RB,0.0,0.0,4000
Jerome Ford (134747-90533),RB,0.0,0.0,4000
Jack Stoll (134747-69451),TE,0.0,0.0,4000
Khalil Dinkins (134747-155629),TE,0.0,0.0,4000
Connor Heyward (134747-92882),TE,0.0,1.0,4000
Patrick Ricard (134747-80299),RB,0.0,0.6,4100
Cole Turner (134747-94345),TE,0.0,0.0,4000
De'Von Achane (134747-138820),RB,0.0,0.0,7000
Britain Covey (134747-64147),WR,0.0,0.0,4400
Trent Sherfield Sr. (134747-56059),WR,0.0,0.0,4000
Jared Wiley (134747-103192),TE,0.0,0.0,4000
Gage Larvadain (134747-157609),WR,0.0,0.0,4000
Jake Briningstool (134747-152526),TE,0.0,0.0,4300
Kyle Dixon (134747-243760),WR,0.0,0.0,4000
Zaire Mitchell-Paden (134747-153957),TE,0.0,0.0,4000
Emari Demercado (134747-94579),RB,0.0,0.0,4500
Tanner Koziol (134747-167306),TE,0.0,0.0,4000
Caleb Williams (134747-152113),QB,0.0,0.0,7500
J'Mari Taylor (134747-225850),RB,0.0,0.0,4000
Carson Wentz (134747-70324),QB,0.0,0.0,6000
Ian Thomas (134747-72515),TE,0.0,10.2,4100
Dameon Pierce (134747-86055),RB,0.0,0.0,4000
Jordan Hudson (134747-166977),WR,0.0,0.0,4000
Josh Kelly (134747-109007),WR,0.0,0.0,4000
Damon Bankston (134747-208360),RB,0.0,0.0,4000
Reggie Gilliam (134747-70426),RB,0.0,0.0,4000
Jalin Hyatt (134747-139094),WR,0.0,0.0,4000
Ja'Mori Maclin (134747-119642),WR,0.0,0.0,4000
Isaiah Neyor (134747-110617),WR,0.0,0.0,4000
Brashard Smith (134747-155775),RB,0.0,0.0,4200
Israel Abanikanda (134747-129219),RB,0.0,0.0,4000
Tim Jones (134747-89437),WR,0.0,0.0,4000
Julian Hicks (134747-90501),WR,0.0,0.0,4000
Cameron Dorner (134747-231015),WR,0.0,0.0,4000
LeQuint Allen Jr. (134747-166749),RB,0.0,0.0,4200
Will Kacmarek (134747-157490),TE,0.0,2.0,4100
Nick Singleton (134747-166898),RB,0.0,0.2,4300
Harrison Wallace III (134747-152593),WR,0.0,0.0,4000
James Winchester (134747-42077),TE,0.0,0.0,4000
British Brooks (134747-93540),RB,0.0,0.0,4000
K.J. Osborn (134747-63855),WR,0.0,0.0,4000
Tanner McKee (134747-89607),QB,0.0,0.0,6000
Garrett Greene (134747-120684),WR,0.0,0.0,4000
James Mitchell (134747-85986),TE,0.0,0.0,4000
Brevin Jordan (134747-94094),TE,0.0,1.8,4000
Hunter Luepke (134747-185863),RB,0.0,0.7,4300
Cody Schrader (134747-166095),RB,0.0,0.0,4000
Chandler Brayboy (134747-226525),WR,0.0,0.0,4000
Kentrel Bullock (134747-137495),RB,0.0,0.0,4000
Gardner Minshew II (134747-61798),QB,0.0,0.0,6000
Justin Joly (134747-177644),TE,0.0,0.0,4000
Trebor Pena (134747-137058),WR,0.0,0.0,4000
Dean Patterson IV (134747-154730),WR,0.0,0.0,4000
Jaydn Ott (134747-166118),RB,0.0,0.0,4000
Lil'Jordan Humphrey (134747-71031),WR,0.0,0.0,4600
Justin Fields (134747-91591),QB,0.0,0.0,6000
JP Richardson (134747-152014),WR,0.0,0.0,4000
Jonathan Ward (134747-69068),RB,0.0,0.0,4000
Tyren Montgomery (134747-243158),WR,0.0,0.0,4000
Gary Jennings (134747-63061),WR,0.0,0.0,4000
Ke'Shawn Williams (134747-138854),WR,0.0,0.0,4000
Will Sheppard (134747-129641),WR,0.0,0.0,4000
Austin Trammell (134747-88685),WR,0.0,0.0,4000
Jordan Moore (134747-152232),WR,0.0,0.0,4000
Max Bredeson (134747-158511),RB,0.0,0.0,4000
Tahj Brooks (134747-137122),RB,0.0,0.0,4000
Omari Evans (134747-166894),WR,0.0,0.0,4000
Mark Redman (134747-120035),TE,0.0,3.9,4000
A.J. Brown (134747-72846),WR,0.0,0.0,4000
Sean Clifford (134747-86200),QB,0.0,0.0,6000
Bauer Sharp (134747-158916),TE,0.0,0.0,4000
Payne Durham (134747-93391),TE,0.0,0.0,4100
Will Levis (134747-86243),QB,0.0,0.0,6000
Dane Key (134747-166434),WR,0.0,0.0,4000
Baker Mayfield (134747-41535),QB,0.0,0.0,7000
Brennan Presley (134747-137889),WR,0.0,0.0,4000
Skyler Bell (134747-158402),WR,0.0,0.0,4000
Gregory Desrosiers (134747-152295),RB,0.0,0.0,4000
Roman Hemby (134747-156400),RB,0.0,0.0,4000
Camden Brown (134747-170769),WR,0.0,0.0,4000
Xavier Guillory (134747-178011),WR,0.0,0.0,4000
Cam Grandy (134747-201564),TE,0.0,0.0,4000
Carson Steele (134747-156523),RB,0.0,0.0,4000
Derius Davis (134747-94621),WR,0.0,-0.9,4100
Elijah Sarratt (134747-184917),WR,0.0,1.8,4300
Fernando Mendoza (134747-175137),QB,0.0,0.0,6000
Tyrod Taylor (134747-14377),QB,0.0,0.0,6000
Jack Endries (134747-175154),TE,0.0,0.0,4000
Nick Kallerup (134747-103506),TE,0.0,0.0,4000
Wesley Grimes (134747-171212),WR,0.0,0.0,4000
Joe Milton III (134747-91390),QB,0.0,0.0,6000
Josh Williams (134747-110868),RB,0.0,0.0,4000
Joel Wilson (134747-90480),TE,0.0,0.0,4000
Mac Jones (134747-90584),QB,0.0,0.0,6000
Jarrett Stidham (134747-60947),QB,0.0,0.0,6300
Joe Flacco (134747-6714),QB,0.0,0.0,6000
Brayden Willis (134747-86612),TE,0.0,0.0,4000
Lewis Bond (134747-152219),WR,0.0,0.0,4200
Dominique Robinson (134747-87731),WR,0.0,0.0,4000
Anthony Smith (134747-133900),WR,0.0,0.0,4000
Kyle Allen (134747-53095),QB,0.0,0.0,6000
Kendall Milton (134747-119672),RB,0.0,0.0,4000
William Wagner (134747-114591),TE,0.0,0.0,4000
Hendon Hooker (134747-85983),QB,0.0,0.0,6000
Montorie Foster Jr. (134747-138220),WR,0.0,0.0,4000
Tyler Huntley (134747-70051),QB,0.0,4.12,6000
Daniel Sobkowicz (134747-243752),WR,0.0,0.0,4000
Thomas Fidone II (134747-152628),TE,0.0,0.0,4000
CJ Williams (134747-168005),WR,0.0,0.0,4000
Andrew Beck (134747-54426),TE,0.0,0.0,4000
Quinn Ewers (134747-160938),QB,0.0,0.0,6000
Emmanuel Henderson Jr. (134747-174263),WR,0.0,0.0,4000
Will Pauling (134747-152756),WR,0.0,0.0,4000
Aidan O'Connell (134747-93382),QB,0.0,0.0,6000
Eric Rivers Jr. (134747-185699),WR,0.0,0.0,4000
Jordan Waters (134747-110954),RB,0.0,0.0,4000
Dalen Cambre (134747-114054),WR,0.0,0.0,4000
Al-Jay Henderson (134747-154020),RB,0.0,0.0,4000
Quincy Skinner Jr. (134747-155096),WR,0.0,0.0,4000
Dylan Laube (134747-201230),RB,0.0,0.0,4200
Dillon Bell (134747-173606),WR,0.0,0.0,4000
Stephen Carlson (134747-104008),TE,0.0,0.0,4000
Tre Watson (134747-156374),TE,0.0,0.0,4000
AJ Henning (134747-137966),WR,0.0,0.0,4000
Josh Johnson (134747-8023),QB,0.0,0.0,6000
Jordan James (134747-175021),RB,0.0,0.0,4200
Patrick Gurd (134747-138164),TE,0.0,0.0,4000
CJ Daniels (134747-136172),WR,0.0,0.0,4200
Ricky White III (134747-138221),WR,0.0,0.0,4000
Michael Trigg (134747-157858),TE,0.0,0.0,4000
Shane Buechele (134747-69833),QB,0.0,0.0,6000
Julius Chestnut (134747-170184),RB,0.0,0.0,4000
Evan Svoboda (134747-167124),TE,0.0,0.0,4000
Jamaal Pritchett (134747-169185),WR,0.0,0.0,4000
Brenen Thompson (134747-174329),WR,0.0,0.0,4200
David Martin-Robinson (134747-92479),TE,0.0,0.0,4000
Demarcus Robinson (134747-38264),WR,0.0,0.0,4000
Ricky Pearsall (134747-102796),WR,0.0,0.0,4000
Cameron Latu (134747-90522),TE,0.0,0.0,4000
Christian Kirk (134747-60858),WR,0.0,0.0,4000
Cody Hardy (134747-225739),TE,0.0,0.0,4000
Qadir Ismail (134747-173518),WR,0.0,0.0,4000
Michael Briscoe (134747-243160),WR,0.0,0.0,4000
Michael Wortham (134747-188900),WR,0.0,0.0,4000
Dallen Bentley (134747-191983),TE,0.0,0.0,4000
Kedon Slovis (134747-102933),QB,0.0,0.0,6000
Chris Manhertz (134747-18009),TE,0.0,0.0,4000
Nick Mullens (134747-41562),QB,0.0,0.0,6000
Joey Aguilar (134747-187015),QB,0.0,0.0,6000
Grant Finley (134747-252655),RB,0.0,0.0,4000
Dan Villari (134747-137965),TE,0.0,0.0,4000
Brock Lampe (134747-156426),RB,0.0,0.0,4000
Mitchell Fraboni (134747-58189),TE,0.0,0.0,4000
Jalen Milroe (134747-154462),QB,0.0,0.0,6000
Rocco Underwood (134747-157579),TE,0.0,0.0,4000
Andrew DePaola (134747-23435),TE,0.0,0.0,4000
Noah Thomas (134747-176025),WR,0.0,0.0,4000
Jarquez Hunter (134747-156596),RB,0.0,0.0,4200
Sam Howell (134747-104576),QB,0.0,0.0,6000
Jack Bech (134747-151741),WR,0.0,0.0,4500
Trey Lance (134747-149696),QB,0.0,0.0,6000
Kaden Davis (134747-170208),WR,0.0,0.0,4000
Jalen McMillan (134747-120042),WR,0.0,0.0,4700
Tank Dell (134747-129291),WR,0.0,0.0,4000
Reggie Virgil (134747-171332),WR,0.0,0.0,4000
Jayden Reed (134747-89455),WR,0.0,0.0,4500
Tanner Arkin (134747-157051),TE,0.0,0.0,4000
Cade Klubnik (134747-166314),QB,0.0,0.0,6000
Stetson Bennett IV (134747-91583),QB,0.0,0.0,6300
Ty Pezza (134747-243161),TE,0.0,0.0,4000
Davis Mills (134747-89628),QB,0.0,0.0,6000
Amar Johnson (134747-160287),RB,0.0,0.0,4000
Beau Gardner (134747-141956),TE,0.0,0.0,4000
Trey Benson (134747-142042),RB,0.0,0.0,4000
Calvin Austin III (134747-90870),WR,0.0,0.0,4000
Nate Carter (134747-128765),RB,0.0,0.0,4000
Jake Haener (134747-86793),QB,0.0,0.0,6000
Savion Williams (134747-120642),WR,0.0,0.0,4000
Teagan Quitoriano (134747-93026),TE,0.0,0.0,4000
Ty Simpson (134747-166781),QB,0.0,0.0,6000
Matthew Caldwell (134747-160669),QB,0.0,0.0,6000
Chip Trayanum (134747-119718),RB,0.0,0.0,4000
CJ Dippre (134747-152540),TE,0.0,0.0,4000
Jake Bobo (134747-93150),WR,0.0,0.0,4000
Colbie Young (134747-178158),WR,0.0,0.0,4400
DJ Uiagalelei (134747-129010),QB,0.0,0.0,6000
