Rank,EntryId,EntryName,Points,Lineup
1054,3738946878,gst1999 (112/150),178.72,"QB Joe Burrow (134747-63336), RB Aaron Jones Sr. (134747-40442), RB Bhayshul Tuten (134747-160620), WR CeeDee Lamb (134747-86631), WR Ja'Marr Chase (134747-85701), WR Tee Higgins (134747-89981), TE T.J. Hockenson (134747-71706), RB Emanuel Wilson (134747-185861), D New York Giants (134747-12543)"
3978,3738946835,gst1999 (91/150),166.68,"QB C.J. Stroud (134747-129471), RB Javonte Williams (134747-93541), RB Aaron Jones Sr. (134747-40442), WR Nico Collins (134747-91419), WR Puka Nacua (134747-103020), WR Jordan Addison (134747-129210), TE Dalton Schultz (134747-55042), RB Emanuel Wilson (134747-185861), D Baltimore Ravens (134747-12555)"
4518,3738946708,gst1999 (46/150),166.12,"QB Josh Allen (134747-62239), RB Kenneth Walker III (134747-103342), RB James Cook III (134747-91626), WR Matthew Golden (134747-166916), WR Khalil Shakir (134747-86518), WR Romeo Doubs (134747-94370), TE Mike Gesicki (134747-56265), RB Kyren Williams (134747-104433), D New York Giants (134747-12543)"
5249,3738946713,gst1999 (47/150),164.8,"QB Dak Prescott (134747-31716), RB Christian McCaffrey (134747-55050), RB Javonte Williams (134747-93541), WR Nico Collins (134747-91419), WR CeeDee Lamb (134747-86631), WR Dontayvion Wicks (134747-110457), TE T.J. Hockenson (134747-71706), TE Jake Ferguson (134747-89680), D Chicago Bears (134747-12527)"
14614,3738946636,gst1999 (32/150),154.3,"QB Kirk Cousins (134747-22038), RB Kenneth Walker III (134747-103342), RB James Cook III (134747-91626), WR Nico Collins (134747-91419), WR Michael Wilson (134747-89612), WR Jalen Nailor (134747-92859), TE Brock Bowers (134747-151794), TE Isaiah Likely (134747-87260), D Minnesota Vikings (134747-12540)"
15348,3738946808,gst1999 (76/150),153.78,"QB C.J. Stroud (134747-129471), RB Kenneth Walker III (134747-103342), RB Cam Skattebo (134747-183240), WR Nico Collins (134747-91419), WR CeeDee Lamb (134747-86631), WR Jordan Addison (134747-129210), TE Dalton Schultz (134747-55042), TE Isaiah Likely (134747-87260), D Denver Broncos (134747-12531)"
16072,3738946863,gst1999 (102/150),153.3,"QB Dak Prescott (134747-31716), RB Chase Brown (134747-89493), RB Kyren Williams (134747-104433), WR Nico Collins (134747-91419), WR CeeDee Lamb (134747-86631), WR Emeka Egbuka (134747-152655), TE Dalton Schultz (134747-55042), TE Jake Ferguson (134747-89680), D New York Giants (134747-12543)"
19365,3738946641,gst1999 (33/150),150.78,"QB C.J. Stroud (134747-129471), RB Javonte Williams (134747-93541), RB Braelon Allen (134747-158412), WR Christian Watson (134747-169776), WR Nico Collins (134747-91419), WR Tee Higgins (134747-89981), TE Brock Bowers (134747-151794), TE Dalton Schultz (134747-55042), D Minnesota Vikings (134747-12540)"
19495,3738946866,gst1999 (104/150),150.68,"QB C.J. Stroud (134747-129471), RB Derrick Henry (134747-39280), RB Javonte Williams (134747-93541), WR Nico Collins (134747-91419), WR Tee Higgins (134747-89981), WR Michael Wilson (134747-89612), TE Dalton Schultz (134747-55042), WR Ted Hurst III (134747-206341), D Minnesota Vikings (134747-12540)"
22154,3738946678,gst1999 (40/150),149.32,"QB Joe Burrow (134747-63336), RB Kenneth Walker III (134747-103342), RB Derrick Henry (134747-39280), WR Tee Higgins (134747-89981), WR Dontayvion Wicks (134747-110457), WR Brian Thomas Jr. (134747-151745), TE Brock Bowers (134747-151794), TE Mike Gesicki (134747-56265), D Chicago Bears (134747-12527)"
24220,3738946555,gst1999 (13/150),148.72,"QB Josh Allen (134747-62239), RB James Cook III (134747-91626), RB Kyren Williams (134747-104433), WR Puka Nacua (134747-103020), WR Tee Higgins (134747-89981), WR Joshua Palmer (134747-87418), TE Isaiah Likely (134747-87260), RB Rhamondre Stevenson (134747-111540), D Cincinnati Bengals (134747-12528)"
26321,3738946944,gst1999 (142/150),147.82,"QB Brock Purdy (134747-85607), RB Ashton Jeanty (134747-167031), RB D'Andre Swift (134747-91598), WR Tee Higgins (134747-89981), WR Jaylen Waddle (134747-90573), WR Deebo Samuel Sr. (134747-56018), TE George Kittle (134747-39793), RB Emanuel Wilson (134747-185861), D New York Giants (134747-12543)"
28208,3738946716,gst1999 (48/150),146.8,"QB Kirk Cousins (134747-22038), RB Kenneth Walker III (134747-103342), RB Emanuel Wilson (134747-185861), WR Jaxon Smith-Njigba (134747-129458), WR Davante Adams (134747-45889), WR Jalen Nailor (134747-92859), TE Brock Bowers (134747-151794), TE T.J. Hockenson (134747-71706), D Chicago Bears (134747-12527)"
31571,3738946824,gst1999 (84/150),145.32,"QB Joe Burrow (134747-63336), RB Kenneth Walker III (134747-103342), RB Bhayshul Tuten (134747-160620), WR Ja'Marr Chase (134747-85701), WR Tee Higgins (134747-89981), WR Michael Wilson (134747-89612), TE T.J. Hockenson (134747-71706), WR Dontayvion Wicks (134747-110457), D Chicago Bears (134747-12527)"
33008,3738946870,gst1999 (107/150),144.82,"QB Brock Purdy (134747-85607), RB Ashton Jeanty (134747-167031), RB RJ Harvey (134747-110484), WR Puka Nacua (134747-103020), WR Matthew Golden (134747-166916), WR Deebo Samuel Sr. (134747-56018), TE George Kittle (134747-39793), TE T.J. Hockenson (134747-71706), D Jacksonville Jaguars (134747-12554)"
35728,3738946644,gst1999 (34/150),143.6,"QB Kirk Cousins (134747-22038), RB Ashton Jeanty (134747-167031), RB Kyren Williams (134747-104433), WR Puka Nacua (134747-103020), WR Michael Wilson (134747-89612), WR Tre Tucker (134747-103619), TE Brock Bowers (134747-151794), TE Travis Kelce (134747-33076), D Los Angeles Chargers (134747-12548)"
49544,3738946859,gst1999 (100/150),140.6,"QB Dak Prescott (134747-31716), RB David Montgomery (134747-73273), RB Emanuel Wilson (134747-185861), WR Jaxon Smith-Njigba (134747-129458), WR CeeDee Lamb (134747-86631), WR George Pickens (134747-110246), TE Isaiah Likely (134747-87260), TE Mark Andrews (134747-52436), D New York Giants (134747-12543)"
52256,3738946822,gst1999 (83/150),139.8,"QB Dak Prescott (134747-31716), RB Kenneth Walker III (134747-103342), RB David Montgomery (134747-73273), WR Garrett Wilson (134747-103564), WR Nico Collins (134747-91419), WR George Pickens (134747-110246), TE T.J. Hockenson (134747-71706), TE Jake Ferguson (134747-89680), D New York Giants (134747-12543)"
53024,3738946802,gst1999 (74/150),139.52,"QB Joe Burrow (134747-63336), RB Kenneth Walker III (134747-103342), RB Aaron Jones Sr. (134747-40442), WR Tee Higgins (134747-89981), WR Parker Washington (134747-137516), WR Dontayvion Wicks (134747-110457), TE Isaiah Likely (134747-87260), TE Mike Gesicki (134747-56265), D Seattle Seahawks (134747-12550)"
56782,3738946876,gst1999 (110/150),138.48,"QB C.J. Stroud (134747-129471), RB D'Andre Swift (134747-91598), RB David Montgomery (134747-73273), WR Christian Watson (134747-169776), WR Nico Collins (134747-91419), WR CeeDee Lamb (134747-86631), TE Dalton Schultz (134747-55042), RB Emanuel Wilson (134747-185861), D Denver Broncos (134747-12531)"
61421,3738946831,gst1999 (89/150),137.18,"QB C.J. Stroud (134747-129471), RB Javonte Williams (134747-93541), RB Aaron Jones Sr. (134747-40442), WR Jaxon Smith-Njigba (134747-129458), WR Nico Collins (134747-91419), WR Jordan Addison (134747-129210), TE Dalton Schultz (134747-55042), TE Isaiah Likely (134747-87260), D Minnesota Vikings (134747-12540)"
71562,3738946883,gst1999 (116/150),135.18,"QB C.J. Stroud (134747-129471), RB Jeremiyah Love (134747-188171), RB Cam Skattebo (134747-183240), WR Garrett Wilson (134747-103564), WR Nico Collins (134747-91419), WR CeeDee Lamb (134747-86631), TE Dalton Schultz (134747-55042), WR Rashid Shaheed (134747-170287), D Seattle Seahawks (134747-12550)"
73943,3738946872,gst1999 (108/150),134.52,"QB Sam Darnold (134747-63589), RB Derrick Henry (134747-39280), RB Omarion Hampton (134747-174215), WR CeeDee Lamb (134747-86631), WR Cooper Kupp (134747-79970), WR Rashid Shaheed (134747-170287), TE Isaiah Likely (134747-87260), RB Emanuel Wilson (134747-185861), D Minnesota Vikings (134747-12540)"
74107,3738946751,gst1999 (56/150),134.48,"QB C.J. Stroud (134747-129471), RB Javonte Williams (134747-93541), RB David Montgomery (134747-73273), WR Nico Collins (134747-91419), WR Puka Nacua (134747-103020), WR Dontayvion Wicks (134747-110457), TE Trey McBride (134747-91750), TE Dalton Schultz (134747-55042), D Chicago Bears (134747-12527)"
76665,3738946681,gst1999 (41/150),133.88,"QB C.J. Stroud (134747-129471), RB Javonte Williams (134747-93541), RB Bhayshul Tuten (134747-160620), WR Jaxon Smith-Njigba (134747-129458), WR Garrett Wilson (134747-103564), WR Nico Collins (134747-91419), TE Dalton Schultz (134747-55042), TE T.J. Hockenson (134747-71706), D Las Vegas Raiders (134747-12537)"
84684,3738946787,gst1999 (67/150),132.1,"QB Kirk Cousins (134747-22038), RB Christian McCaffrey (134747-55050), RB Kyren Williams (134747-104433), WR Rashee Rice (134747-111311), WR Makai Lemon (134747-183380), WR Jalen Nailor (134747-92859), TE Brock Bowers (134747-151794), RB Emanuel Wilson (134747-185861), D Seattle Seahawks (134747-12550)"
84944,3738946920,gst1999 (134/150),132.02,"QB Joe Burrow (134747-63336), RB Aaron Jones Sr. (134747-40442), RB Bhayshul Tuten (134747-160620), WR Ja'Marr Chase (134747-85701), WR Tee Higgins (134747-89981), WR Ted Hurst III (134747-206341), TE George Kittle (134747-39793), RB Emanuel Wilson (134747-185861), D Baltimore Ravens (134747-12555)"
85324,3738946918,gst1999 (132/150),131.92,"QB Brock Purdy (134747-85607), RB Jeremiyah Love (134747-188171), RB Emanuel Wilson (134747-185861), WR CeeDee Lamb (134747-86631), WR Deebo Samuel Sr. (134747-56018), WR Courtland Sutton (134747-57403), TE Trey McBride (134747-91750), TE George Kittle (134747-39793), D Jacksonville Jaguars (134747-12554)"
88918,3738946966,gst1999 (149/150),131.22,"QB Sam Darnold (134747-63589), RB Kyren Williams (134747-104433), RB Omarion Hampton (134747-174215), WR Malik Nabers (134747-151761), WR Cooper Kupp (134747-79970), WR Rashid Shaheed (134747-170287), TE Trey McBride (134747-91750), RB Emanuel Wilson (134747-185861), D Kansas City Chiefs (134747-12536)"
96932,3738946921,gst1999 (135/150),129.62,"QB Brock Purdy (134747-85607), RB Derrick Henry (134747-39280), RB Kyren Williams (134747-104433), WR Deebo Samuel Sr. (134747-56018), WR Rashod Bateman (134747-85845), WR Courtland Sutton (134747-57403), TE George Kittle (134747-39793), TE T.J. Hockenson (134747-71706), D Los Angeles Rams (134747-12538)"
102917,3738946887,gst1999 (118/150),128.6,"QB Dak Prescott (134747-31716), RB D'Andre Swift (134747-91598), RB Jeremiyah Love (134747-188171), WR Nico Collins (134747-91419), WR CeeDee Lamb (134747-86631), WR Jordan Addison (134747-129210), TE Jake Ferguson (134747-89680), RB RJ Harvey (134747-110484), D Los Angeles Rams (134747-12538)"
103875,3738946853,gst1999 (97/150),128.48,"QB C.J. Stroud (134747-129471), RB Javonte Williams (134747-93541), RB Jeremiyah Love (134747-188171), WR Garrett Wilson (134747-103564), WR Christian Watson (134747-169776), WR Nico Collins (134747-91419), TE Dalton Schultz (134747-55042), WR Michael Wilson (134747-89612), D Seattle Seahawks (134747-12550)"
113260,3738946819,gst1999 (82/150),127.02,"QB Joe Burrow (134747-63336), RB Ashton Jeanty (134747-167031), RB Bhayshul Tuten (134747-160620), WR Garrett Wilson (134747-103564), WR Puka Nacua (134747-103020), WR Tee Higgins (134747-89981), TE Travis Kelce (134747-33076), TE Mike Gesicki (134747-56265), D Los Angeles Chargers (134747-12548)"
123138,3738946704,gst1999 (45/150),125.4,"QB Patrick Mahomes (134747-57439), RB D'Andre Swift (134747-91598), RB Emanuel Wilson (134747-185861), WR Jaxon Smith-Njigba (134747-129458), WR Nico Collins (134747-91419), WR Xavier Worthy (134747-158974), TE Brock Bowers (134747-151794), TE Travis Kelce (134747-33076), D Chicago Bears (134747-12527)"
126624,3738946620,gst1999 (29/150),124.92,"QB Joe Burrow (134747-63336), RB Christian McCaffrey (134747-55050), RB Kyren Williams (134747-104433), WR Davante Adams (134747-45889), WR Tee Higgins (134747-89981), WR Dontayvion Wicks (134747-110457), TE Mike Gesicki (134747-56265), WR Jakobi Meyers (134747-63634), D Las Vegas Raiders (134747-12537)"
129494,3738946521,gst1999 (5/150),124.52,"QB Josh Allen (134747-62239), RB James Cook III (134747-91626), RB Rhamondre Stevenson (134747-111540), WR Jaxon Smith-Njigba (134747-129458), WR Puka Nacua (134747-103020), WR Joshua Palmer (134747-87418), TE Tyler Higbee (134747-47870), RB Emanuel Wilson (134747-185861), D Las Vegas Raiders (134747-12537)"
129494,3738946849,gst1999 (96/150),124.52,"QB Brock Purdy (134747-85607), RB Ashton Jeanty (134747-167031), RB RJ Harvey (134747-110484), WR Puka Nacua (134747-103020), WR Deebo Samuel Sr. (134747-56018), WR Makai Lemon (134747-183380), TE Isaiah Likely (134747-87260), TE George Kittle (134747-39793), D Buffalo Bills (134747-12526)"
131252,3738946530,gst1999 (7/150),124.28,"QB C.J. Stroud (134747-129471), RB Javonte Williams (134747-93541), RB David Montgomery (134747-73273), WR Jaxon Smith-Njigba (134747-129458), WR Nico Collins (134747-91419), WR Makai Lemon (134747-183380), TE Brock Bowers (134747-151794), TE Dalton Schultz (134747-55042), D Las Vegas Raiders (134747-12537)"
137574,3738946740,gst1999 (53/150),123.38,"QB C.J. Stroud (134747-129471), RB Ashton Jeanty (134747-167031), RB Javonte Williams (134747-93541), WR Garrett Wilson (134747-103564), WR Nico Collins (134747-91419), WR Makai Lemon (134747-183380), TE Dalton Schultz (134747-55042), RB David Montgomery (134747-73273), D Minnesota Vikings (134747-12540)"
143115,3738946904,gst1999 (124/150),122.52,"QB Brock Purdy (134747-85607), RB Kyren Williams (134747-104433), RB Jeremiyah Love (134747-188171), WR Christian Watson (134747-169776), WR Matthew Golden (134747-166916), WR Deebo Samuel Sr. (134747-56018), TE George Kittle (134747-39793), RB RJ Harvey (134747-110484), D Buffalo Bills (134747-12526)"
143731,3738946728,gst1999 (50/150),122.42,"QB Josh Allen (134747-62239), RB James Cook III (134747-91626), RB Christian McCaffrey (134747-55050), WR Jaxon Smith-Njigba (134747-129458), WR Khalil Shakir (134747-86518), WR Romeo Doubs (134747-94370), TE Isaiah Likely (134747-87260), TE T.J. Hockenson (134747-71706), D Las Vegas Raiders (134747-12537)"
143731,3738946898,gst1999 (122/150),122.42,"QB Joe Burrow (134747-63336), RB Javonte Williams (134747-93541), RB Bhayshul Tuten (134747-160620), WR Ja'Marr Chase (134747-85701), WR Tee Higgins (134747-89981), WR Rashee Rice (134747-111311), TE T.J. Hockenson (134747-71706), WR Jalen Nailor (134747-92859), D Los Angeles Rams (134747-12538)"
144076,3738946699,gst1999 (44/150),122.38,"QB C.J. Stroud (134747-129471), RB Christian McCaffrey (134747-55050), RB Javonte Williams (134747-93541), WR Garrett Wilson (134747-103564), WR Nico Collins (134747-91419), WR Jordan Addison (134747-129210), TE Dalton Schultz (134747-55042), TE Travis Kelce (134747-33076), D Jacksonville Jaguars (134747-12554)"
146750,3738946889,gst1999 (119/150),122.02,"QB Brock Purdy (134747-85607), RB Derrick Henry (134747-39280), RB D'Andre Swift (134747-91598), WR Matthew Golden (134747-166916), WR Jaylen Waddle (134747-90573), WR Deebo Samuel Sr. (134747-56018), TE George Kittle (134747-39793), TE T.J. Hockenson (134747-71706), D Jacksonville Jaguars (134747-12554)"
152171,3738946689,gst1999 (42/150),121.32,"QB Josh Allen (134747-62239), RB James Cook III (134747-91626), RB Christian McCaffrey (134747-55050), WR Nico Collins (134747-91419), WR Emeka Egbuka (134747-152655), WR Khalil Shakir (134747-86518), TE Dalton Schultz (134747-55042), WR Romeo Doubs (134747-94370), D Jacksonville Jaguars (134747-12554)"
152950,3738946614,gst1999 (28/150),121.22,"QB Josh Allen (134747-62239), RB James Cook III (134747-91626), RB Christian McCaffrey (134747-55050), WR Matthew Golden (134747-166916), WR Tee Higgins (134747-89981), WR Mack Hollins (134747-25267), TE Dalton Kincaid (134747-145558), RB Emanuel Wilson (134747-185861), D Cincinnati Bengals (134747-12528)"
153640,3738946938,gst1999 (141/150),121.12,"QB Brock Purdy (134747-85607), RB Christian McCaffrey (134747-55050), RB Javonte Williams (134747-93541), WR Matthew Golden (134747-166916), WR Deebo Samuel Sr. (134747-56018), WR Courtland Sutton (134747-57403), TE George Kittle (134747-39793), TE Jake Ferguson (134747-89680), D New York Giants (134747-12543)"
157568,3738946891,gst1999 (120/150),120.6,"QB Dak Prescott (134747-31716), RB Bhayshul Tuten (134747-160620), RB David Montgomery (134747-73273), WR Christian Watson (134747-169776), WR CeeDee Lamb (134747-86631), WR Jordan Addison (134747-129210), TE T.J. Hockenson (134747-71706), TE Jake Ferguson (134747-89680), D Seattle Seahawks (134747-12550)"
159935,3738946746,gst1999 (54/150),120.3,"QB Patrick Mahomes (134747-57439), RB Kenneth Walker III (134747-103342), RB David Montgomery (134747-73273), WR Puka Nacua (134747-103020), WR Dontayvion Wicks (134747-110457), WR Xavier Worthy (134747-158974), TE Brock Bowers (134747-151794), TE Travis Kelce (134747-33076), D Chicago Bears (134747-12527)"
164616,3738946749,gst1999 (55/150),119.68,"QB Matthew Stafford (134747-6654), RB Kenneth Walker III (134747-103342), RB Jeremiyah Love (134747-188171), WR Davante Adams (134747-45889), WR Puka Nacua (134747-103020), WR Dontayvion Wicks (134747-110457), TE Travis Kelce (134747-33076), TE T.J. Hockenson (134747-71706), D Chicago Bears (134747-12527)"
169790,3738946893,gst1999 (121/150),119.02,"QB Brock Purdy (134747-85607), RB Christian McCaffrey (134747-55050), RB Aaron Jones Sr. (134747-40442), WR Christian Watson (134747-169776), WR Deebo Samuel Sr. (134747-56018), WR Courtland Sutton (134747-57403), TE George Kittle (134747-39793), RB Emanuel Wilson (134747-185861), D Jacksonville Jaguars (134747-12554)"
170849,3738946694,gst1999 (43/150),118.9,"QB Kirk Cousins (134747-22038), RB Kenneth Walker III (134747-103342), RB D'Andre Swift (134747-91598), WR Ja'Marr Chase (134747-85701), WR Matthew Golden (134747-166916), WR Tre Tucker (134747-103619), TE Brock Bowers (134747-151794), TE Isaiah Likely (134747-87260), D Cincinnati Bengals (134747-12528)"
185682,3738946575,gst1999 (18/150),118.42,"QB Josh Allen (134747-62239), RB Kenneth Walker III (134747-103342), RB James Cook III (134747-91626), WR Puka Nacua (134747-103020), WR Emeka Egbuka (134747-152655), WR Joshua Palmer (134747-87418), TE Isaiah Likely (134747-87260), WR Mack Hollins (134747-25267), D Cincinnati Bengals (134747-12528)"
185682,3738946847,gst1999 (95/150),118.42,"QB Brock Purdy (134747-85607), RB D'Andre Swift (134747-91598), RB Kyren Williams (134747-104433), WR Garrett Wilson (134747-103564), WR Jaylen Waddle (134747-90573), WR Deebo Samuel Sr. (134747-56018), TE George Kittle (134747-39793), WR Jalen Nailor (134747-92859), D New York Giants (134747-12543)"
188497,3738946549,gst1999 (12/150),118.12,"QB Josh Allen (134747-62239), RB Kenneth Walker III (134747-103342), RB James Cook III (134747-91626), WR Garrett Wilson (134747-103564), WR Joshua Palmer (134747-87418), WR Romeo Doubs (134747-94370), TE Brock Bowers (134747-151794), TE Travis Kelce (134747-33076), D Cincinnati Bengals (134747-12528)"
190858,3738946585,gst1999 (21/150),117.8,"QB Kirk Cousins (134747-22038), RB Kenneth Walker III (134747-103342), RB David Montgomery (134747-73273), WR Jaxon Smith-Njigba (134747-129458), WR Tre Tucker (134747-103619), WR Emeka Egbuka (134747-152655), TE Brock Bowers (134747-151794), TE Isaiah Likely (134747-87260), D Chicago Bears (134747-12527)"
191264,3738946571,gst1999 (17/150),117.72,"QB Josh Allen (134747-62239), RB James Cook III (134747-91626), RB Ashton Jeanty (134747-167031), WR Puka Nacua (134747-103020), WR DJ Moore (134747-63043), WR Romeo Doubs (134747-94370), TE Dalton Schultz (134747-55042), TE Tyler Higbee (134747-47870), D Chicago Bears (134747-12527)"
202598,3738946857,gst1999 (99/150),116.42,"QB Joe Burrow (134747-63336), RB Bhayshul Tuten (134747-160620), RB Emanuel Wilson (134747-185861), WR Christian Watson (134747-169776), WR Ja'Marr Chase (134747-85701), WR Tee Higgins (134747-89981), TE Travis Kelce (134747-33076), WR Michael Wilson (134747-89612), D Denver Broncos (134747-12531)"
202948,3738946525,gst1999 (6/150),116.4,"QB Dak Prescott (134747-31716), RB James Cook III (134747-91626), RB David Montgomery (134747-73273), WR CeeDee Lamb (134747-86631), WR Puka Nacua (134747-103020), WR Dontayvion Wicks (134747-110457), TE Jake Ferguson (134747-89680), WR Joshua Palmer (134747-87418), D Chicago Bears (134747-12527)"
206082,3738946603,gst1999 (25/150),116.02,"QB Josh Allen (134747-62239), RB James Cook III (134747-91626), RB Rhamondre Stevenson (134747-111540), WR Jaxon Smith-Njigba (134747-129458), WR Dontayvion Wicks (134747-110457), WR Joshua Palmer (134747-87418), TE Brock Bowers (134747-151794), RB Emanuel Wilson (134747-185861), D Chicago Bears (134747-12527)"
209059,3738946666,gst1999 (37/150),115.7,"QB Patrick Mahomes (134747-57439), RB Ashton Jeanty (134747-167031), RB Javonte Williams (134747-93541), WR Davante Adams (134747-45889), WR Nico Collins (134747-91419), WR Dontayvion Wicks (134747-110457), TE Travis Kelce (134747-33076), WR Xavier Worthy (134747-158974), D Cincinnati Bengals (134747-12528)"
209708,3738946946,gst1999 (143/150),115.62,"QB Joe Burrow (134747-63336), RB D'Andre Swift (134747-91598), RB Kyren Williams (134747-104433), WR Ja'Marr Chase (134747-85701), WR Tee Higgins (134747-89981), WR Parker Washington (134747-137516), TE Cade Otton (134747-86811), WR Malachi Fields (134747-156740), D Dallas Cowboys (134747-12530)"
211402,3738946877,gst1999 (111/150),115.42,"QB Joe Burrow (134747-63336), RB Bhayshul Tuten (134747-160620), RB Emanuel Wilson (134747-185861), WR Ja'Marr Chase (134747-85701), WR Matthew Golden (134747-166916), WR Tee Higgins (134747-89981), TE Trey McBride (134747-91750), TE Dalton Schultz (134747-55042), D Houston Texans (134747-12556)"
215381,3738946810,gst1999 (77/150),114.98,"QB Trevor Lawrence (134747-89951), RB Kenneth Walker III (134747-103342), RB Chase Brown (134747-89493), WR Garrett Wilson (134747-103564), WR Nico Collins (134747-91419), WR Parker Washington (134747-137516), TE Isaiah Likely (134747-87260), WR Jakobi Meyers (134747-63634), D Los Angeles Chargers (134747-12548)"
215834,3738946813,gst1999 (79/150),114.92,"QB Joe Burrow (134747-63336), RB Derrick Henry (134747-39280), RB Bhayshul Tuten (134747-160620), WR Davante Adams (134747-45889), WR Tee Higgins (134747-89981), WR Makai Lemon (134747-183380), TE Isaiah Likely (134747-87260), TE Mike Gesicki (134747-56265), D Baltimore Ravens (134747-12555)"
217191,3738946565,gst1999 (16/150),114.8,"QB Dak Prescott (134747-31716), RB David Montgomery (134747-73273), RB Emanuel Wilson (134747-185861), WR Jaxon Smith-Njigba (134747-129458), WR Davante Adams (134747-45889), WR CeeDee Lamb (134747-86631), TE Tyler Higbee (134747-47870), TE Jake Ferguson (134747-89680), D Las Vegas Raiders (134747-12537)"
219813,3738946873,gst1999 (109/150),114.48,"QB C.J. Stroud (134747-129471), RB Chase Brown (134747-89493), RB Aaron Jones Sr. (134747-40442), WR Nico Collins (134747-91419), WR Ja'Marr Chase (134747-85701), WR Michael Wilson (134747-89612), TE Dalton Schultz (134747-55042), TE Jake Ferguson (134747-89680), D Minnesota Vikings (134747-12540)"
223427,3738946865,gst1999 (103/150),114.02,"QB Joe Burrow (134747-63336), RB Jeremiyah Love (134747-188171), RB David Montgomery (134747-73273), WR Garrett Wilson (134747-103564), WR Ja'Marr Chase (134747-85701), WR Tee Higgins (134747-89981), TE T.J. Hockenson (134747-71706), TE Brenton Strange (134747-103587), D Minnesota Vikings (134747-12540)"
228832,3738946900,gst1999 (123/150),113.42,"QB Joe Burrow (134747-63336), RB Bhayshul Tuten (134747-160620), RB Omarion Hampton (134747-174215), WR Ja'Marr Chase (134747-85701), WR Matthew Golden (134747-166916), WR Tee Higgins (134747-89981), TE Jake Ferguson (134747-89680), WR Jordan Addison (134747-129210), D New York Giants (134747-12543)"
229297,3738946828,gst1999 (87/150),113.38,"QB Matthew Stafford (134747-6654), RB Kenneth Walker III (134747-103342), RB Bhayshul Tuten (134747-160620), WR Davante Adams (134747-45889), WR Puka Nacua (134747-103020), WR Makai Lemon (134747-183380), TE Travis Kelce (134747-33076), TE Isaiah Likely (134747-87260), D Chicago Bears (134747-12527)"
230745,3738946912,gst1999 (129/150),113.22,"QB Brock Purdy (134747-85607), RB Derrick Henry (134747-39280), RB Chase Brown (134747-89493), WR Deebo Samuel Sr. (134747-56018), WR Courtland Sutton (134747-57403), WR Makai Lemon (134747-183380), TE George Kittle (134747-39793), RB Emanuel Wilson (134747-185861), D Houston Texans (134747-12556)"
235613,3738946914,gst1999 (130/150),112.62,"QB Joe Burrow (134747-63336), RB Ashton Jeanty (134747-167031), RB Aaron Jones Sr. (134747-40442), WR Ja'Marr Chase (134747-85701), WR Tee Higgins (134747-89981), WR Parker Washington (134747-137516), TE Dalton Kincaid (134747-145558), TE T.J. Hockenson (134747-71706), D Dallas Cowboys (134747-12530)"
237593,3738946764,gst1999 (61/150),112.4,"QB Kirk Cousins (134747-22038), RB Kenneth Walker III (134747-103342), RB D'Andre Swift (134747-91598), WR Davante Adams (134747-45889), WR Matthew Golden (134747-166916), WR Jalen Nailor (134747-92859), TE Brock Bowers (134747-151794), RB Jeremiyah Love (134747-188171), D Chicago Bears (134747-12527)"
240400,3738946797,gst1999 (70/150),112.08,"QB Matthew Stafford (134747-6654), RB Kenneth Walker III (134747-103342), RB D'Andre Swift (134747-91598), WR Davante Adams (134747-45889), WR Puka Nacua (134747-103020), WR Mack Hollins (134747-25267), TE Isaiah Likely (134747-87260), TE Zach Ertz (134747-29780), D Chicago Bears (134747-12527)"
240729,3738946915,gst1999 (131/150),112.02,"QB Brock Purdy (134747-85607), RB Derrick Henry (134747-39280), RB D'Andre Swift (134747-91598), WR Jordan Addison (134747-129210), WR Deebo Samuel Sr. (134747-56018), WR Malachi Fields (134747-156740), TE George Kittle (134747-39793), RB RJ Harvey (134747-110484), D Jacksonville Jaguars (134747-12554)"
255898,3738946625,gst1999 (30/150),110.42,"QB Joe Burrow (134747-63336), RB Kenneth Walker III (134747-103342), RB Bhayshul Tuten (134747-160620), WR Garrett Wilson (134747-103564), WR Ja'Marr Chase (134747-85701), WR Makai Lemon (134747-183380), TE Isaiah Likely (134747-87260), TE Mike Gesicki (134747-56265), D Los Angeles Chargers (134747-12548)"
261980,3738946826,gst1999 (86/150),109.82,"QB Brock Purdy (134747-85607), RB RJ Harvey (134747-110484), RB Emanuel Wilson (134747-185861), WR Garrett Wilson (134747-103564), WR Davante Adams (134747-45889), WR Deebo Samuel Sr. (134747-56018), TE Travis Kelce (134747-33076), TE George Kittle (134747-39793), D Minnesota Vikings (134747-12540)"
263011,3738946910,gst1999 (128/150),109.72,"QB Brock Purdy (134747-85607), RB D'Andre Swift (134747-91598), RB Chase Brown (134747-89493), WR DJ Moore (134747-63043), WR Jaylen Waddle (134747-90573), WR Deebo Samuel Sr. (134747-56018), TE George Kittle (134747-39793), TE T.J. Hockenson (134747-71706), D Houston Texans (134747-12556)"
263761,3738946799,gst1999 (71/150),109.62,"QB Brock Purdy (134747-85607), RB Aaron Jones Sr. (134747-40442), RB RJ Harvey (134747-110484), WR Jaxon Smith-Njigba (134747-129458), WR Michael Wilson (134747-89612), WR Dontayvion Wicks (134747-110457), TE George Kittle (134747-39793), WR Deebo Samuel Sr. (134747-56018), D Buffalo Bills (134747-12526)"
263761,3738946926,gst1999 (138/150),109.62,"QB Brock Purdy (134747-85607), RB D'Andre Swift (134747-91598), RB Cam Skattebo (134747-183240), WR Parker Washington (134747-137516), WR Deebo Samuel Sr. (134747-56018), WR Malik Nabers (134747-151761), TE George Kittle (134747-39793), RB RJ Harvey (134747-110484), D Jacksonville Jaguars (134747-12554)"
265196,3738946855,gst1999 (98/150),109.48,"QB Matthew Stafford (134747-6654), RB Ashton Jeanty (134747-167031), RB Emanuel Wilson (134747-185861), WR Davante Adams (134747-45889), WR Puka Nacua (134747-103020), WR Matthew Golden (134747-166916), TE Zach Ertz (134747-29780), WR Cooper Kupp (134747-79970), D Minnesota Vikings (134747-12540)"
269247,3738946582,gst1999 (20/150),109.02,"QB Josh Allen (134747-62239), RB James Cook III (134747-91626), RB David Montgomery (134747-73273), WR Puka Nacua (134747-103020), WR Dontayvion Wicks (134747-110457), WR DJ Moore (134747-63043), TE Hunter Henry (134747-40845), RB Emanuel Wilson (134747-185861), D Cincinnati Bengals (134747-12528)"
274000,3738946882,gst1999 (115/150),108.58,"QB Trevor Lawrence (134747-89951), RB Derrick Henry (134747-39280), RB Christian McCaffrey (134747-55050), WR Tee Higgins (134747-89981), WR Parker Washington (134747-137516), WR Brian Thomas Jr. (134747-151745), TE T.J. Hockenson (134747-71706), TE Zach Ertz (134747-29780), D Minnesota Vikings (134747-12540)"
278379,3738946922,gst1999 (136/150),108.12,"QB Brock Purdy (134747-85607), RB Derrick Henry (134747-39280), RB Ashton Jeanty (134747-167031), WR Jaylen Waddle (134747-90573), WR Deebo Samuel Sr. (134747-56018), WR Skyy Moore (134747-112062), TE Dalton Kincaid (134747-145558), TE George Kittle (134747-39793), D New York Giants (134747-12543)"
284154,3738946579,gst1999 (19/150),107.52,"QB Josh Allen (134747-62239), RB James Cook III (134747-91626), RB Kyren Williams (134747-104433), WR Puka Nacua (134747-103020), WR Joshua Palmer (134747-87418), WR Mack Hollins (134747-25267), TE Dalton Schultz (134747-55042), RB David Montgomery (134747-73273), D Las Vegas Raiders (134747-12537)"
285552,3738946780,gst1999 (65/150),107.4,"QB Patrick Mahomes (134747-57439), RB Christian McCaffrey (134747-55050), RB Kyren Williams (134747-104433), WR Puka Nacua (134747-103020), WR Rashee Rice (134747-111311), WR Jalen Nailor (134747-92859), TE Travis Kelce (134747-33076), TE Mike Gesicki (134747-56265), D Los Angeles Chargers (134747-12548)"
294228,3738946919,gst1999 (133/150),106.52,"QB Brock Purdy (134747-85607), RB Derrick Henry (134747-39280), RB Jeremiyah Love (134747-188171), WR Christian Watson (134747-169776), WR Deebo Samuel Sr. (134747-56018), WR Courtland Sutton (134747-57403), TE George Kittle (134747-39793), TE T.J. Hockenson (134747-71706), D Jacksonville Jaguars (134747-12554)"
297436,3738946840,gst1999 (92/150),106.22,"QB Brock Purdy (134747-85607), RB RJ Harvey (134747-110484), RB MarShawn Lloyd (134747-119697), WR Jaxon Smith-Njigba (134747-129458), WR Christian Watson (134747-169776), WR Deebo Samuel Sr. (134747-56018), TE Isaiah Likely (134747-87260), TE George Kittle (134747-39793), D Minnesota Vikings (134747-12540)"
303599,3738946762,gst1999 (60/150),105.58,"QB Trevor Lawrence (134747-89951), RB Christian McCaffrey (134747-55050), RB Kyren Williams (134747-104433), WR Jaxon Smith-Njigba (134747-129458), WR Jakobi Meyers (134747-63634), WR Makai Lemon (134747-183380), TE Mike Gesicki (134747-56265), WR Brian Thomas Jr. (134747-151745), D Chicago Bears (134747-12527)"
306139,3738946509,gst1999 (2/150),105.32,"QB Brock Purdy (134747-85607), RB Christian McCaffrey (134747-55050), RB RJ Harvey (134747-110484), WR Christian Watson (134747-169776), WR Deebo Samuel Sr. (134747-56018), WR Khalil Shakir (134747-86518), TE Travis Kelce (134747-33076), TE George Kittle (134747-39793), D Minnesota Vikings (134747-12540)"
316199,3738946630,gst1999 (31/150),104.4,"QB Kirk Cousins (134747-22038), RB Derrick Henry (134747-39280), RB D'Andre Swift (134747-91598), WR Jaxon Smith-Njigba (134747-129458), WR Tre Tucker (134747-103619), WR Jalen Nailor (134747-92859), TE Travis Kelce (134747-33076), RB Emanuel Wilson (134747-185861), D Seattle Seahawks (134747-12550)"
317503,3738946775,gst1999 (64/150),104.28,"QB Trevor Lawrence (134747-89951), RB Kenneth Walker III (134747-103342), RB David Montgomery (134747-73273), WR Christian Watson (134747-169776), WR Parker Washington (134747-137516), WR Brian Thomas Jr. (134747-151745), TE Brock Bowers (134747-151794), TE Mike Gesicki (134747-56265), D Minnesota Vikings (134747-12540)"
321651,3738946868,gst1999 (105/150),103.88,"QB C.J. Stroud (134747-129471), RB Derrick Henry (134747-39280), RB D'Andre Swift (134747-91598), WR Christian Watson (134747-169776), WR Nico Collins (134747-91419), WR Parker Washington (134747-137516), TE Dalton Schultz (134747-55042), TE Jake Ferguson (134747-89680), D New York Giants (134747-12543)"
324838,3738946671,gst1999 (38/150),103.52,"QB Josh Allen (134747-62239), RB Derrick Henry (134747-39280), RB James Cook III (134747-91626), WR Tee Higgins (134747-89981), WR Dontayvion Wicks (134747-110457), WR Makai Lemon (134747-183380), TE Dalton Kincaid (134747-145558), RB Rhamondre Stevenson (134747-111540), D Cincinnati Bengals (134747-12528)"
325492,3738946861,gst1999 (101/150),103.48,"QB Trevor Lawrence (134747-89951), RB Chase Brown (134747-89493), RB Aaron Jones Sr. (134747-40442), WR Christian Watson (134747-169776), WR Nico Collins (134747-91419), WR Parker Washington (134747-137516), TE Mark Andrews (134747-52436), WR Jakobi Meyers (134747-63634), D Minnesota Vikings (134747-12540)"
330339,3738946800,gst1999 (72/150),102.98,"QB Trevor Lawrence (134747-89951), RB Ashton Jeanty (134747-167031), RB D'Andre Swift (134747-91598), WR Puka Nacua (134747-103020), WR Dontayvion Wicks (134747-110457), WR Jakobi Meyers (134747-63634), TE Brenton Strange (134747-103587), RB Chase Brown (134747-89493), D Chicago Bears (134747-12527)"
334523,3738946933,gst1999 (139/150),102.52,"QB Joe Burrow (134747-63336), RB Ashton Jeanty (134747-167031), RB MarShawn Lloyd (134747-119697), WR Ja'Marr Chase (134747-85701), WR Matthew Golden (134747-166916), WR Tee Higgins (134747-89981), TE Cade Otton (134747-86811), WR Parker Washington (134747-137516), D Los Angeles Rams (134747-12538)"
337360,3738946513,gst1999 (3/150),102.22,"QB Josh Allen (134747-62239), RB James Cook III (134747-91626), RB D'Andre Swift (134747-91598), WR Matthew Golden (134747-166916), WR Tee Higgins (134747-89981), WR Mack Hollins (134747-25267), TE Brock Bowers (134747-151794), TE Dalton Kincaid (134747-145558), D Las Vegas Raiders (134747-12537)"
339935,3738946517,gst1999 (4/150),102.0,"QB Patrick Mahomes (134747-57439), RB Kenneth Walker III (134747-103342), RB Bhayshul Tuten (134747-160620), WR Ja'Marr Chase (134747-85701), WR Xavier Worthy (134747-158974), WR Makai Lemon (134747-183380), TE Brock Bowers (134747-151794), TE Travis Kelce (134747-33076), D Los Angeles Chargers (134747-12548)"
343386,3738946590,gst1999 (22/150),101.62,"QB Josh Allen (134747-62239), RB James Cook III (134747-91626), RB Christian McCaffrey (134747-55050), WR Christian Watson (134747-169776), WR Jordan Addison (134747-129210), WR Joshua Palmer (134747-87418), TE Hunter Henry (134747-40845), RB Emanuel Wilson (134747-185861), D Kansas City Chiefs (134747-12536)"
352318,3738946754,gst1999 (58/150),100.8,"QB Kirk Cousins (134747-22038), RB Derrick Henry (134747-39280), RB Ashton Jeanty (134747-167031), WR Christian Watson (134747-169776), WR Luther Burden III (134747-166092), WR Jalen Nailor (134747-92859), TE Brock Bowers (134747-151794), TE Travis Kelce (134747-33076), D Minnesota Vikings (134747-12540)"
356540,3738946908,gst1999 (127/150),100.32,"QB Brock Purdy (134747-85607), RB Jeremiyah Love (134747-188171), RB RJ Harvey (134747-110484), WR Matthew Golden (134747-166916), WR Jordan Addison (134747-129210), WR Deebo Samuel Sr. (134747-56018), TE Trey McBride (134747-91750), TE George Kittle (134747-39793), D Baltimore Ravens (134747-12555)"
358067,3738946796,gst1999 (69/150),100.2,"QB Patrick Mahomes (134747-57439), RB Kenneth Walker III (134747-103342), RB D'Andre Swift (134747-91598), WR Michael Wilson (134747-89612), WR Dontayvion Wicks (134747-110457), WR Rashee Rice (134747-111311), TE Brock Bowers (134747-151794), TE Travis Kelce (134747-33076), D Chicago Bears (134747-12527)"
360962,3738946539,gst1999 (9/150),99.9,"QB Patrick Mahomes (134747-57439), RB Ashton Jeanty (134747-167031), RB Chase Brown (134747-89493), WR Davante Adams (134747-45889), WR Rashee Rice (134747-111311), WR Xavier Worthy (134747-158974), TE Isaiah Likely (134747-87260), TE T.J. Hockenson (134747-71706), D Minnesota Vikings (134747-12540)"
361482,3738946596,gst1999 (23/150),99.82,"QB Sam Darnold (134747-63589), RB Ashton Jeanty (134747-167031), RB Omarion Hampton (134747-174215), WR Jaxon Smith-Njigba (134747-129458), WR Christian Watson (134747-169776), WR Cooper Kupp (134747-79970), TE Isaiah Likely (134747-87260), TE T.J. Hockenson (134747-71706), D Minnesota Vikings (134747-12540)"
363196,3738946737,gst1999 (52/150),99.62,"QB Brock Purdy (134747-85607), RB Christian McCaffrey (134747-55050), RB Braelon Allen (134747-158412), WR Christian Watson (134747-169776), WR Deebo Samuel Sr. (134747-56018), WR Courtland Sutton (134747-57403), TE George Kittle (134747-39793), WR Malachi Fields (134747-156740), D Minnesota Vikings (134747-12540)"
372451,3738946804,gst1999 (75/150),98.7,"QB Dak Prescott (134747-31716), RB Kyren Williams (134747-104433), RB David Montgomery (134747-73273), WR Jaxon Smith-Njigba (134747-129458), WR Dontayvion Wicks (134747-110457), WR George Pickens (134747-110246), TE Isaiah Likely (134747-87260), TE Jake Ferguson (134747-89680), D Chicago Bears (134747-12527)"
377507,3738946818,gst1999 (81/150),98.18,"QB Matthew Stafford (134747-6654), RB Christian McCaffrey (134747-55050), RB David Montgomery (134747-73273), WR Davante Adams (134747-45889), WR Puka Nacua (134747-103020), WR Rashod Bateman (134747-85845), TE T.J. Hockenson (134747-71706), TE Zach Ertz (134747-29780), D Houston Texans (134747-12556)"
401857,3738946783,gst1999 (66/150),95.62,"QB Sam Darnold (134747-63589), RB Kenneth Walker III (134747-103342), RB D'Andre Swift (134747-91598), WR Jaxon Smith-Njigba (134747-129458), WR Christian Watson (134747-169776), WR Rashid Shaheed (134747-170287), TE Dalton Schultz (134747-55042), WR Quentin Johnston (134747-120639), D Chicago Bears (134747-12527)"
411377,3738946600,gst1999 (24/150),94.7,"QB Patrick Mahomes (134747-57439), RB Derrick Henry (134747-39280), RB James Cook III (134747-91626), WR Davante Adams (134747-45889), WR Tre Tucker (134747-103619), WR Xavier Worthy (134747-158974), TE Travis Kelce (134747-33076), TE T.J. Hockenson (134747-71706), D San Francisco 49ers (134747-12549)"
413003,3738946924,gst1999 (137/150),94.52,"QB Sam Darnold (134747-63589), RB Derrick Henry (134747-39280), RB Ashton Jeanty (134747-167031), WR Matthew Golden (134747-166916), WR Cooper Kupp (134747-79970), WR Rashid Shaheed (134747-170287), TE Trey McBride (134747-91750), RB Omarion Hampton (134747-174215), D Jacksonville Jaguars (134747-12554)"
424398,3738946881,gst1999 (114/150),93.32,"QB Brock Purdy (134747-85607), RB Christian McCaffrey (134747-55050), RB RJ Harvey (134747-110484), WR Christian Watson (134747-169776), WR Emeka Egbuka (134747-152655), WR Deebo Samuel Sr. (134747-56018), TE Dalton Schultz (134747-55042), TE George Kittle (134747-39793), D Buffalo Bills (134747-12526)"
425397,3738946792,gst1999 (68/150),93.2,"QB Kirk Cousins (134747-22038), RB Derrick Henry (134747-39280), RB David Montgomery (134747-73273), WR Jaxon Smith-Njigba (134747-129458), WR Matthew Golden (134747-166916), WR Jalen Nailor (134747-92859), TE Brock Bowers (134747-151794), TE Travis Kelce (134747-33076), D Chicago Bears (134747-12527)"
425544,3738946662,gst1999 (36/150),93.18,"QB Trevor Lawrence (134747-89951), RB Kenneth Walker III (134747-103342), RB D'Andre Swift (134747-91598), WR Matthew Golden (134747-166916), WR Parker Washington (134747-137516), WR Jakobi Meyers (134747-63634), TE Mike Gesicki (134747-56265), RB David Montgomery (134747-73273), D Minnesota Vikings (134747-12540)"
426838,3738942188,gst1999 (1/150),93.02,"QB Sam Darnold (134747-63589), RB Aaron Jones Sr. (134747-40442), RB David Montgomery (134747-73273), WR Jaxon Smith-Njigba (134747-129458), WR Jordan Addison (134747-129210), WR Tee Higgins (134747-89981), TE Travis Kelce (134747-33076), RB Braelon Allen (134747-158412), D Minnesota Vikings (134747-12540)"
427323,3738946816,gst1999 (80/150),92.98,"QB Trevor Lawrence (134747-89951), RB Kenneth Walker III (134747-103342), RB David Montgomery (134747-73273), WR Ja'Marr Chase (134747-85701), WR Parker Washington (134747-137516), WR Dontayvion Wicks (134747-110457), TE T.J. Hockenson (134747-71706), WR Jakobi Meyers (134747-63634), D Chicago Bears (134747-12527)"
430275,3738946955,gst1999 (146/150),92.62,"QB Sam Darnold (134747-63589), RB Derrick Henry (134747-39280), RB Ashton Jeanty (134747-167031), WR Cooper Kupp (134747-79970), WR Rashid Shaheed (134747-170287), WR Quentin Johnston (134747-120639), TE Dalton Kincaid (134747-145558), RB Christian McCaffrey (134747-55050), D New York Giants (134747-12543)"
433785,3738946830,gst1999 (88/150),92.28,"QB Trevor Lawrence (134747-89951), RB Chase Brown (134747-89493), RB Bhayshul Tuten (134747-160620), WR Jaxon Smith-Njigba (134747-129458), WR Garrett Wilson (134747-103564), WR Jakobi Meyers (134747-63634), TE T.J. Hockenson (134747-71706), TE Brenton Strange (134747-103587), D Denver Broncos (134747-12531)"
439481,3738946905,gst1999 (125/150),91.62,"QB Brock Purdy (134747-85607), RB Christian McCaffrey (134747-55050), RB Jeremiyah Love (134747-188171), WR Parker Washington (134747-137516), WR Deebo Samuel Sr. (134747-56018), WR Makai Lemon (134747-183380), TE George Kittle (134747-39793), RB RJ Harvey (134747-110484), D Dallas Cowboys (134747-12530)"
442744,3738946609,gst1999 (27/150),91.3,"QB Kirk Cousins (134747-22038), RB Derrick Henry (134747-39280), RB Omarion Hampton (134747-174215), WR Jaxon Smith-Njigba (134747-129458), WR Dontayvion Wicks (134747-110457), WR Jalen Nailor (134747-92859), TE Brock Bowers (134747-151794), TE Travis Kelce (134747-33076), D Cincinnati Bengals (134747-12528)"
448234,3738946546,gst1999 (11/150),90.72,"QB Josh Allen (134747-62239), RB James Cook III (134747-91626), RB Christian McCaffrey (134747-55050), WR Garrett Wilson (134747-103564), WR Emeka Egbuka (134747-152655), WR Joshua Palmer (134747-87418), TE Tyler Higbee (134747-47870), RB Rhamondre Stevenson (134747-111540), D Minnesota Vikings (134747-12540)"
449669,3738946832,gst1999 (90/150),90.58,"QB Trevor Lawrence (134747-89951), RB Derrick Henry (134747-39280), RB Chase Brown (134747-89493), WR Davante Adams (134747-45889), WR Michael Wilson (134747-89612), WR Jakobi Meyers (134747-63634), TE Brenton Strange (134747-103587), RB Jeremiyah Love (134747-188171), D Chicago Bears (134747-12527)"
474980,3738946674,gst1999 (39/150),87.52,"QB Josh Allen (134747-62239), RB James Cook III (134747-91626), RB Braelon Allen (134747-158412), WR Davante Adams (134747-45889), WR Matthew Golden (134747-166916), WR Mack Hollins (134747-25267), TE Brock Bowers (134747-151794), TE Dalton Kincaid (134747-145558), D Los Angeles Chargers (134747-12548)"
476741,3738946733,gst1999 (51/150),87.28,"QB Matthew Stafford (134747-6654), RB Braelon Allen (134747-158412), RB MarShawn Lloyd (134747-119697), WR Garrett Wilson (134747-103564), WR Davante Adams (134747-45889), WR Puka Nacua (134747-103020), TE Brock Bowers (134747-151794), WR Dontayvion Wicks (134747-110457), D Las Vegas Raiders (134747-12537)"
479987,3738946773,gst1999 (63/150),86.88,"QB Matthew Stafford (134747-6654), RB Christian McCaffrey (134747-55050), RB Braelon Allen (134747-158412), WR Davante Adams (134747-45889), WR Puka Nacua (134747-103020), WR Dontayvion Wicks (134747-110457), TE Dalton Schultz (134747-55042), WR Luther Burden III (134747-166092), D Los Angeles Chargers (134747-12548)"
481446,3738946843,gst1999 (93/150),86.68,"QB Trevor Lawrence (134747-89951), RB David Montgomery (134747-73273), RB RJ Harvey (134747-110484), WR Jaxon Smith-Njigba (134747-129458), WR Tee Higgins (134747-89981), WR Parker Washington (134747-137516), TE Travis Kelce (134747-33076), WR Brian Thomas Jr. (134747-151745), D Minnesota Vikings (134747-12540)"
490034,3738946825,gst1999 (85/150),85.68,"QB Matthew Stafford (134747-6654), RB Derrick Henry (134747-39280), RB RJ Harvey (134747-110484), WR Davante Adams (134747-45889), WR Puka Nacua (134747-103020), WR Makai Lemon (134747-183380), TE Dalton Schultz (134747-55042), WR Skyy Moore (134747-112062), D Houston Texans (134747-12556)"
498585,3738946811,gst1999 (78/150),84.5,"QB Patrick Mahomes (134747-57439), RB Ashton Jeanty (134747-167031), RB Aaron Jones Sr. (134747-40442), WR Garrett Wilson (134747-103564), WR Christian Watson (134747-169776), WR Matthew Golden (134747-166916), TE Travis Kelce (134747-33076), WR Rashee Rice (134747-111311), D New York Giants (134747-12543)"
504003,3738946536,gst1999 (8/150),83.72,"QB Josh Allen (134747-62239), RB James Cook III (134747-91626), RB Rhamondre Stevenson (134747-111540), WR Garrett Wilson (134747-103564), WR Davante Adams (134747-45889), WR Christian Watson (134747-169776), TE Cade Otton (134747-86811), WR Khalil Shakir (134747-86518), D Las Vegas Raiders (134747-12537)"
509221,3738946721,gst1999 (49/150),82.92,"QB Josh Allen (134747-62239), RB James Cook III (134747-91626), RB David Montgomery (134747-73273), WR Jaxon Smith-Njigba (134747-129458), WR Garrett Wilson (134747-103564), WR Khalil Shakir (134747-86518), TE Isaiah Likely (134747-87260), TE Hunter Henry (134747-40845), D Las Vegas Raiders (134747-12537)"
513216,3738946607,gst1999 (26/150),82.32,"QB Josh Allen (134747-62239), RB Derrick Henry (134747-39280), RB James Cook III (134747-91626), WR Davante Adams (134747-45889), WR Joshua Palmer (134747-87418), WR Mack Hollins (134747-25267), TE Mike Gesicki (134747-56265), RB David Montgomery (134747-73273), D Los Angeles Chargers (134747-12548)"
515921,3738946845,gst1999 (94/150),81.9,"QB Patrick Mahomes (134747-57439), RB Ashton Jeanty (134747-167031), RB Aaron Jones Sr. (134747-40442), WR Jaxon Smith-Njigba (134747-129458), WR Michael Wilson (134747-89612), WR Rashee Rice (134747-111311), TE Dalton Schultz (134747-55042), TE Travis Kelce (134747-33076), D Chicago Bears (134747-12527)"
517445,3738946968,gst1999 (150/150),81.72,"QB Sam Darnold (134747-63589), RB Chase Brown (134747-89493), RB Aaron Jones Sr. (134747-40442), WR Parker Washington (134747-137516), WR Cooper Kupp (134747-79970), WR Rashid Shaheed (134747-170287), TE Trey McBride (134747-91750), RB Omarion Hampton (134747-174215), D Los Angeles Rams (134747-12538)"
519973,3738946558,gst1999 (14/150),81.32,"QB Josh Allen (134747-62239), RB James Cook III (134747-91626), RB Christian McCaffrey (134747-55050), WR Garrett Wilson (134747-103564), WR DJ Moore (134747-63043), WR Mack Hollins (134747-25267), TE Isaiah Likely (134747-87260), RB Braelon Allen (134747-158412), D Las Vegas Raiders (134747-12537)"
523132,3738946759,gst1999 (59/150),80.88,"QB Trevor Lawrence (134747-89951), RB Chase Brown (134747-89493), RB Braelon Allen (134747-158412), WR Garrett Wilson (134747-103564), WR Christian Watson (134747-169776), WR Parker Washington (134747-137516), TE Brock Bowers (134747-151794), TE Brenton Strange (134747-103587), D Buffalo Bills (134747-12526)"
523496,3738946961,gst1999 (148/150),80.82,"QB Sam Darnold (134747-63589), RB Christian McCaffrey (134747-55050), RB Omarion Hampton (134747-174215), WR Ja'Marr Chase (134747-85701), WR Cooper Kupp (134747-79970), WR Rashid Shaheed (134747-170287), TE Trey McBride (134747-91750), RB RJ Harvey (134747-110484), D Dallas Cowboys (134747-12530)"
528047,3738946869,gst1999 (106/150),80.08,"QB Trevor Lawrence (134747-89951), RB D'Andre Swift (134747-91598), RB Chase Brown (134747-89493), WR Garrett Wilson (134747-103564), WR Parker Washington (134747-137516), WR Jordan Addison (134747-129210), TE T.J. Hockenson (134747-71706), WR Jakobi Meyers (134747-63634), D Minnesota Vikings (134747-12540)"
528507,3738946769,gst1999 (62/150),80.0,"QB Patrick Mahomes (134747-57439), RB Ashton Jeanty (134747-167031), RB Aaron Jones Sr. (134747-40442), WR Davante Adams (134747-45889), WR Dontayvion Wicks (134747-110457), WR Rashee Rice (134747-111311), TE Brock Bowers (134747-151794), TE Travis Kelce (134747-33076), D Los Angeles Chargers (134747-12548)"
529062,3738946936,gst1999 (140/150),79.92,"QB Sam Darnold (134747-63589), RB Derrick Henry (134747-39280), RB D'Andre Swift (134747-91598), WR Cooper Kupp (134747-79970), WR Rashid Shaheed (134747-170287), WR Quentin Johnston (134747-120639), TE Trey McBride (134747-91750), RB Chase Brown (134747-89493), D Baltimore Ravens (134747-12555)"
532652,3738946949,gst1999 (144/150),79.22,"QB Sam Darnold (134747-63589), RB Derrick Henry (134747-39280), RB D'Andre Swift (134747-91598), WR Jordan Addison (134747-129210), WR Cooper Kupp (134747-79970), WR Rashid Shaheed (134747-170287), TE Trey McBride (134747-91750), RB Omarion Hampton (134747-174215), D Houston Texans (134747-12556)"
535775,3738946562,gst1999 (15/150),78.68,"QB Matthew Stafford (134747-6654), RB Christian McCaffrey (134747-55050), RB Braelon Allen (134747-158412), WR Jaxon Smith-Njigba (134747-129458), WR Davante Adams (134747-45889), WR Michael Wilson (134747-89612), TE Tyler Higbee (134747-47870), WR Dontayvion Wicks (134747-110457), D Las Vegas Raiders (134747-12537)"
540046,3738946752,gst1999 (57/150),77.9,"QB Patrick Mahomes (134747-57439), RB Ashton Jeanty (134747-167031), RB Bhayshul Tuten (134747-160620), WR Davante Adams (134747-45889), WR Luther Burden III (134747-166092), WR Rashee Rice (134747-111311), TE Travis Kelce (134747-33076), TE Isaiah Likely (134747-87260), D Minnesota Vikings (134747-12540)"
540572,3738946653,gst1999 (35/150),77.78,"QB Trevor Lawrence (134747-89951), RB James Cook III (134747-91626), RB Chase Brown (134747-89493), WR Garrett Wilson (134747-103564), WR Parker Washington (134747-137516), WR Dontayvion Wicks (134747-110457), TE Isaiah Likely (134747-87260), WR Brian Thomas Jr. (134747-151745), D Minnesota Vikings (134747-12540)"
561259,3738946959,gst1999 (147/150),73.22,"QB Sam Darnold (134747-63589), RB Jeremiyah Love (134747-188171), RB Omarion Hampton (134747-174215), WR Ja'Marr Chase (134747-85701), WR Matthew Golden (134747-166916), WR Cooper Kupp (134747-79970), TE Trey McBride (134747-91750), WR Rashid Shaheed (134747-170287), D Baltimore Ravens (134747-12555)"
563485,3738946952,gst1999 (145/150),72.72,"QB Sam Darnold (134747-63589), RB Christian McCaffrey (134747-55050), RB Bucky Irving (134747-152664), WR Cooper Kupp (134747-79970), WR Rashid Shaheed (134747-170287), WR Quentin Johnston (134747-120639), TE Trey McBride (134747-91750), RB Cam Skattebo (134747-183240), D Baltimore Ravens (134747-12555)"
570600,3738946885,gst1999 (117/150),70.58,"QB Trevor Lawrence (134747-89951), RB Ashton Jeanty (134747-167031), RB Chase Brown (134747-89493), WR Garrett Wilson (134747-103564), WR Christian Watson (134747-169776), WR Parker Washington (134747-137516), TE Cade Otton (134747-86811), WR Brian Thomas Jr. (134747-151745), D Denver Broncos (134747-12531)"
572760,3738946543,gst1999 (10/150),69.8,"QB Dak Prescott (134747-31716), RB Ashton Jeanty (134747-167031), RB David Montgomery (134747-73273), WR Garrett Wilson (134747-103564), WR Christian Watson (134747-169776), WR Dontayvion Wicks (134747-110457), TE Jake Ferguson (134747-89680), WR George Pickens (134747-110246), D Cincinnati Bengals (134747-12528)"
573620,3738946801,gst1999 (73/150),69.48,"QB Matthew Stafford (134747-6654), RB D'Andre Swift (134747-91598), RB David Montgomery (134747-73273), WR Davante Adams (134747-45889), WR Puka Nacua (134747-103020), WR DJ Moore (134747-63043), TE Dalton Kincaid (134747-145558), TE Zach Ertz (134747-29780), D Chicago Bears (134747-12527)"
578882,3738946880,gst1999 (113/150),67.48,"QB Trevor Lawrence (134747-89951), RB Ashton Jeanty (134747-167031), RB D'Andre Swift (134747-91598), WR Parker Washington (134747-137516), WR Kendrick Bourne (134747-80289), WR Brian Thomas Jr. (134747-151745), TE Trey McBride (134747-91750), RB Chase Brown (134747-89493), D Denver Broncos (134747-12531)"
581362,3738946906,gst1999 (126/150),66.32,"QB Sam Darnold (134747-63589), RB Cam Skattebo (134747-183240), RB Omarion Hampton (134747-174215), WR Christian Watson (134747-169776), WR Makai Lemon (134747-183380), WR Cooper Kupp (134747-79970), TE Trey McBride (134747-91750), WR Rashid Shaheed (134747-170287), D Denver Broncos (134747-12531)"
