away,home,fav,spread,total,note
TB,DAL,DAL,10,47.5,bet365 Oct 5 (Thursday night - not main slate)
PHI,JAC,JAC,5.5,42.5,bet365 Oct 5
CHI,GB,CHI,3,44.5,bet365 Oct 5
CIN,MIA,CIN,7.5,42.5,bet365 Oct 5
CLE,NYJ,NYJ,1.5,40.5,bet365 Oct 5
HOU,TEN,HOU,7,39.5,bet365 Oct 5
IND,PIT,PIT,2.5,44.5,bet365 Oct 5
LV,NE,NE,3.5,45.5,bet365 Oct 5
NYG,WAS,WAS,3,44.5,bet365 Oct 5
MIN,NO,MIN,1.5,41.5,bet365 Oct 5
DEN,LAC,DEN,3.5,42.5,bet365 Oct 5
DET,ARI,DET,4.5,53.5,bet365 Oct 5
SF,SEA,SEA,2.5,47.5,bet365 Oct 5
BAL,ATL,BAL,3.5,46.5,bet365 Oct 5 (check slate - may be London or primetime)
BUF,LAR,LAR,2.5,53.5,DraftKings Oct 4 (Monday night - not main slate)
