Id,Name,Pos,Team,Opp,Salary,Inj,ImpliedTeamTotal,GameTotal,FD_FPPG,GainedVol,Proj,Median,Ceiling_p90,P_20plus,Value_per_1k,StartingQB,Own_proj
135023-129368,Jahmyr Gibbs,RB,DET,ARI,10000,,29.0,53.5,27.0,0.0,29.7,28.0,45.2,0.79,2.97,False,39.59
135023-91598,D'Andre Swift,RB,CHI,GB,6500,,23.8,44.5,15.4,9.66,25.6,24.4,39.2,0.676,3.94,False,48.88
135023-38435,Jared Goff,QB,DET,ARI,8100,,29.0,53.5,23.0,0.0,25.0,24.1,37.3,0.677,3.09,True,10.44
135023-129458,Jaxon Smith-Njigba,WR,SEA,SF,9300,,25.0,47.5,27.4,0.0,23.7,22.5,38.6,0.571,2.55,False,32.24
135023-89675,Jonathan Taylor,RB,IND,PIT,8600,,21.0,44.5,20.3,0.29,22.3,20.9,35.7,0.53,2.59,False,19.09
135023-86997,Amon-Ra St. Brown,WR,DET,ARI,9000,,29.0,53.5,19.7,0.0,22.0,20.3,36.4,0.512,2.45,False,22.31
135023-85607,Brock Purdy,QB,SF,SEA,8300,,22.5,47.5,25.4,0.0,22.0,20.6,34.1,0.53,2.65,True,7.58
135023-63336,Joe Burrow,QB,CIN,MIA,8700,,25.0,42.5,20.7,0.0,21.8,20.6,33.7,0.53,2.51,True,6.74
135023-88431,Tyler Shough,QB,NO,MIN,7700,,20.0,41.5,22.8,0.0,20.2,19.0,31.2,0.45,2.62,True,5.79
135023-55050,Christian McCaffrey,RB,SF,SEA,8400,,22.5,47.5,16.5,0.34,19.7,18.2,30.8,0.413,2.34,False,12.92
135023-63589,Sam Darnold,QB,SEA,SF,7200,,25.0,47.5,15.8,0.0,19.6,18.6,30.9,0.428,2.73,True,4.31
135023-30231,Jacoby Brissett,QB,ARI,DET,6800,,24.5,53.5,15.8,0.0,19.4,18.1,30.3,0.412,2.85,True,3.96
135023-152316,Drake Maye,QB,NE,LV,7800,,24.5,45.5,13.7,0.0,19.2,18.1,29.6,0.406,2.46,True,3.68
135023-91750,Trey McBride,TE,ARI,DET,7200,,24.5,53.5,13.2,1.06,18.8,17.6,31.3,0.385,2.61,False,13.1
135023-129471,C.J. Stroud,QB,HOU,TEN,7300,,23.2,39.5,18.6,0.0,18.4,17.2,28.6,0.368,2.53,True,4.37
135023-151794,Brock Bowers,TE,LV,NE,7800,,21.0,45.5,21.6,0.83,17.7,16.6,30.4,0.338,2.27,False,15.11
135023-69017,Jordan Love,QB,GB,CHI,7400,,20.8,44.5,18.5,0.0,17.7,16.5,28.0,0.331,2.39,True,3.53
135023-102785,Jayden Daniels,QB,WAS,NYG,8000,,23.8,44.5,10.8,0.0,17.5,16.4,26.7,0.308,2.18,True,2.61
135023-87770,Chris Olave,WR,NO,MIN,8300,,20.0,41.5,20.4,0.0,17.4,16.4,29.3,0.337,2.1,False,14.16
135023-22038,Kirk Cousins,QB,LV,NE,7100,,21.0,45.5,21.5,0.0,17.4,16.2,27.6,0.318,2.45,True,3.86
135023-6894,Aaron Rodgers,QB,PIT,IND,7000,,23.5,44.5,16.3,0.0,17.3,16.1,27.6,0.31,2.47,True,3.28
135023-54879,Deshaun Watson,QB,CLE,NYJ,6900,,19.5,40.5,17.2,0.0,17.1,16.1,26.1,0.288,2.48,True,3.23
135023-102965,Bo Nix,QB,DEN,LAC,7600,,23.0,42.5,15.1,0.0,16.9,15.9,26.4,0.287,2.22,True,2.95
135023-185776,Tyson Bagent,QB,CHI,GB,6700,,23.8,44.5,4.0,0.0,16.6,15.5,25.5,0.275,2.48,True,1.83
135023-89493,Chase Brown,RB,CIN,MIA,8000,,25.0,42.5,11.9,0.0,16.5,15.3,25.4,0.256,2.06,False,7.55
135023-91419,Nico Collins,WR,HOU,TEN,7800,,23.2,39.5,16.0,0.0,16.4,15.1,28.3,0.289,2.1,False,11.68
135023-112057,Jaylen Warren,RB,PIT,IND,6700,,23.5,44.5,13.2,0.52,16.0,14.7,24.9,0.23,2.38,False,8.55
135023-103564,Garrett Wilson,WR,NYJ,CLE,7400,,21.0,40.5,13.5,2.1,15.8,14.1,26.9,0.257,2.14,False,14.43
135023-89612,Michael Wilson,WR,ARI,DET,6400,,24.5,53.5,11.1,0.95,15.7,13.7,26.6,0.254,2.45,False,10.4
135023-63484,Kyler Murray,QB,MIN,NO,7000,,21.5,41.5,7.8,0.0,15.3,14.2,23.8,0.203,2.19,True,1.76
135023-63519,Daniel Jones,QB,IND,PIT,6900,,21.0,44.5,10.1,0.0,15.3,14.2,24.4,0.216,2.22,True,1.85
135023-69189,Justin Herbert,QB,LAC,DEN,7100,,19.5,42.5,12.4,0.0,15.2,14.3,23.9,0.202,2.14,True,1.98
135023-26483,Geno Smith,QB,NYJ,CLE,6700,,21.0,40.5,15.7,0.0,14.5,13.5,22.8,0.174,2.17,True,2.21
135023-169776,Christian Watson,WR,GB,CHI,7000,,20.8,44.5,17.5,0.21,14.4,12.6,25.7,0.223,2.06,False,9.58
135023-188171,Jeremiyah Love,RB,ARI,DET,6600,,24.5,53.5,10.9,0.31,13.9,12.6,22.6,0.157,2.1,False,5.14
135023-105646,Sam LaPorta,TE,DET,ARI,6000,,29.0,53.5,11.4,0.0,13.8,11.9,24.3,0.175,2.29,False,5.49
135023-40442,Aaron Jones Sr.,RB,MIN,NO,6200,,21.5,41.5,12.5,0.0,13.2,11.8,21.2,0.124,2.13,False,4.88
135023-174215,Omarion Hampton,RB,LAC,DEN,7100,,19.5,42.5,10.7,0.74,13.0,11.7,21.9,0.139,1.84,False,5.25
135023-183240,Cam Skattebo,RB,NYG,WAS,6900,,20.8,44.5,10.1,0.0,13.0,11.7,21.5,0.128,1.88,False,4.08
135023-73048,DK Metcalf,WR,PIT,IND,6800,,23.5,44.5,9.6,0.93,12.9,11.1,23.3,0.161,1.9,False,7.32
135023-158412,Braelon Allen,RB,NYJ,CLE,5900,,21.0,40.5,5.7,9.86,12.9,11.6,21.8,0.141,2.18,False,9.14
135023-39793,George Kittle,TE,SF,SEA,6700,,22.5,47.5,14.1,0.29,12.5,11.0,22.6,0.146,1.87,False,5.34
135023-110484,RJ Harvey,RB,DEN,LAC,6000,,23.0,42.5,9.4,0.42,12.2,11.0,19.7,0.094,2.04,False,4.4
135023-169410,Quinshon Judkins,RB,CLE,NYJ,6100,,19.5,40.5,10.2,0.04,12.0,10.8,19.4,0.09,1.97,False,3.7
135023-87691,Malik Willis,QB,MIA,CIN,6600,,17.5,42.5,10.9,0.0,11.8,11.0,18.5,0.067,1.79,True,1.12
135023-111631,Jameson Williams,WR,DET,ARI,6500,,29.0,53.5,8.5,0.0,11.6,9.9,20.7,0.111,1.78,False,4.52
135023-168356,Cam Ward,QB,TEN,HOU,6500,,16.2,39.5,14.7,0.0,11.5,10.8,18.6,0.073,1.77,True,1.27
135023-24849,Jameis Winston,QB,NYG,WAS,6800,,20.8,44.5,9.9,0.0,11.4,10.6,18.7,0.069,1.68,True,1.07
135023-152647,TreVeyon Henderson,RB,NE,LV,5800,,24.5,45.5,7.1,0.34,11.3,9.9,19.1,0.085,1.94,False,3.37
135023-94370,Romeo Doubs,WR,NE,LV,6000,,24.5,45.5,9.6,0.92,11.0,9.6,20.0,0.1,1.84,False,5.66
135023-90573,Jaylen Waddle,WR,DEN,LAC,6600,,23.0,42.5,9.7,0.45,10.8,9.3,19.1,0.086,1.64,False,5.02
135023-166092,Luther Burden III,WR,CHI,GB,5900,,23.8,44.5,9.4,0.61,10.8,9.5,18.7,0.076,1.84,False,5.07
135023-151761,Malik Nabers,WR,NYG,WAS,7300,,20.8,44.5,9.7,0.0,10.5,9.1,18.9,0.083,1.44,False,3.97
135023-166916,Matthew Golden,WR,GB,CHI,6300,,20.8,44.5,13.0,0.28,10.5,9.1,18.8,0.08,1.67,False,4.85
135023-32384,Mike Evans,WR,SF,SEA,7100,,22.5,47.5,10.4,0.34,10.4,9.0,18.6,0.076,1.46,False,4.48
135023-56018,Deebo Samuel Sr.,WR,SF,SEA,6900,,22.5,47.5,12.7,0.25,10.4,8.9,18.2,0.066,1.5,False,4.74
135023-64808,Juwan Johnson,TE,NO,MIN,5400,,20.0,41.5,12.4,0.0,10.3,8.9,18.2,0.072,1.91,False,3.29
135023-73273,David Montgomery,RB,HOU,TEN,6800,,23.2,39.5,10.2,0.0,10.1,8.7,17.6,0.057,1.48,False,3.07
135023-117178,Jacory Croskey-Merritt,RB,WAS,NYG,5700,,23.8,44.5,7.1,0.25,10.1,8.6,17.2,0.056,1.77,False,2.73
135023-137530,Tyler Warren,TE,IND,PIT,5500,,21.0,44.5,9.2,0.39,10.1,8.8,17.7,0.058,1.84,False,3.15
135023-160303,Tucker Kraft,TE,GB,CHI,5600,,20.8,44.5,7.2,0.21,10.0,8.6,18.0,0.067,1.78,False,2.68
135023-63759,Tony Pollard,RB,TEN,HOU,5800,,16.2,39.5,8.6,0.0,9.9,8.6,16.2,0.041,1.7,False,2.34
135023-167110,Denzel Boston,WR,CLE,NYJ,5800,,19.5,40.5,12.2,0.06,9.7,8.3,17.9,0.07,1.67,False,3.89
135023-120033,Rome Odunze,WR,CHI,GB,6200,,23.8,44.5,7.6,0.22,9.6,8.3,17.7,0.061,1.56,False,3.57
135023-12540,Minnesota Vikings,D,MIN,NO,4600,,21.5,41.5,12.5,0.0,9.6,9.0,15.0,0.018,2.09,False,10.46
135023-103619,Tre Tucker,WR,LV,NE,5700,,21.0,45.5,9.9,0.49,9.5,8.1,17.2,0.055,1.66,False,3.81
135023-55042,Dalton Schultz,TE,HOU,TEN,5300,,23.2,39.5,8.7,0.0,9.4,8.2,16.7,0.042,1.76,False,2.64
135023-172699,Harold Fannin Jr.,TE,CLE,NYJ,5400,,19.5,40.5,10.4,0.07,9.2,7.9,16.7,0.046,1.7,False,2.61
135023-87260,Isaiah Likely,TE,NYG,WAS,5300,,20.8,44.5,10.5,0.0,9.2,7.9,16.8,0.046,1.74,False,2.5
135023-138037,Roman Wilson,WR,PIT,IND,5600,,23.5,44.5,9.4,0.58,8.9,7.6,16.6,0.047,1.59,False,3.71
135023-12528,Cincinnati Bengals,D,CIN,MIA,4900,,25.0,42.5,9.0,0.0,8.9,8.0,14.0,0.01,1.81,False,8.57
135023-129305,Josh Downs,WR,IND,PIT,6100,,21.0,44.5,7.2,0.38,8.8,7.6,15.9,0.038,1.45,False,3.09
135023-103511,Devaughn Vele,WR,NO,MIN,6000,,20.0,41.5,11.3,0.0,8.8,7.6,16.1,0.039,1.46,False,3.21
135023-184873,Kenyon Sadiq,TE,NYJ,CLE,5100,,21.0,40.5,8.9,1.52,8.8,7.6,16.1,0.038,1.72,False,3.33
135023-110974,Malik Washington,WR,MIA,CIN,5700,,17.5,42.5,7.4,1.0,8.7,7.5,15.4,0.03,1.52,False,3.31
135023-185861,Emanuel Wilson,RB,SEA,SF,6000,,25.0,47.5,9.1,0.0,8.5,7.1,14.7,0.023,1.42,False,2.13
135023-57403,Courtland Sutton,WR,DEN,LAC,5900,,23.0,42.5,3.3,0.42,8.5,7.3,16.2,0.037,1.44,False,2.67
135023-183649,KC Concepcion Jr.,WR,CLE,NYJ,5600,,19.5,40.5,5.4,0.08,8.5,7.4,14.7,0.028,1.52,False,2.45
135023-86244,Pat Freiermuth,TE,PIT,IND,5000,,23.5,44.5,7.9,0.53,8.5,7.2,15.4,0.035,1.7,False,2.49
135023-71706,T.J. Hockenson,TE,MIN,NO,5200,,21.5,41.5,9.9,0.0,8.4,7.3,14.8,0.028,1.62,False,2.24
135023-103539,Wan'Dale Robinson,WR,TEN,HOU,5200,,16.2,39.5,8.1,0.0,8.4,7.2,15.2,0.031,1.61,False,2.42
135023-56265,Mike Gesicki,TE,CIN,MIA,5200,,25.0,42.5,13.0,0.0,8.4,7.1,15.9,0.038,1.62,False,2.71
135023-166323,Antonio Williams,WR,WAS,NYG,5200,,23.8,44.5,6.1,0.84,8.3,7.1,15.4,0.031,1.59,False,3.09
135023-40845,Hunter Henry,TE,NE,LV,5100,,24.5,45.5,4.8,0.76,8.3,7.1,15.3,0.03,1.63,False,2.27
135023-119697,MarShawn Lloyd,RB,GB,CHI,5500,,20.8,44.5,5.4,1.5,8.2,7.0,13.8,0.017,1.49,False,2.35
135023-103083,Theo Wease Jr.,WR,LAC,DEN,4000,,19.5,42.5,7.6,0.0,8.0,7.0,13.5,0.022,1.99,False,2.21
135023-70422,Kalif Raymond,WR,CHI,GB,5100,,23.8,44.5,9.6,0.2,7.9,6.8,14.0,0.02,1.55,False,2.81
135023-12547,Pittsburgh Steelers,D,PIT,IND,4800,,23.5,44.5,9.2,0.0,7.9,7.0,13.0,0.006,1.64,False,6.95
135023-129546,Tre' Harris,WR,LAC,DEN,5500,,19.5,42.5,6.8,1.18,7.6,6.5,13.4,0.021,1.37,False,2.9
135023-128912,Mitch Tinsley,WR,CIN,MIA,4900,,25.0,42.5,6.4,0.0,7.6,6.6,12.7,0.017,1.54,False,2.24
135023-119788,Xavier Hutchinson,WR,HOU,TEN,5500,,23.2,39.5,5.8,0.0,7.5,6.4,13.5,0.021,1.36,False,2.23
135023-12556,Houston Texans,D,HOU,TEN,5000,,23.2,39.5,4.8,0.0,7.4,7.0,12.0,0.003,1.47,False,5.69
135023-158438,Oronde Gadsden II,TE,LAC,DEN,5000,,19.5,42.5,4.8,1.09,7.4,6.2,13.5,0.02,1.48,False,1.95
135023-12527,Chicago Bears,D,CHI,GB,4400,,23.8,44.5,8.0,0.0,7.3,7.0,12.0,0.004,1.67,False,5.97
135023-12531,Denver Broncos,D,DEN,LAC,4700,,23.0,42.5,6.8,0.0,7.2,7.0,12.0,0.003,1.52,False,5.64
135023-12550,Seattle Seahawks,D,SEA,SF,4300,,25.0,47.5,8.8,0.0,7.2,7.0,12.0,0.004,1.66,False,5.88
135023-166588,Colston Loveland,TE,CHI,GB,5700,,23.8,44.5,3.7,0.19,7.1,6.1,12.8,0.016,1.25,False,1.57
135023-80289,Kendrick Bourne,WR,ARI,DET,4900,,24.5,53.5,5.6,0.42,7.1,6.3,12.1,0.012,1.46,False,2.02
135023-12541,New England Patriots,D,NE,LV,4500,,24.5,45.5,7.8,0.0,7.1,7.0,12.0,0.002,1.58,False,5.73
135023-12537,Las Vegas Raiders,D,LV,NE,3700,,21.0,45.5,9.5,0.0,7.0,7.0,12.0,0.002,1.89,False,5.46
135023-166112,Ollie Gordon II,RB,MIA,CIN,6100,,17.5,42.5,11.2,0.2,6.6,5.0,12.0,0.009,1.08,False,1.73
135023-183488,Isaac TeSlaa,WR,DET,ARI,5400,,29.0,53.5,5.8,0.0,6.6,5.6,12.4,0.014,1.22,False,1.83
135023-12544,New York Jets,D,NYJ,CLE,4000,,21.0,40.5,5.2,0.0,6.5,6.0,11.0,0.002,1.63,False,4.46
135023-111876,DeMario Douglas,WR,NE,LV,5000,,24.5,45.5,3.2,0.68,6.4,5.4,11.8,0.01,1.28,False,1.91
135023-88297,Chig Okonkwo,TE,WAS,NYG,4700,,23.8,44.5,1.4,0.72,6.4,5.5,11.4,0.008,1.36,False,1.37
135023-137953,AJ Barner,TE,SEA,SF,4800,,25.0,47.5,5.2,0.0,6.3,5.2,11.6,0.009,1.3,False,1.24
135023-170287,Rashid Shaheed,WR,SEA,SF,5000,,25.0,47.5,5.1,0.0,6.2,5.3,11.2,0.007,1.23,False,1.58
135023-12543,New York Giants,D,NYG,WAS,4200,,20.8,44.5,7.2,0.0,6.2,6.0,11.0,0.002,1.48,False,4.39
135023-241064,Dohnte Meyers,WR,CIN,MIA,5400,,25.0,42.5,4.8,0.0,6.1,5.3,10.9,0.006,1.12,False,1.69
135023-12529,Cleveland Browns,D,CLE,NYJ,3900,,19.5,40.5,5.2,0.0,6.1,6.0,11.0,0.001,1.56,False,3.95
135023-91931,Greg Dulcich,TE,MIA,CIN,4800,,17.5,42.5,4.5,0.65,6.0,5.2,10.8,0.005,1.26,False,1.3
135023-12548,Los Angeles Chargers,D,LAC,DEN,3500,,19.5,42.5,5.8,0.0,5.8,5.0,10.0,0.001,1.65,False,3.63
135023-79970,Cooper Kupp,WR,SEA,SF,5300,,25.0,47.5,5.5,0.0,5.7,4.8,10.6,0.006,1.08,False,1.54
135023-112041,Isaiah Williams,WR,NYJ,CLE,5400,,21.0,40.5,6.5,1.05,5.6,4.7,10.5,0.004,1.04,False,2.14
135023-119653,Kayshon Boutte,WR,HOU,TEN,5100,,23.2,39.5,4.0,0.0,5.6,4.6,10.6,0.006,1.09,False,1.46
135023-12552,Washington Commanders,D,WAS,NYG,3300,,23.8,44.5,4.2,0.0,5.6,5.0,10.0,0.001,1.71,False,3.47
135023-120657,Kendre Miller,RB,NO,MIN,5700,,20.0,41.5,4.3,0.0,5.5,4.3,10.4,0.003,0.96,False,1.04
135023-167636,Germie Bernard,WR,PIT,IND,5200,,23.5,44.5,3.2,0.44,5.5,4.7,10.4,0.004,1.06,False,1.56
135023-156740,Malachi Fields,WR,NYG,WAS,5500,,20.8,44.5,5.7,0.0,5.4,4.4,10.6,0.006,0.98,False,1.43
135023-154008,Mike Washington Jr.,RB,LV,NE,4900,,21.0,45.5,4.6,0.07,5.3,4.2,10.3,0.003,1.07,False,0.93
135023-41872,Evan Engram,TE,DEN,LAC,4900,,23.0,42.5,3.9,0.26,5.3,4.4,10.3,0.006,1.09,False,1.13
135023-93538,Dyami Brown,WR,WAS,NYG,4800,,23.8,44.5,2.5,0.58,5.2,4.4,9.9,0.004,1.08,False,1.44
135023-151903,Troy Franklin,WR,DEN,LAC,4300,,23.0,42.5,2.1,0.23,5.2,4.3,10.1,0.005,1.22,False,1.22
135023-12549,San Francisco 49ers,D,SF,SEA,3800,,22.5,47.5,5.0,0.0,5.0,5.0,10.0,0.001,1.3,False,3.02
135023-12534,Tennessee Titans,D,TEN,HOU,3100,,16.2,39.5,4.0,0.0,5.0,5.0,9.0,0.001,1.6,False,2.65
135023-90561,Jerry Jeudy,WR,CLE,NYJ,5100,,19.5,40.5,2.2,0.05,4.8,4.0,9.2,0.002,0.94,False,1.11
135023-12532,Detroit Lions,D,DET,ARI,4100,,29.0,53.5,4.2,0.0,4.8,4.0,9.0,0.0,1.16,False,3.09
135023-61593,Jauan Jennings,WR,MIN,NO,5300,,21.5,41.5,0.6,0.0,4.7,3.7,9.7,0.003,0.89,False,1.06
135023-110259,Treylon Burks,WR,WAS,NYG,5000,,23.8,44.5,6.5,0.41,4.7,3.6,9.9,0.005,0.93,False,1.52
135023-27477,Sterling Shepard,WR,NYJ,CLE,4500,,21.0,40.5,1.4,0.88,4.5,3.8,8.8,0.001,0.99,False,1.24
135023-12542,New Orleans Saints,D,NO,MIN,3400,,20.0,41.5,2.0,0.0,4.5,4.0,9.0,0.0,1.32,False,2.36
135023-12535,Indianapolis Colts,D,IND,PIT,3200,,21.0,44.5,3.2,0.0,4.5,4.0,9.0,0.0,1.41,False,2.4
135023-170825,Chris Bell,WR,MIA,CIN,5100,,17.5,42.5,2.9,0.55,4.4,3.8,8.7,0.003,0.87,False,1.18
135023-172861,Elic Ayomanor,WR,TEN,HOU,4800,,16.2,39.5,4.9,0.0,4.4,3.5,9.3,0.002,0.91,False,1.03
135023-91055,Kevin Austin Jr.,WR,NO,MIN,4700,,20.0,41.5,0.6,0.0,4.4,3.6,8.9,0.002,0.93,False,0.9
135023-12533,Green Bay Packers,D,GB,CHI,3600,,20.8,44.5,3.0,0.0,4.4,4.0,9.0,0.0,1.23,False,2.43
135023-69777,Darnell Mooney,WR,NYG,WAS,5100,,20.8,44.5,3.3,0.0,4.1,3.5,8.1,0.001,0.81,False,1.0
135023-183828,Kevin Coleman Jr.,WR,MIA,CIN,4800,,17.5,42.5,0.5,0.56,3.9,3.2,8.0,0.001,0.81,False,0.94
135023-12546,Arizona Cardinals,D,ARI,DET,3000,,24.5,53.5,4.8,0.0,3.9,4.0,8.0,0.0,1.31,False,2.1
135023-92890,Cody White,WR,LV,NE,5300,,21.0,45.5,7.2,0.16,3.7,2.5,8.6,0.002,0.7,False,1.19
135023-152148,Gunnar Helm,TE,TEN,HOU,4600,,16.2,39.5,3.1,0.0,3.6,3.0,7.0,0.0,0.78,False,0.63
135023-12539,Miami Dolphins,D,MIA,CIN,3000,,17.5,42.5,1.8,0.0,3.6,3.0,8.0,0.0,1.2,False,1.69
135023-64555,Calvin Ridley,WR,TEN,HOU,4800,,16.2,39.5,2.1,0.0,3.5,2.9,7.1,0.001,0.73,False,0.79
135023-134014,Jordan Watkins,WR,SF,SEA,5100,,22.5,47.5,7.0,0.1,3.4,2.9,6.8,0.0,0.66,False,1.07
135023-131835,Efton Chism III,WR,NE,LV,4700,,24.5,45.5,4.2,0.28,3.2,2.4,7.6,0.001,0.68,False,0.98
135023-40647,Marquez Valdes-Scantling,WR,LAC,DEN,4200,,19.5,42.5,0.0,0.57,3.1,2.4,7.0,0.0,0.73,False,0.75
135023-41806,Laquon Treadwell,WR,IND,PIT,4900,,21.0,44.5,4.2,0.11,2.9,2.3,5.4,0.0,0.58,False,0.85
135023-112062,Skyy Moore,WR,GB,CHI,4900,,20.8,44.5,1.6,0.07,2.8,2.2,5.7,0.0,0.57,False,0.74
135023-152607,Deion Burks,WR,IND,PIT,4300,,21.0,44.5,0.8,0.06,2.1,1.9,3.3,0.0,0.48,False,0.56
135023-183410,Malik Benson,WR,LV,NE,4300,,21.0,45.5,0.1,0.09,1.5,1.5,2.7,0.0,0.35,False,0.48
135023-152537,Tai Felton,WR,MIN,NO,4300,,21.5,41.5,0.9,0.0,1.3,1.4,2.4,0.0,0.31,False,0.49
135023-138277,Jalen Brooks,WR,ARI,DET,4200,,24.5,53.5,0.0,0.07,1.2,1.4,2.4,0.0,0.29,False,0.43
135023-137139,Myles Price,WR,MIN,NO,4200,,21.5,41.5,2.0,0.0,0.7,0.1,2.0,0.0,0.17,False,0.45
135023-138854,Ke'Shawn Williams,WR,CIN,MIA,4000,,25.0,42.5,-2.0,0.0,0.1,0.1,0.1,0.0,0.03,False,0.34
