Lineup,QB,RB1,RB2,WR1,WR2,WR3,TE,FLEX,DEF,Stack,Salary,Proj,Ceiling_p90,P_200plus,Own_proj_sum
1,"Jared Goff (DET, $8,100, 25.0)","Jahmyr Gibbs (DET, $10,000, 29.7)","D'Andre Swift (CHI, $6,500, 25.6)","Chris Olave (NO, $8,300, 17.4)","Michael Wilson (ARI, $6,400, 15.6)","Jameson Williams (DET, $6,500, 11.6)","Dalton Schultz (HOU, $5,300, 9.4)","Isaac TeSlaa (DET, $5,400, 6.6)","Los Angeles Chargers (LAC, $3,500, 5.8)",DET,60000,146.7,180.7,0.0279,149.9
2,"Jared Goff (DET, $8,100, 25.0)","Jahmyr Gibbs (DET, $10,000, 29.7)","D'Andre Swift (CHI, $6,500, 25.6)","Amon-Ra St. Brown (DET, $9,000, 22.0)","Michael Wilson (ARI, $6,400, 15.6)","Jameson Williams (DET, $6,500, 11.6)","T.J. Hockenson (MIN, $5,200, 8.4)","Troy Franklin (DEN, $4,300, 5.2)","New York Jets (NYJ, $4,000, 6.5)",DET,60000,149.6,186.4,0.0457,157.3
3,"Jared Goff (DET, $8,100, 25.0)","D'Andre Swift (CHI, $6,500, 25.6)","Omarion Hampton (LAC, $7,100, 12.7)","Amon-Ra St. Brown (DET, $9,000, 22.0)","Jameson Williams (DET, $6,500, 11.6)","DeMario Douglas (NE, $5,000, 6.3)","Trey McBride (ARI, $7,200, 18.8)","TreVeyon Henderson (NE, $5,800, 11.2)","Minnesota Vikings (MIN, $4,600, 9.6)",DET,59800,142.8,175.4,0.0203,136.0
4,"Jared Goff (DET, $8,100, 25.0)","Jahmyr Gibbs (DET, $10,000, 29.7)","D'Andre Swift (CHI, $6,500, 25.6)","Amon-Ra St. Brown (DET, $9,000, 22.0)","Germie Bernard (PIT, $5,200, 5.6)","Troy Franklin (DEN, $4,300, 5.2)","Sam LaPorta (DET, $6,000, 13.7)","Jeremiyah Love (ARI, $6,600, 13.9)","Seattle Seahawks (SEA, $4,300, 7.2)",DET,60000,147.9,183.9,0.0413,152.4
5,"Jared Goff (DET, $8,100, 25.0)","Jahmyr Gibbs (DET, $10,000, 29.7)","D'Andre Swift (CHI, $6,500, 25.6)","Jameson Williams (DET, $6,500, 11.6)","Rome Odunze (CHI, $6,200, 9.7)","Kalif Raymond (CHI, $5,100, 8.0)","Trey McBride (ARI, $7,200, 18.8)","Sam LaPorta (DET, $6,000, 13.7)","New York Jets (NYJ, $4,000, 6.5)",DET,59600,148.6,183.8,0.039,147.6
6,"Jared Goff (DET, $8,100, 25.0)","Jahmyr Gibbs (DET, $10,000, 29.7)","D'Andre Swift (CHI, $6,500, 25.6)","Amon-Ra St. Brown (DET, $9,000, 22.0)","Michael Wilson (ARI, $6,400, 15.6)","Jameson Williams (DET, $6,500, 11.6)","AJ Barner (SEA, $4,800, 6.2)","KC Concepcion Jr. (CLE, $5,600, 8.4)","Tennessee Titans (TEN, $3,100, 5.0)",DET,60000,149.1,185.9,0.0412,155.6
7,"Jared Goff (DET, $8,100, 25.0)","Jahmyr Gibbs (DET, $10,000, 29.7)","D'Andre Swift (CHI, $6,500, 25.6)","Amon-Ra St. Brown (DET, $9,000, 22.0)","Romeo Doubs (NE, $6,000, 10.8)","Theo Wease Jr. (LAC, $4,000, 7.9)","Trey McBride (ARI, $7,200, 18.8)","Sam LaPorta (DET, $6,000, 13.7)","Miami Dolphins (MIA, $3,000, 3.6)",DET,59800,157.1,195.3,0.0804,164.3
8,"Jared Goff (DET, $8,100, 25.0)","Jahmyr Gibbs (DET, $10,000, 29.7)","Jaylen Warren (PIT, $6,700, 16.0)","Michael Wilson (ARI, $6,400, 15.6)","Jameson Williams (DET, $6,500, 11.6)","Deebo Samuel Sr. (SF, $6,900, 10.4)","Sam LaPorta (DET, $6,000, 13.7)","Harold Fannin Jr. (CLE, $5,400, 9.2)","Tennessee Titans (TEN, $3,100, 5.0)",DET,59100,136.2,169.2,0.0127,89.8
9,"Jared Goff (DET, $8,100, 25.0)","D'Andre Swift (CHI, $6,500, 25.6)","Jeremiyah Love (ARI, $6,600, 13.9)","Amon-Ra St. Brown (DET, $9,000, 22.0)","Chris Olave (NO, $8,300, 17.4)","Jaylen Waddle (DEN, $6,600, 10.9)","Sam LaPorta (DET, $6,000, 13.7)","KC Concepcion Jr. (CLE, $5,600, 8.4)","Indianapolis Colts (IND, $3,200, 4.6)",DET,59900,141.5,174.5,0.0164,130.5
10,"Jared Goff (DET, $8,100, 25.0)","Jahmyr Gibbs (DET, $10,000, 29.7)","D'Andre Swift (CHI, $6,500, 25.6)","Amon-Ra St. Brown (DET, $9,000, 22.0)","Christian Watson (GB, $7,000, 14.5)","Kendrick Bourne (ARI, $4,900, 7.2)","Sam LaPorta (DET, $6,000, 13.7)","Juwan Johnson (NO, $5,400, 10.4)","Tennessee Titans (TEN, $3,100, 5.0)",DET,60000,153.1,190.0,0.0574,157.1
11,"Jared Goff (DET, $8,100, 25.0)","Jahmyr Gibbs (DET, $10,000, 29.7)","TreVeyon Henderson (NE, $5,800, 11.2)","Amon-Ra St. Brown (DET, $9,000, 22.0)","DK Metcalf (PIT, $6,800, 13.0)","Theo Wease Jr. (LAC, $4,000, 7.9)","Trey McBride (ARI, $7,200, 18.8)","Sam LaPorta (DET, $6,000, 13.7)","Tennessee Titans (TEN, $3,100, 5.0)",DET,60000,146.3,183.5,0.0406,108.6
12,"Jared Goff (DET, $8,100, 25.0)","D'Andre Swift (CHI, $6,500, 25.6)","Jeremiyah Love (ARI, $6,600, 13.9)","Amon-Ra St. Brown (DET, $9,000, 22.0)","Christian Watson (GB, $7,000, 14.5)","Deebo Samuel Sr. (SF, $6,900, 10.4)","Sam LaPorta (DET, $6,000, 13.7)","Quinshon Judkins (CLE, $6,100, 12.0)","New Orleans Saints (NO, $3,400, 4.5)",DET,59600,141.6,174.6,0.0147,126.8
13,"Jared Goff (DET, $8,100, 25.0)","D'Andre Swift (CHI, $6,500, 25.6)","Jeremiyah Love (ARI, $6,600, 13.9)","Amon-Ra St. Brown (DET, $9,000, 22.0)","Christian Watson (GB, $7,000, 14.5)","Jameson Williams (DET, $6,500, 11.6)","George Kittle (SF, $6,700, 12.5)","Matthew Golden (GB, $6,300, 10.5)","Tennessee Titans (TEN, $3,100, 5.0)",DET,59800,140.6,173.3,0.0162,128.7
14,"Jared Goff (DET, $8,100, 25.0)","D'Andre Swift (CHI, $6,500, 25.6)","Christian McCaffrey (SF, $8,400, 19.7)","Amon-Ra St. Brown (DET, $9,000, 22.0)","Rome Odunze (CHI, $6,200, 9.7)","Devaughn Vele (NO, $6,000, 8.7)","Trey McBride (ARI, $7,200, 18.8)","Isaac TeSlaa (DET, $5,400, 6.6)","Tennessee Titans (TEN, $3,100, 5.0)",DET,59900,141.1,173.9,0.0178,135.4
15,"Jared Goff (DET, $8,100, 25.0)","Jahmyr Gibbs (DET, $10,000, 29.7)","D'Andre Swift (CHI, $6,500, 25.6)","Christian Watson (GB, $7,000, 14.5)","Jameson Williams (DET, $6,500, 11.6)","Kendrick Bourne (ARI, $4,900, 7.2)","Brock Bowers (LV, $7,800, 16.1)","Sam LaPorta (DET, $6,000, 13.7)","Miami Dolphins (MIA, $3,000, 3.6)",DET,59800,147.0,182.3,0.0336,145.7
16,"Joe Burrow (CIN, $8,700, 21.8)","D'Andre Swift (CHI, $6,500, 25.6)","Christian McCaffrey (SF, $8,400, 19.7)","Jaxon Smith-Njigba (SEA, $9,300, 23.7)","Malik Washington (MIA, $5,700, 7.6)","Mitch Tinsley (CIN, $4,900, 7.6)","Trey McBride (ARI, $7,200, 18.8)","Mike Gesicki (CIN, $5,200, 8.4)","Washington Commanders (WAS, $3,300, 5.6)",CIN,59200,138.8,170.1,0.0095,141.5
17,"Joe Burrow (CIN, $8,700, 21.8)","Jahmyr Gibbs (DET, $10,000, 29.7)","D'Andre Swift (CHI, $6,500, 25.6)","Luther Burden III (CHI, $5,900, 10.8)","Malik Washington (MIA, $5,700, 7.6)","Mitch Tinsley (CIN, $4,900, 7.6)","Mike Gesicki (CIN, $5,200, 8.4)","Jonathan Taylor (IND, $8,600, 22.3)","Chicago Bears (CHI, $4,400, 7.3)",CIN,59900,141.1,172.9,0.0118,145.4
18,"Joe Burrow (CIN, $8,700, 21.8)","Jahmyr Gibbs (DET, $10,000, 29.7)","D'Andre Swift (CHI, $6,500, 25.6)","Chris Olave (NO, $8,300, 17.4)","Josh Downs (IND, $6,100, 8.9)","Malik Washington (MIA, $5,700, 7.6)","Mike Gesicki (CIN, $5,200, 8.4)","Mitch Tinsley (CIN, $4,900, 7.6)","New York Giants (NYG, $4,200, 6.2)",CIN,59600,133.2,162.9,0.0048,136.7
19,"Joe Burrow (CIN, $8,700, 21.8)","Jahmyr Gibbs (DET, $10,000, 29.7)","D'Andre Swift (CHI, $6,500, 25.6)","Malik Washington (MIA, $5,700, 7.6)","Mitch Tinsley (CIN, $4,900, 7.6)","Xavier Hutchinson (HOU, $5,500, 7.4)","Mike Gesicki (CIN, $5,200, 8.4)","Christian McCaffrey (SF, $8,400, 19.7)","Minnesota Vikings (MIN, $4,600, 9.6)",CIN,59500,137.4,167.2,0.0066,140.2
20,"Joe Burrow (CIN, $8,700, 21.8)","Jahmyr Gibbs (DET, $10,000, 29.7)","D'Andre Swift (CHI, $6,500, 25.6)","Malik Washington (MIA, $5,700, 7.6)","Mitch Tinsley (CIN, $4,900, 7.6)","Dohnte Meyers (CIN, $5,400, 6.0)","Hunter Henry (NE, $5,100, 8.1)","Christian McCaffrey (SF, $8,400, 19.7)","Houston Texans (HOU, $5,000, 7.3)",CIN,59700,133.4,162.2,0.0043,134.4
21,"Joe Burrow (CIN, $8,700, 21.8)","Jahmyr Gibbs (DET, $10,000, 29.7)","Christian McCaffrey (SF, $8,400, 19.7)","Luther Burden III (CHI, $5,900, 10.8)","Malik Washington (MIA, $5,700, 7.6)","Dohnte Meyers (CIN, $5,400, 6.0)","Tyler Warren (IND, $5,500, 10.2)","Mike Gesicki (CIN, $5,200, 8.4)","Chicago Bears (CHI, $4,400, 7.3)",CIN,59200,121.5,149.3,0.0003,79.9
22,"Joe Burrow (CIN, $8,700, 21.8)","Jahmyr Gibbs (DET, $10,000, 29.7)","D'Andre Swift (CHI, $6,500, 25.6)","Jaxon Smith-Njigba (SEA, $9,300, 23.7)","Malik Washington (MIA, $5,700, 7.6)","Dohnte Meyers (CIN, $5,400, 6.0)","Dalton Schultz (HOU, $5,300, 9.4)","Mike Gesicki (CIN, $5,200, 8.4)","Las Vegas Raiders (LV, $3,700, 7.0)",CIN,59800,139.2,170.4,0.0105,154.7
23,"Joe Burrow (CIN, $8,700, 21.8)","Jahmyr Gibbs (DET, $10,000, 29.7)","D'Andre Swift (CHI, $6,500, 25.6)","Malik Washington (MIA, $5,700, 7.6)","Mitch Tinsley (CIN, $4,900, 7.6)","Dohnte Meyers (CIN, $5,400, 6.0)","Chig Okonkwo (WAS, $4,700, 6.5)","Jonathan Taylor (IND, $8,600, 22.3)","Denver Broncos (DEN, $4,700, 7.2)",CIN,59200,134.3,163.9,0.0046,139.9
24,"Joe Burrow (CIN, $8,700, 21.8)","D'Andre Swift (CHI, $6,500, 25.6)","Aaron Jones Sr. (MIN, $6,200, 13.2)","Amon-Ra St. Brown (DET, $9,000, 22.0)","Nico Collins (HOU, $7,800, 16.5)","Malik Washington (MIA, $5,700, 7.6)","Mike Gesicki (CIN, $5,200, 8.4)","Mitch Tinsley (CIN, $4,900, 7.6)","Chicago Bears (CHI, $4,400, 7.3)",CIN,58400,130.0,159.2,0.004,120.8
25,"Joe Burrow (CIN, $8,700, 21.8)","Jahmyr Gibbs (DET, $10,000, 29.7)","D'Andre Swift (CHI, $6,500, 25.6)","Malik Nabers (NYG, $7,300, 10.5)","Mitch Tinsley (CIN, $4,900, 7.6)","Dohnte Meyers (CIN, $5,400, 6.0)","Greg Dulcich (MIA, $4,800, 5.1)","Jonathan Taylor (IND, $8,600, 22.3)","Las Vegas Raiders (LV, $3,700, 7.0)",CIN,59900,135.6,166.0,0.0066,141.0
26,"Joe Burrow (CIN, $8,700, 21.8)","Jahmyr Gibbs (DET, $10,000, 29.7)","D'Andre Swift (CHI, $6,500, 25.6)","Nico Collins (HOU, $7,800, 16.5)","Malik Washington (MIA, $5,700, 7.6)","Mitch Tinsley (CIN, $4,900, 7.6)","Trey McBride (ARI, $7,200, 18.8)","Mike Gesicki (CIN, $5,200, 8.4)","Las Vegas Raiders (LV, $3,700, 7.0)",CIN,59700,143.0,175.2,0.0151,147.5
27,"Drake Maye (NE, $7,800, 19.3)","D'Andre Swift (CHI, $6,500, 25.6)","Christian McCaffrey (SF, $8,400, 19.7)","Jaxon Smith-Njigba (SEA, $9,300, 23.7)","Romeo Doubs (NE, $6,000, 10.8)","Tre Tucker (LV, $5,700, 8.7)","Hunter Henry (NE, $5,100, 8.1)","Quinshon Judkins (CLE, $6,100, 12.0)","Minnesota Vikings (MIN, $4,600, 9.6)",NE,59500,137.5,167.6,0.0084,137.6
28,"Drake Maye (NE, $7,800, 19.3)","Jahmyr Gibbs (DET, $10,000, 29.7)","Jonathan Taylor (IND, $8,600, 22.3)","Amon-Ra St. Brown (DET, $9,000, 22.0)","Tre Tucker (LV, $5,700, 8.7)","Theo Wease Jr. (LAC, $4,000, 7.9)","Hunter Henry (NE, $5,100, 8.1)","DeMario Douglas (NE, $5,000, 6.3)","Minnesota Vikings (MIN, $4,600, 9.6)",NE,59800,133.9,164.6,0.0078,103.7
29,"Drake Maye (NE, $7,800, 19.3)","Jahmyr Gibbs (DET, $10,000, 29.7)","D'Andre Swift (CHI, $6,500, 25.6)","Romeo Doubs (NE, $6,000, 10.8)","Tre Tucker (LV, $5,700, 8.7)","DeMario Douglas (NE, $5,000, 6.3)","George Kittle (SF, $6,700, 12.5)","Christian McCaffrey (SF, $8,400, 19.7)","Washington Commanders (WAS, $3,300, 5.6)",NE,59400,138.2,169.0,0.0096,137.8
30,"Drake Maye (NE, $7,800, 19.3)","Jahmyr Gibbs (DET, $10,000, 29.7)","Mike Washington Jr. (LV, $4,900, 5.3)","Amon-Ra St. Brown (DET, $9,000, 22.0)","Michael Wilson (ARI, $6,400, 15.6)","DeMario Douglas (NE, $5,000, 6.3)","George Kittle (SF, $6,700, 12.5)","Hunter Henry (NE, $5,100, 8.1)","Denver Broncos (DEN, $4,700, 7.2)",NE,59600,126.0,157.2,0.0035,92.9
31,"Drake Maye (NE, $7,800, 19.3)","Jahmyr Gibbs (DET, $10,000, 29.7)","Christian McCaffrey (SF, $8,400, 19.7)","Romeo Doubs (NE, $6,000, 10.8)","Tre Tucker (LV, $5,700, 8.7)","DeMario Douglas (NE, $5,000, 6.3)","Sam LaPorta (DET, $6,000, 13.7)","Aaron Jones Sr. (MIN, $6,200, 13.2)","Los Angeles Chargers (LAC, $3,500, 5.8)",NE,58600,127.2,155.7,0.0026,80.0
32,"Drake Maye (NE, $7,800, 19.3)","Jonathan Taylor (IND, $8,600, 22.3)","RJ Harvey (DEN, $6,000, 12.3)","Nico Collins (HOU, $7,800, 16.5)","Michael Wilson (ARI, $6,400, 15.6)","DeMario Douglas (NE, $5,000, 6.3)","Brock Bowers (LV, $7,800, 16.1)","Hunter Henry (NE, $5,100, 8.1)","Minnesota Vikings (MIN, $4,600, 9.6)",NE,59100,126.1,155.0,0.0014,77.6
33,"Drake Maye (NE, $7,800, 19.3)","Jahmyr Gibbs (DET, $10,000, 29.7)","Jaylen Warren (PIT, $6,700, 16.0)","Amon-Ra St. Brown (DET, $9,000, 22.0)","Romeo Doubs (NE, $6,000, 10.8)","Deebo Samuel Sr. (SF, $6,900, 10.4)","Hunter Henry (NE, $5,100, 8.1)","Mike Washington Jr. (LV, $4,900, 5.3)","New Orleans Saints (NO, $3,400, 4.5)",NE,59800,126.1,156.7,0.0033,89.8
34,"Drake Maye (NE, $7,800, 19.3)","Jahmyr Gibbs (DET, $10,000, 29.7)","Cam Skattebo (NYG, $6,900, 13.0)","Christian Watson (GB, $7,000, 14.5)","Romeo Doubs (NE, $6,000, 10.8)","Tre Tucker (LV, $5,700, 8.7)","Trey McBride (ARI, $7,200, 18.8)","Hunter Henry (NE, $5,100, 8.1)","New York Jets (NYJ, $4,000, 6.5)",NE,59700,129.4,159.0,0.0044,87.8
35,"Drake Maye (NE, $7,800, 19.3)","Jonathan Taylor (IND, $8,600, 22.3)","Chase Brown (CIN, $8,000, 16.5)","Jaxon Smith-Njigba (SEA, $9,300, 23.7)","Michael Wilson (ARI, $6,400, 15.6)","Romeo Doubs (NE, $6,000, 10.8)","Hunter Henry (NE, $5,100, 8.1)","Mike Washington Jr. (LV, $4,900, 5.3)","Cleveland Browns (CLE, $3,900, 6.1)",NE,60000,127.7,157.1,0.0028,88.6
36,"Drake Maye (NE, $7,800, 19.3)","Jonathan Taylor (IND, $8,600, 22.3)","TreVeyon Henderson (NE, $5,800, 11.2)","Chris Olave (NO, $8,300, 17.4)","Romeo Doubs (NE, $6,000, 10.8)","Deebo Samuel Sr. (SF, $6,900, 10.4)","Brock Bowers (LV, $7,800, 16.1)","Hunter Henry (NE, $5,100, 8.1)","Miami Dolphins (MIA, $3,000, 3.6)",NE,59300,119.2,148.9,0.0008,67.3
37,"Jacoby Brissett (ARI, $6,800, 19.3)","Chase Brown (CIN, $8,000, 16.5)","Jeremiyah Love (ARI, $6,600, 13.9)","Amon-Ra St. Brown (DET, $9,000, 22.0)","Michael Wilson (ARI, $6,400, 15.6)","Christian Watson (GB, $7,000, 14.5)","Trey McBride (ARI, $7,200, 18.8)","Tyler Warren (IND, $5,500, 10.2)","Los Angeles Chargers (LAC, $3,500, 5.8)",ARI,60000,136.6,169.8,0.0114,84.0
38,"Jacoby Brissett (ARI, $6,800, 19.3)","Christian McCaffrey (SF, $8,400, 19.7)","Cam Skattebo (NYG, $6,900, 13.0)","Amon-Ra St. Brown (DET, $9,000, 22.0)","Roman Wilson (PIT, $5,600, 8.8)","Kendrick Bourne (ARI, $4,900, 7.2)","Trey McBride (ARI, $7,200, 18.8)","George Kittle (SF, $6,700, 12.5)","New England Patriots (NE, $4,500, 7.2)",ARI,60000,128.5,159.2,0.0043,77.2
39,"Jacoby Brissett (ARI, $6,800, 19.3)","Jeremiyah Love (ARI, $6,600, 13.9)","Aaron Jones Sr. (MIN, $6,200, 13.2)","Jaxon Smith-Njigba (SEA, $9,300, 23.7)","Amon-Ra St. Brown (DET, $9,000, 22.0)","Kendrick Bourne (ARI, $4,900, 7.2)","Trey McBride (ARI, $7,200, 18.8)","Pat Freiermuth (PIT, $5,000, 8.5)","Minnesota Vikings (MIN, $4,600, 9.6)",ARI,59600,136.2,168.4,0.0116,100.2
40,"Jacoby Brissett (ARI, $6,800, 19.3)","Quinshon Judkins (CLE, $6,100, 12.0)","TreVeyon Henderson (NE, $5,800, 11.2)","Jaxon Smith-Njigba (SEA, $9,300, 23.7)","Amon-Ra St. Brown (DET, $9,000, 22.0)","Michael Wilson (ARI, $6,400, 15.6)","Trey McBride (ARI, $7,200, 18.8)","AJ Barner (SEA, $4,800, 6.2)","Minnesota Vikings (MIN, $4,600, 9.6)",ARI,60000,138.4,171.6,0.0135,105.3
41,"Jacoby Brissett (ARI, $6,800, 19.3)","Jonathan Taylor (IND, $8,600, 22.3)","Christian McCaffrey (SF, $8,400, 19.7)","Amon-Ra St. Brown (DET, $9,000, 22.0)","Michael Wilson (ARI, $6,400, 15.6)","Garrett Wilson (NYJ, $7,400, 12.3)","Juwan Johnson (NO, $5,400, 10.4)","Kendrick Bourne (ARI, $4,900, 7.2)","Tennessee Titans (TEN, $3,100, 5.0)",ARI,60000,133.8,165.0,0.0067,85.7
42,"Jacoby Brissett (ARI, $6,800, 19.3)","Christian McCaffrey (SF, $8,400, 19.7)","Aaron Jones Sr. (MIN, $6,200, 13.2)","Jaxon Smith-Njigba (SEA, $9,300, 23.7)","Michael Wilson (ARI, $6,400, 15.6)","Jameson Williams (DET, $6,500, 11.6)","Trey McBride (ARI, $7,200, 18.8)","Romeo Doubs (NE, $6,000, 10.8)","Indianapolis Colts (IND, $3,200, 4.6)",ARI,60000,137.3,169.7,0.0103,95.5
43,"Jacoby Brissett (ARI, $6,800, 19.3)","Jonathan Taylor (IND, $8,600, 22.3)","Chase Brown (CIN, $8,000, 16.5)","Michael Wilson (ARI, $6,400, 15.6)","Jameson Williams (DET, $6,500, 11.6)","Mike Evans (SF, $7,100, 10.5)","Trey McBride (ARI, $7,200, 18.8)","Sam LaPorta (DET, $6,000, 13.7)","Washington Commanders (WAS, $3,300, 5.6)",ARI,59900,133.9,165.6,0.0055,76.8
44,"Jacoby Brissett (ARI, $6,800, 19.3)","Jonathan Taylor (IND, $8,600, 22.3)","Aaron Jones Sr. (MIN, $6,200, 13.2)","Amon-Ra St. Brown (DET, $9,000, 22.0)","Michael Wilson (ARI, $6,400, 15.6)","Christian Watson (GB, $7,000, 14.5)","Trey McBride (ARI, $7,200, 18.8)","Dalton Schultz (HOU, $5,300, 9.4)","Washington Commanders (WAS, $3,300, 5.6)",ARI,59800,140.7,173.9,0.0151,94.7
45,"Jacoby Brissett (ARI, $6,800, 19.3)","Jaylen Warren (PIT, $6,700, 16.0)","Emanuel Wilson (SEA, $6,000, 8.6)","Jaxon Smith-Njigba (SEA, $9,300, 23.7)","Amon-Ra St. Brown (DET, $9,000, 22.0)","Michael Wilson (ARI, $6,400, 15.6)","Trey McBride (ARI, $7,200, 18.8)","Chig Okonkwo (WAS, $4,700, 6.5)","Cleveland Browns (CLE, $3,900, 6.1)",ARI,60000,136.6,169.5,0.0111,103.4
46,"Jacoby Brissett (ARI, $6,800, 19.3)","Jonathan Taylor (IND, $8,600, 22.3)","Christian McCaffrey (SF, $8,400, 19.7)","Nico Collins (HOU, $7,800, 16.5)","Michael Wilson (ARI, $6,400, 15.6)","Troy Franklin (DEN, $4,300, 5.2)","Trey McBride (ARI, $7,200, 18.8)","Sam LaPorta (DET, $6,000, 13.7)","New England Patriots (NE, $4,500, 7.2)",ARI,60000,138.3,170.2,0.01,89.1
47,"Kyler Murray (MIN, $7,000, 15.3)","Jonathan Taylor (IND, $8,600, 22.3)","Christian McCaffrey (SF, $8,400, 19.7)","Chris Olave (NO, $8,300, 17.4)","Roman Wilson (PIT, $5,600, 8.8)","Jauan Jennings (MIN, $5,300, 4.7)","Trey McBride (ARI, $7,200, 18.8)","T.J. Hockenson (MIN, $5,200, 8.4)","Chicago Bears (CHI, $4,400, 7.3)",MIN,60000,122.7,151.1,0.0014,78.6
48,"Kyler Murray (MIN, $7,000, 15.3)","Jeremiyah Love (ARI, $6,600, 13.9)","Cam Skattebo (NYG, $6,900, 13.0)","Jaxon Smith-Njigba (SEA, $9,300, 23.7)","Chris Olave (NO, $8,300, 17.4)","Jauan Jennings (MIN, $5,300, 4.7)","Sam LaPorta (DET, $6,000, 13.7)","T.J. Hockenson (MIN, $5,200, 8.4)","Cincinnati Bengals (CIN, $4,900, 8.8)",MIN,59500,118.9,146.4,0.0011,75.6
49,"Kyler Murray (MIN, $7,000, 15.3)","Jonathan Taylor (IND, $8,600, 22.3)","Chase Brown (CIN, $8,000, 16.5)","Chris Olave (NO, $8,300, 17.4)","DK Metcalf (PIT, $6,800, 13.0)","Jauan Jennings (MIN, $5,300, 4.7)","Brock Bowers (LV, $7,800, 16.1)","T.J. Hockenson (MIN, $5,200, 8.4)","Arizona Cardinals (ARI, $3,000, 4.0)",MIN,60000,117.7,145.7,0.0008,67.9
50,"Kyler Murray (MIN, $7,000, 15.3)","Christian McCaffrey (SF, $8,400, 19.7)","Aaron Jones Sr. (MIN, $6,200, 13.2)","Jaxon Smith-Njigba (SEA, $9,300, 23.7)","Amon-Ra St. Brown (DET, $9,000, 22.0)","Jauan Jennings (MIN, $5,300, 4.7)","Juwan Johnson (NO, $5,400, 10.4)","T.J. Hockenson (MIN, $5,200, 8.4)","Las Vegas Raiders (LV, $3,700, 7.0)",MIN,59500,124.4,154.0,0.0016,87.0
51,"Kyler Murray (MIN, $7,000, 15.3)","Christian McCaffrey (SF, $8,400, 19.7)","Quinshon Judkins (CLE, $6,100, 12.0)","Amon-Ra St. Brown (DET, $9,000, 22.0)","Chris Olave (NO, $8,300, 17.4)","Jauan Jennings (MIN, $5,300, 4.7)","Sam LaPorta (DET, $6,000, 13.7)","T.J. Hockenson (MIN, $5,200, 8.4)","Denver Broncos (DEN, $4,700, 7.2)",MIN,60000,120.4,148.3,0.0012,69.8
52,"Kyler Murray (MIN, $7,000, 15.3)","Jonathan Taylor (IND, $8,600, 22.3)","Aaron Jones Sr. (MIN, $6,200, 13.2)","Chris Olave (NO, $8,300, 17.4)","Christian Watson (GB, $7,000, 14.5)","Jauan Jennings (MIN, $5,300, 4.7)","Trey McBride (ARI, $7,200, 18.8)","T.J. Hockenson (MIN, $5,200, 8.4)","New England Patriots (NE, $4,500, 7.2)",MIN,59300,121.8,150.5,0.0022,76.0
53,"Daniel Jones (IND, $6,900, 15.4)","Jonathan Taylor (IND, $8,600, 22.3)","Aaron Jones Sr. (MIN, $6,200, 13.2)","DK Metcalf (PIT, $6,800, 13.0)","Josh Downs (IND, $6,100, 8.9)","Tre Tucker (LV, $5,700, 8.7)","Trey McBride (ARI, $7,200, 18.8)","Tyler Warren (IND, $5,500, 10.2)","Chicago Bears (CHI, $4,400, 7.3)",IND,57400,117.8,146.5,0.0011,66.5
54,"Daniel Jones (IND, $6,900, 15.4)","Chase Brown (CIN, $8,000, 16.5)","Quinshon Judkins (CLE, $6,100, 12.0)","Jaxon Smith-Njigba (SEA, $9,300, 23.7)","Nico Collins (HOU, $7,800, 16.5)","Josh Downs (IND, $6,100, 8.9)","Tyler Warren (IND, $5,500, 10.2)","Roman Wilson (PIT, $5,600, 8.8)","Minnesota Vikings (MIN, $4,600, 9.6)",IND,59900,121.6,149.3,0.0009,78.7
55,"Daniel Jones (IND, $6,900, 15.4)","Chase Brown (CIN, $8,000, 16.5)","Jaylen Warren (PIT, $6,700, 16.0)","Jaxon Smith-Njigba (SEA, $9,300, 23.7)","Chris Olave (NO, $8,300, 17.4)","Josh Downs (IND, $6,100, 8.9)","Juwan Johnson (NO, $5,400, 10.4)","Tyler Warren (IND, $5,500, 10.2)","Las Vegas Raiders (LV, $3,700, 7.0)",IND,59900,125.5,153.6,0.0024,81.4
56,"Daniel Jones (IND, $6,900, 15.4)","Jonathan Taylor (IND, $8,600, 22.3)","Jeremiyah Love (ARI, $6,600, 13.9)","DK Metcalf (PIT, $6,800, 13.0)","Luther Burden III (CHI, $5,900, 10.8)","Josh Downs (IND, $6,100, 8.9)","Trey McBride (ARI, $7,200, 18.8)","Tyler Warren (IND, $5,500, 10.2)","Cleveland Browns (CLE, $3,900, 6.1)",IND,57500,119.4,149.0,0.002,67.9
57,"Daniel Jones (IND, $6,900, 15.4)","Christian McCaffrey (SF, $8,400, 19.7)","Jaylen Warren (PIT, $6,700, 16.0)","Jaxon Smith-Njigba (SEA, $9,300, 23.7)","Garrett Wilson (NYJ, $7,400, 12.3)","Josh Downs (IND, $6,100, 8.9)","Tyler Warren (IND, $5,500, 10.2)","T.J. Hockenson (MIN, $5,200, 8.4)","Chicago Bears (CHI, $4,400, 7.3)",IND,59900,121.9,150.1,0.0016,78.5
58,"Daniel Jones (IND, $6,900, 15.4)","Jaylen Warren (PIT, $6,700, 16.0)","RJ Harvey (DEN, $6,000, 12.3)","Jaxon Smith-Njigba (SEA, $9,300, 23.7)","Amon-Ra St. Brown (DET, $9,000, 22.0)","Jaylen Waddle (DEN, $6,600, 10.9)","Tyler Warren (IND, $5,500, 10.2)","Josh Downs (IND, $6,100, 8.9)","Cleveland Browns (CLE, $3,900, 6.1)",IND,60000,125.5,154.4,0.0028,87.0
59,"Kirk Cousins (LV, $7,100, 17.4)","Jonathan Taylor (IND, $8,600, 22.3)","Aaron Jones Sr. (MIN, $6,200, 13.2)","Nico Collins (HOU, $7,800, 16.5)","Jameson Williams (DET, $6,500, 11.6)","Tre Tucker (LV, $5,700, 8.7)","Brock Bowers (LV, $7,800, 16.1)","TreVeyon Henderson (NE, $5,800, 11.2)","Chicago Bears (CHI, $4,400, 7.3)",LV,59900,124.3,153.3,0.0019,67.4
60,"Kirk Cousins (LV, $7,100, 17.4)","Quinshon Judkins (CLE, $6,100, 12.0)","TreVeyon Henderson (NE, $5,800, 11.2)","Jaxon Smith-Njigba (SEA, $9,300, 23.7)","Nico Collins (HOU, $7,800, 16.5)","Tre Tucker (LV, $5,700, 8.7)","Brock Bowers (LV, $7,800, 16.1)","Sam LaPorta (DET, $6,000, 13.7)","Seattle Seahawks (SEA, $4,300, 7.2)",LV,59900,126.5,156.9,0.0025,80.4
61,"Kirk Cousins (LV, $7,100, 17.4)","Jonathan Taylor (IND, $8,600, 22.3)","Aaron Jones Sr. (MIN, $6,200, 13.2)","Jaxon Smith-Njigba (SEA, $9,300, 23.7)","Tre Tucker (LV, $5,700, 8.7)","Antonio Williams (WAS, $5,200, 8.3)","Brock Bowers (LV, $7,800, 16.1)","TreVeyon Henderson (NE, $5,800, 11.2)","Seattle Seahawks (SEA, $4,300, 7.2)",LV,60000,128.1,158.8,0.0032,87.4
62,"Kirk Cousins (LV, $7,100, 17.4)","Christian McCaffrey (SF, $8,400, 19.7)","TreVeyon Henderson (NE, $5,800, 11.2)","Michael Wilson (ARI, $6,400, 15.6)","Jaylen Waddle (DEN, $6,600, 10.9)","Tre Tucker (LV, $5,700, 8.7)","Trey McBride (ARI, $7,200, 18.8)","Brock Bowers (LV, $7,800, 16.1)","Pittsburgh Steelers (PIT, $4,800, 7.9)",LV,59800,126.3,156.1,0.0031,74.7
63,"Kirk Cousins (LV, $7,100, 17.4)","Chase Brown (CIN, $8,000, 16.5)","Omarion Hampton (LAC, $7,100, 12.7)","Chris Olave (NO, $8,300, 17.4)","Roman Wilson (PIT, $5,600, 8.8)","Tre Tucker (LV, $5,700, 8.7)","Brock Bowers (LV, $7,800, 16.1)","TreVeyon Henderson (NE, $5,800, 11.2)","Seattle Seahawks (SEA, $4,300, 7.2)",LV,59700,116.0,143.7,0.0001,57.7
64,"Kirk Cousins (LV, $7,100, 17.4)","Jonathan Taylor (IND, $8,600, 22.3)","TreVeyon Henderson (NE, $5,800, 11.2)","Nico Collins (HOU, $7,800, 16.5)","Michael Wilson (ARI, $6,400, 15.6)","Tre Tucker (LV, $5,700, 8.7)","Brock Bowers (LV, $7,800, 16.1)","Sam LaPorta (DET, $6,000, 13.7)","Minnesota Vikings (MIN, $4,600, 9.6)",LV,59800,131.1,161.5,0.004,80.5
65,"Brock Purdy (SF, $8,300, 22.0)","Aaron Jones Sr. (MIN, $6,200, 13.2)","Quinshon Judkins (CLE, $6,100, 12.0)","Jaxon Smith-Njigba (SEA, $9,300, 23.7)","Michael Wilson (ARI, $6,400, 15.6)","Jaylen Waddle (DEN, $6,600, 10.9)","George Kittle (SF, $6,700, 12.5)","Mike Evans (SF, $7,100, 10.5)","Indianapolis Colts (IND, $3,200, 4.6)",SF,59900,125.0,155.5,0.0025,79.6
66,"Brock Purdy (SF, $8,300, 22.0)","Jaylen Warren (PIT, $6,700, 16.0)","Jacory Croskey-Merritt (WAS, $5,700, 10.1)","Jaxon Smith-Njigba (SEA, $9,300, 23.7)","Jameson Williams (DET, $6,500, 11.6)","Mike Evans (SF, $7,100, 10.5)","George Kittle (SF, $6,700, 12.5)","Pat Freiermuth (PIT, $5,000, 8.5)","Minnesota Vikings (MIN, $4,600, 9.6)",SF,59900,124.5,154.6,0.002,81.0
67,"Brock Purdy (SF, $8,300, 22.0)","Jonathan Taylor (IND, $8,600, 22.3)","Jeremiyah Love (ARI, $6,600, 13.9)","Jaxon Smith-Njigba (SEA, $9,300, 23.7)","Deebo Samuel Sr. (SF, $6,900, 10.4)","Devaughn Vele (NO, $6,000, 8.7)","George Kittle (SF, $6,700, 12.5)","Theo Wease Jr. (LAC, $4,000, 7.9)","Los Angeles Chargers (LAC, $3,500, 5.8)",SF,59900,127.2,158.2,0.0047,85.5
68,"Brock Purdy (SF, $8,300, 22.0)","Jonathan Taylor (IND, $8,600, 22.3)","Chase Brown (CIN, $8,000, 16.5)","DK Metcalf (PIT, $6,800, 13.0)","Mike Evans (SF, $7,100, 10.5)","Cooper Kupp (SEA, $5,300, 5.7)","George Kittle (SF, $6,700, 12.5)","Dalton Schultz (HOU, $5,300, 9.4)","Las Vegas Raiders (LV, $3,700, 7.0)",SF,59800,118.9,147.7,0.0013,63.8
69,"Brock Purdy (SF, $8,300, 22.0)","Christian McCaffrey (SF, $8,400, 19.7)","Jaylen Warren (PIT, $6,700, 16.0)","Jaxon Smith-Njigba (SEA, $9,300, 23.7)","Mike Evans (SF, $7,100, 10.5)","Deebo Samuel Sr. (SF, $6,900, 10.4)","Juwan Johnson (NO, $5,400, 10.4)","Troy Franklin (DEN, $4,300, 5.2)","Washington Commanders (WAS, $3,300, 5.6)",SF,59700,123.5,154.5,0.0041,81.1
70,"Brock Purdy (SF, $8,300, 22.0)","Jaylen Warren (PIT, $6,700, 16.0)","Omarion Hampton (LAC, $7,100, 12.7)","Jaxon Smith-Njigba (SEA, $9,300, 23.7)","Deebo Samuel Sr. (SF, $6,900, 10.4)","Josh Downs (IND, $6,100, 8.9)","George Kittle (SF, $6,700, 12.5)","Tre' Harris (LAC, $5,500, 7.0)","Washington Commanders (WAS, $3,300, 5.6)",SF,59900,118.8,148.6,0.0011,75.4
71,"Brock Purdy (SF, $8,300, 22.0)","Jaylen Warren (PIT, $6,700, 16.0)","Aaron Jones Sr. (MIN, $6,200, 13.2)","Jaxon Smith-Njigba (SEA, $9,300, 23.7)","Mike Evans (SF, $7,100, 10.5)","Kendrick Bourne (ARI, $4,900, 7.2)","Trey McBride (ARI, $7,200, 18.8)","George Kittle (SF, $6,700, 12.5)","Los Angeles Chargers (LAC, $3,500, 5.8)",SF,59900,129.7,160.4,0.0046,86.9
72,"Brock Purdy (SF, $8,300, 22.0)","Jonathan Taylor (IND, $8,600, 22.3)","Omarion Hampton (LAC, $7,100, 12.7)","Michael Wilson (ARI, $6,400, 15.6)","Mike Evans (SF, $7,100, 10.5)","Rashid Shaheed (SEA, $5,000, 6.1)","George Kittle (SF, $6,700, 12.5)","Tony Pollard (TEN, $5,800, 9.8)","New York Giants (NYG, $4,200, 6.2)",SF,59200,117.7,146.2,0.0008,63.7
73,"Sam Darnold (SEA, $7,200, 19.7)","Jaylen Warren (PIT, $6,700, 16.0)","RJ Harvey (DEN, $6,000, 12.3)","Jaxon Smith-Njigba (SEA, $9,300, 23.7)","Nico Collins (HOU, $7,800, 16.5)","Roman Wilson (PIT, $5,600, 8.8)","George Kittle (SF, $6,700, 12.5)","Rashid Shaheed (SEA, $5,000, 6.1)","Cincinnati Bengals (CIN, $4,900, 8.8)",SEA,59200,124.4,154.3,0.0032,82.5
74,"Sam Darnold (SEA, $7,200, 19.7)","Christian McCaffrey (SF, $8,400, 19.7)","Cam Skattebo (NYG, $6,900, 13.0)","Michael Wilson (ARI, $6,400, 15.6)","Malik Nabers (NYG, $7,300, 10.5)","Rashid Shaheed (SEA, $5,000, 6.1)","Brock Bowers (LV, $7,800, 16.1)","AJ Barner (SEA, $4,800, 6.2)","Cincinnati Bengals (CIN, $4,900, 8.8)",SEA,58700,115.7,143.4,0.0005,59.6
75,"Sam Darnold (SEA, $7,200, 19.7)","Christian McCaffrey (SF, $8,400, 19.7)","Jaylen Warren (PIT, $6,700, 16.0)","Jaxon Smith-Njigba (SEA, $9,300, 23.7)","Christian Watson (GB, $7,000, 14.5)","Luther Burden III (CHI, $5,900, 10.8)","George Kittle (SF, $6,700, 12.5)","AJ Barner (SEA, $4,800, 6.2)","Las Vegas Raiders (LV, $3,700, 7.0)",SEA,59700,130.1,162.4,0.0056,88.1
76,"Sam Darnold (SEA, $7,200, 19.7)","Christian McCaffrey (SF, $8,400, 19.7)","Jeremiyah Love (ARI, $6,600, 13.9)","Jaxon Smith-Njigba (SEA, $9,300, 23.7)","Romeo Doubs (NE, $6,000, 10.8)","Cooper Kupp (SEA, $5,300, 5.7)","Sam LaPorta (DET, $6,000, 13.7)","George Kittle (SF, $6,700, 12.5)","New York Jets (NYJ, $4,000, 6.5)",SEA,59500,126.2,157.3,0.003,79.1
77,"Sam Darnold (SEA, $7,200, 19.7)","Christian McCaffrey (SF, $8,400, 19.7)","Jeremiyah Love (ARI, $6,600, 13.9)","Chris Olave (NO, $8,300, 17.4)","Christian Watson (GB, $7,000, 14.5)","Rashid Shaheed (SEA, $5,000, 6.1)","Sam LaPorta (DET, $6,000, 13.7)","Cooper Kupp (SEA, $5,300, 5.7)","Las Vegas Raiders (LV, $3,700, 7.0)",SEA,57500,117.7,146.1,0.0008,61.9
78,"Sam Darnold (SEA, $7,200, 19.7)","Jonathan Taylor (IND, $8,600, 22.3)","Christian McCaffrey (SF, $8,400, 19.7)","Michael Wilson (ARI, $6,400, 15.6)","Garrett Wilson (NYJ, $7,400, 12.3)","Rashid Shaheed (SEA, $5,000, 6.1)","Trey McBride (ARI, $7,200, 18.8)","AJ Barner (SEA, $4,800, 6.2)","Houston Texans (HOU, $5,000, 7.3)",SEA,60000,128.0,157.6,0.0024,79.8
79,"Sam Darnold (SEA, $7,200, 19.7)","Jonathan Taylor (IND, $8,600, 22.3)","Christian McCaffrey (SF, $8,400, 19.7)","Michael Wilson (ARI, $6,400, 15.6)","Rashid Shaheed (SEA, $5,000, 6.1)","Cooper Kupp (SEA, $5,300, 5.7)","Sam LaPorta (DET, $6,000, 13.7)","Chase Brown (CIN, $8,000, 16.5)","Chicago Bears (CHI, $4,400, 7.3)",SEA,59300,126.6,154.9,0.0016,70.8
80,"Sam Darnold (SEA, $7,200, 19.7)","Jonathan Taylor (IND, $8,600, 22.3)","Christian McCaffrey (SF, $8,400, 19.7)","Michael Wilson (ARI, $6,400, 15.6)","Christian Watson (GB, $7,000, 14.5)","Rashid Shaheed (SEA, $5,000, 6.1)","Brock Bowers (LV, $7,800, 16.1)","AJ Barner (SEA, $4,800, 6.2)","New York Giants (NYG, $4,200, 6.2)",SEA,59400,126.4,156.1,0.0022,77.6
81,"Sam Darnold (SEA, $7,200, 19.7)","Chase Brown (CIN, $8,000, 16.5)","Jaylen Warren (PIT, $6,700, 16.0)","Mike Evans (SF, $7,100, 10.5)","Rashid Shaheed (SEA, $5,000, 6.1)","Cooper Kupp (SEA, $5,300, 5.7)","Trey McBride (ARI, $7,200, 18.8)","Sam LaPorta (DET, $6,000, 13.7)","Minnesota Vikings (MIN, $4,600, 9.6)",SEA,57100,116.6,143.1,0.0002,60.4
82,"Sam Darnold (SEA, $7,200, 19.7)","Chase Brown (CIN, $8,000, 16.5)","Aaron Jones Sr. (MIN, $6,200, 13.2)","Nico Collins (HOU, $7,800, 16.5)","Christian Watson (GB, $7,000, 14.5)","Cooper Kupp (SEA, $5,300, 5.7)","George Kittle (SF, $6,700, 12.5)","AJ Barner (SEA, $4,800, 6.2)","Cincinnati Bengals (CIN, $4,900, 8.8)",SEA,57900,113.6,140.3,0.0001,55.3
83,"Jayden Daniels (WAS, $8,000, 17.5)","Jaylen Warren (PIT, $6,700, 16.0)","Jeremiyah Love (ARI, $6,600, 13.9)","Michael Wilson (ARI, $6,400, 15.6)","DK Metcalf (PIT, $6,800, 13.0)","Malik Nabers (NYG, $7,300, 10.5)","Chig Okonkwo (WAS, $4,700, 6.5)","Antonio Williams (WAS, $5,200, 8.3)","New England Patriots (NE, $4,500, 7.2)",WAS,56200,108.5,134.2,0.0,52.5
84,"Jayden Daniels (WAS, $8,000, 17.5)","Cam Skattebo (NYG, $6,900, 13.0)","TreVeyon Henderson (NE, $5,800, 11.2)","Christian Watson (GB, $7,000, 14.5)","Garrett Wilson (NYJ, $7,400, 12.3)","Antonio Williams (WAS, $5,200, 8.3)","Brock Bowers (LV, $7,800, 16.1)","Dyami Brown (WAS, $4,800, 5.2)","Denver Broncos (DEN, $4,700, 7.2)",WAS,57600,105.3,130.5,0.0001,48.0
85,"Jayden Daniels (WAS, $8,000, 17.5)","Chase Brown (CIN, $8,000, 16.5)","Cam Skattebo (NYG, $6,900, 13.0)","Chris Olave (NO, $8,300, 17.4)","Antonio Williams (WAS, $5,200, 8.3)","Tre' Harris (LAC, $5,500, 7.0)","T.J. Hockenson (MIN, $5,200, 8.4)","Chig Okonkwo (WAS, $4,700, 6.5)","New York Jets (NYJ, $4,000, 6.5)",WAS,55800,101.1,124.5,0.0001,43.0
86,"Jayden Daniels (WAS, $8,000, 17.5)","Chase Brown (CIN, $8,000, 16.5)","Jaylen Warren (PIT, $6,700, 16.0)","Chris Olave (NO, $8,300, 17.4)","Christian Watson (GB, $7,000, 14.5)","Dyami Brown (WAS, $4,800, 5.2)","Isaiah Likely (NYG, $5,300, 9.3)","Treylon Burks (WAS, $5,000, 4.6)","Pittsburgh Steelers (PIT, $4,800, 7.9)",WAS,57900,108.9,133.5,0.0001,56.5
87,"Jayden Daniels (WAS, $8,000, 17.5)","Chase Brown (CIN, $8,000, 16.5)","Cam Skattebo (NYG, $6,900, 13.0)","Nico Collins (HOU, $7,800, 16.5)","DK Metcalf (PIT, $6,800, 13.0)","Dyami Brown (WAS, $4,800, 5.2)","Juwan Johnson (NO, $5,400, 10.4)","Treylon Burks (WAS, $5,000, 4.6)","Houston Texans (HOU, $5,000, 7.3)",WAS,57700,104.0,128.8,0.0001,46.3
88,"Jayden Daniels (WAS, $8,000, 17.5)","Chase Brown (CIN, $8,000, 16.5)","Cam Skattebo (NYG, $6,900, 13.0)","DK Metcalf (PIT, $6,800, 13.0)","Antonio Williams (WAS, $5,200, 8.3)","Dyami Brown (WAS, $4,800, 5.2)","Brock Bowers (LV, $7,800, 16.1)","Dalton Schultz (HOU, $5,300, 9.4)","Denver Broncos (DEN, $4,700, 7.2)",WAS,57500,106.2,130.8,0.0,46.6
89,"Jayden Daniels (WAS, $8,000, 17.5)","Chase Brown (CIN, $8,000, 16.5)","Cam Skattebo (NYG, $6,900, 13.0)","Nico Collins (HOU, $7,800, 16.5)","Michael Wilson (ARI, $6,400, 15.6)","Jameson Williams (DET, $6,500, 11.6)","Chig Okonkwo (WAS, $4,700, 6.5)","Antonio Williams (WAS, $5,200, 8.3)","New Orleans Saints (NO, $3,400, 4.5)",WAS,56900,110.0,136.0,0.0,49.5
90,"Jayden Daniels (WAS, $8,000, 17.5)","Chase Brown (CIN, $8,000, 16.5)","Jaylen Warren (PIT, $6,700, 16.0)","Chris Olave (NO, $8,300, 17.4)","Malik Nabers (NYG, $7,300, 10.5)","Dyami Brown (WAS, $4,800, 5.2)","Chig Okonkwo (WAS, $4,700, 6.5)","RJ Harvey (DEN, $6,000, 12.3)","Cincinnati Bengals (CIN, $4,900, 8.8)",WAS,58700,110.7,135.1,0.0,53.5
91,"Jayden Daniels (WAS, $8,000, 17.5)","Aaron Jones Sr. (MIN, $6,200, 13.2)","Cam Skattebo (NYG, $6,900, 13.0)","Chris Olave (NO, $8,300, 17.4)","Nico Collins (HOU, $7,800, 16.5)","Antonio Williams (WAS, $5,200, 8.3)","Sam LaPorta (DET, $6,000, 13.7)","Chig Okonkwo (WAS, $4,700, 6.5)","Pittsburgh Steelers (PIT, $4,800, 7.9)",WAS,57900,114.0,140.2,0.0001,55.3
92,"Aaron Rodgers (PIT, $7,000, 17.4)","Chase Brown (CIN, $8,000, 16.5)","Jaylen Warren (PIT, $6,700, 16.0)","Nico Collins (HOU, $7,800, 16.5)","DK Metcalf (PIT, $6,800, 13.0)","Matthew Golden (GB, $6,300, 10.5)","Tyler Warren (IND, $5,500, 10.2)","Germie Bernard (PIT, $5,200, 5.6)","Minnesota Vikings (MIN, $4,600, 9.6)",PIT,57900,115.3,142.4,0.0003,61.1
93,"Aaron Rodgers (PIT, $7,000, 17.4)","Aaron Jones Sr. (MIN, $6,200, 13.2)","Omarion Hampton (LAC, $7,100, 12.7)","Chris Olave (NO, $8,300, 17.4)","Nico Collins (HOU, $7,800, 16.5)","DK Metcalf (PIT, $6,800, 13.0)","Tyler Warren (IND, $5,500, 10.2)","Pat Freiermuth (PIT, $5,000, 8.5)","Detroit Lions (DET, $4,100, 4.7)",PIT,57800,113.6,140.6,0.0002,57.6
94,"Aaron Rodgers (PIT, $7,000, 17.4)","Jaylen Warren (PIT, $6,700, 16.0)","Quinshon Judkins (CLE, $6,100, 12.0)","Nico Collins (HOU, $7,800, 16.5)","DK Metcalf (PIT, $6,800, 13.0)","Germie Bernard (PIT, $5,200, 5.6)","Brock Bowers (LV, $7,800, 16.1)","Tyler Warren (IND, $5,500, 10.2)","Chicago Bears (CHI, $4,400, 7.3)",PIT,57300,114.1,141.7,0.0001,58.4
95,"Aaron Rodgers (PIT, $7,000, 17.4)","Aaron Jones Sr. (MIN, $6,200, 13.2)","TreVeyon Henderson (NE, $5,800, 11.2)","DK Metcalf (PIT, $6,800, 13.0)","Malik Nabers (NYG, $7,300, 10.5)","Roman Wilson (PIT, $5,600, 8.8)","Brock Bowers (LV, $7,800, 16.1)","Tyler Warren (IND, $5,500, 10.2)","Minnesota Vikings (MIN, $4,600, 9.6)",PIT,56600,110.0,135.9,0.0002,53.0
96,"Aaron Rodgers (PIT, $7,000, 17.4)","Chase Brown (CIN, $8,000, 16.5)","Jeremiyah Love (ARI, $6,600, 13.9)","DK Metcalf (PIT, $6,800, 13.0)","Denzel Boston (CLE, $5,800, 9.6)","Roman Wilson (PIT, $5,600, 8.8)","Sam LaPorta (DET, $6,000, 13.7)","Tyler Warren (IND, $5,500, 10.2)","Minnesota Vikings (MIN, $4,600, 9.6)",PIT,55900,112.7,138.5,0.0001,51.9
97,"Aaron Rodgers (PIT, $7,000, 17.4)","Jeremiyah Love (ARI, $6,600, 13.9)","TreVeyon Henderson (NE, $5,800, 11.2)","Christian Watson (GB, $7,000, 14.5)","Malik Nabers (NYG, $7,300, 10.5)","Josh Downs (IND, $6,100, 8.9)","Pat Freiermuth (PIT, $5,000, 8.5)","Roman Wilson (PIT, $5,600, 8.8)","Minnesota Vikings (MIN, $4,600, 9.6)",PIT,55000,103.3,128.0,0.0,47.1
98,"Aaron Rodgers (PIT, $7,000, 17.4)","TreVeyon Henderson (NE, $5,800, 11.2)","Tony Pollard (TEN, $5,800, 9.8)","Christian Watson (GB, $7,000, 14.5)","Matthew Golden (GB, $6,300, 10.5)","Roman Wilson (PIT, $5,600, 8.8)","Tyler Warren (IND, $5,500, 10.2)","Pat Freiermuth (PIT, $5,000, 8.5)","Minnesota Vikings (MIN, $4,600, 9.6)",PIT,52600,100.5,125.7,0.0,45.6
99,"Aaron Rodgers (PIT, $7,000, 17.4)","Quinshon Judkins (CLE, $6,100, 12.0)","TreVeyon Henderson (NE, $5,800, 11.2)","Christian Watson (GB, $7,000, 14.5)","DK Metcalf (PIT, $6,800, 13.0)","Roman Wilson (PIT, $5,600, 8.8)","Brock Bowers (LV, $7,800, 16.1)","Tyler Warren (IND, $5,500, 10.2)","Cleveland Browns (CLE, $3,900, 6.1)",PIT,55500,109.3,136.5,0.0001,51.5
100,"Aaron Rodgers (PIT, $7,000, 17.4)","Jaylen Warren (PIT, $6,700, 16.0)","TreVeyon Henderson (NE, $5,800, 11.2)","Nico Collins (HOU, $7,800, 16.5)","Christian Watson (GB, $7,000, 14.5)","DK Metcalf (PIT, $6,800, 13.0)","Tyler Warren (IND, $5,500, 10.2)","Pat Freiermuth (PIT, $5,000, 8.5)","Cincinnati Bengals (CIN, $4,900, 8.8)",PIT,56500,116.1,144.9,0.0005,61.2
101,"C.J. Stroud (HOU, $7,300, 18.6)","Jacory Croskey-Merritt (WAS, $5,700, 10.1)","Tony Pollard (TEN, $5,800, 9.8)","Nico Collins (HOU, $7,800, 16.5)","Christian Watson (GB, $7,000, 14.5)","Mitch Tinsley (CIN, $4,900, 7.6)","Brock Bowers (LV, $7,800, 16.1)","Xavier Hutchinson (HOU, $5,500, 7.4)","Denver Broncos (DEN, $4,700, 7.2)",HOU,56500,107.8,134.6,0.0001,52.5
102,"C.J. Stroud (HOU, $7,300, 18.6)","Jaylen Warren (PIT, $6,700, 16.0)","Tony Pollard (TEN, $5,800, 9.8)","Chris Olave (NO, $8,300, 17.4)","Nico Collins (HOU, $7,800, 16.5)","Christian Watson (GB, $7,000, 14.5)","Brock Bowers (LV, $7,800, 16.1)","Xavier Hutchinson (HOU, $5,500, 7.4)","Washington Commanders (WAS, $3,300, 5.6)",HOU,59500,121.9,151.5,0.0016,68.9
103,"C.J. Stroud (HOU, $7,300, 18.6)","Jeremiyah Love (ARI, $6,600, 13.9)","Tony Pollard (TEN, $5,800, 9.8)","Nico Collins (HOU, $7,800, 16.5)","Christian Watson (GB, $7,000, 14.5)","Xavier Hutchinson (HOU, $5,500, 7.4)","Brock Bowers (LV, $7,800, 16.1)","Hunter Henry (NE, $5,100, 8.1)","Cincinnati Bengals (CIN, $4,900, 8.8)",HOU,57800,113.7,141.4,0.0003,58.0
104,"C.J. Stroud (HOU, $7,300, 18.6)","Jaylen Warren (PIT, $6,700, 16.0)","Tony Pollard (TEN, $5,800, 9.8)","Chris Olave (NO, $8,300, 17.4)","Nico Collins (HOU, $7,800, 16.5)","Luther Burden III (CHI, $5,900, 10.8)","George Kittle (SF, $6,700, 12.5)","Dalton Schultz (HOU, $5,300, 9.4)","Chicago Bears (CHI, $4,400, 7.3)",HOU,58200,118.3,145.7,0.0004,62.5
105,"C.J. Stroud (HOU, $7,300, 18.6)","RJ Harvey (DEN, $6,000, 12.3)","Tony Pollard (TEN, $5,800, 9.8)","Chris Olave (NO, $8,300, 17.4)","Nico Collins (HOU, $7,800, 16.5)","Rome Odunze (CHI, $6,200, 9.7)","Tucker Kraft (GB, $5,600, 10.0)","Dalton Schultz (HOU, $5,300, 9.4)","Pittsburgh Steelers (PIT, $4,800, 7.9)",HOU,57100,111.6,138.8,0.0001,54.2
106,"C.J. Stroud (HOU, $7,300, 18.6)","Chase Brown (CIN, $8,000, 16.5)","David Montgomery (HOU, $6,800, 10.1)","Nico Collins (HOU, $7,800, 16.5)","DK Metcalf (PIT, $6,800, 13.0)","Wan'Dale Robinson (TEN, $5,200, 8.4)","Pat Freiermuth (PIT, $5,000, 8.5)","Kayshon Boutte (HOU, $5,100, 5.6)","Minnesota Vikings (MIN, $4,600, 9.6)",HOU,56600,106.8,133.1,0.0002,52.3
107,"C.J. Stroud (HOU, $7,300, 18.6)","Omarion Hampton (LAC, $7,100, 12.7)","Tony Pollard (TEN, $5,800, 9.8)","Nico Collins (HOU, $7,800, 16.5)","Jaylen Waddle (DEN, $6,600, 10.9)","Deebo Samuel Sr. (SF, $6,900, 10.4)","George Kittle (SF, $6,700, 12.5)","Dalton Schultz (HOU, $5,300, 9.4)","Minnesota Vikings (MIN, $4,600, 9.6)",HOU,58100,110.4,136.9,0.0002,53.7
108,"C.J. Stroud (HOU, $7,300, 18.6)","Jeremiyah Love (ARI, $6,600, 13.9)","Tony Pollard (TEN, $5,800, 9.8)","Nico Collins (HOU, $7,800, 16.5)","Garrett Wilson (NYJ, $7,400, 12.3)","Mike Evans (SF, $7,100, 10.5)","Dalton Schultz (HOU, $5,300, 9.4)","Matthew Golden (GB, $6,300, 10.5)","Cincinnati Bengals (CIN, $4,900, 8.8)",HOU,58500,110.3,136.9,0.0003,51.5
109,"Bo Nix (DEN, $7,600, 16.9)","Chase Brown (CIN, $8,000, 16.5)","Omarion Hampton (LAC, $7,100, 12.7)","Chris Olave (NO, $8,300, 17.4)","Jameson Williams (DET, $6,500, 11.6)","Jaylen Waddle (DEN, $6,600, 10.9)","Isaiah Likely (NYG, $5,300, 9.3)","Courtland Sutton (DEN, $5,900, 8.5)","New England Patriots (NE, $4,500, 7.2)",DEN,59800,111.0,137.0,0.0,51.0
110,"Bo Nix (DEN, $7,600, 16.9)","Omarion Hampton (LAC, $7,100, 12.7)","TreVeyon Henderson (NE, $5,800, 11.2)","Christian Watson (GB, $7,000, 14.5)","Jaylen Waddle (DEN, $6,600, 10.9)","Courtland Sutton (DEN, $5,900, 8.5)","Brock Bowers (LV, $7,800, 16.1)","Tyler Warren (IND, $5,500, 10.2)","Minnesota Vikings (MIN, $4,600, 9.6)",DEN,57900,110.6,137.4,0.0,55.1
111,"Bo Nix (DEN, $7,600, 16.9)","Jaylen Warren (PIT, $6,700, 16.0)","Omarion Hampton (LAC, $7,100, 12.7)","Garrett Wilson (NYJ, $7,400, 12.3)","Jaylen Waddle (DEN, $6,600, 10.9)","Courtland Sutton (DEN, $5,900, 8.5)","Brock Bowers (LV, $7,800, 16.1)","KC Concepcion Jr. (CLE, $5,600, 8.4)","Minnesota Vikings (MIN, $4,600, 9.6)",DEN,59300,111.4,137.7,0.0003,55.5
112,"Bo Nix (DEN, $7,600, 16.9)","Jaylen Warren (PIT, $6,700, 16.0)","Omarion Hampton (LAC, $7,100, 12.7)","Jaylen Waddle (DEN, $6,600, 10.9)","Courtland Sutton (DEN, $5,900, 8.5)","Kalif Raymond (CHI, $5,100, 8.0)","Brock Bowers (LV, $7,800, 16.1)","Juwan Johnson (NO, $5,400, 10.4)","San Francisco 49ers (SF, $3,800, 4.9)",DEN,56000,104.4,129.8,0.0,45.9
113,"Bo Nix (DEN, $7,600, 16.9)","Jaylen Warren (PIT, $6,700, 16.0)","Omarion Hampton (LAC, $7,100, 12.7)","Jameson Williams (DET, $6,500, 11.6)","Jaylen Waddle (DEN, $6,600, 10.9)","Courtland Sutton (DEN, $5,900, 8.5)","Tyler Warren (IND, $5,500, 10.2)","RJ Harvey (DEN, $6,000, 12.3)","Houston Texans (HOU, $5,000, 7.3)",DEN,56900,106.4,131.5,0.0,43.8
114,"Bo Nix (DEN, $7,600, 16.9)","Jaylen Warren (PIT, $6,700, 16.0)","Omarion Hampton (LAC, $7,100, 12.7)","Jaylen Waddle (DEN, $6,600, 10.9)","Malik Nabers (NYG, $7,300, 10.5)","Josh Downs (IND, $6,100, 8.9)","Sam LaPorta (DET, $6,000, 13.7)","Courtland Sutton (DEN, $5,900, 8.5)","Las Vegas Raiders (LV, $3,700, 7.0)",DEN,57000,105.1,130.4,0.0001,44.1
115,"Bo Nix (DEN, $7,600, 16.9)","Omarion Hampton (LAC, $7,100, 12.7)","RJ Harvey (DEN, $6,000, 12.3)","DK Metcalf (PIT, $6,800, 13.0)","Jaylen Waddle (DEN, $6,600, 10.9)","Romeo Doubs (NE, $6,000, 10.8)","George Kittle (SF, $6,700, 12.5)","Evan Engram (DEN, $4,900, 5.3)","Cincinnati Bengals (CIN, $4,900, 8.8)",DEN,56600,103.2,129.3,0.0002,48.6
116,"Bo Nix (DEN, $7,600, 16.9)","Chase Brown (CIN, $8,000, 16.5)","Jeremiyah Love (ARI, $6,600, 13.9)","Jaylen Waddle (DEN, $6,600, 10.9)","Romeo Doubs (NE, $6,000, 10.8)","Courtland Sutton (DEN, $5,900, 8.5)","Brock Bowers (LV, $7,800, 16.1)","Omarion Hampton (LAC, $7,100, 12.7)","Chicago Bears (CHI, $4,400, 7.3)",DEN,60000,113.6,140.0,0.0002,51.7
117,"Geno Smith (NYJ, $6,700, 14.5)","Chase Brown (CIN, $8,000, 16.5)","Quinshon Judkins (CLE, $6,100, 12.0)","Christian Watson (GB, $7,000, 14.5)","Garrett Wilson (NYJ, $7,400, 12.3)","Jameson Williams (DET, $6,500, 11.6)","Juwan Johnson (NO, $5,400, 10.4)","Kenyon Sadiq (NYJ, $5,100, 6.8)","New England Patriots (NE, $4,500, 7.2)",NYJ,56700,105.8,130.8,0.0,44.8
118,"Geno Smith (NYJ, $6,700, 14.5)","Aaron Jones Sr. (MIN, $6,200, 13.2)","Quinshon Judkins (CLE, $6,100, 12.0)","Christian Watson (GB, $7,000, 14.5)","Garrett Wilson (NYJ, $7,400, 12.3)","Malik Nabers (NYG, $7,300, 10.5)","Brock Bowers (LV, $7,800, 16.1)","Kenyon Sadiq (NYJ, $5,100, 6.8)","Los Angeles Chargers (LAC, $3,500, 5.8)",NYJ,57100,105.7,131.7,0.0001,47.3
119,"Geno Smith (NYJ, $6,700, 14.5)","Chase Brown (CIN, $8,000, 16.5)","Quinshon Judkins (CLE, $6,100, 12.0)","Garrett Wilson (NYJ, $7,400, 12.3)","Jaylen Waddle (DEN, $6,600, 10.9)","Luther Burden III (CHI, $5,900, 10.8)","Kenyon Sadiq (NYJ, $5,100, 6.8)","Josh Downs (IND, $6,100, 8.9)","Houston Texans (HOU, $5,000, 7.3)",NYJ,56900,100.0,123.5,0.0,41.0
120,"Geno Smith (NYJ, $6,700, 14.5)","Quinshon Judkins (CLE, $6,100, 12.0)","TreVeyon Henderson (NE, $5,800, 11.2)","Chris Olave (NO, $8,300, 17.4)","Garrett Wilson (NYJ, $7,400, 12.3)","Romeo Doubs (NE, $6,000, 10.8)","Kenyon Sadiq (NYJ, $5,100, 6.8)","Deebo Samuel Sr. (SF, $6,900, 10.4)","Cincinnati Bengals (CIN, $4,900, 8.8)",NYJ,57200,104.2,129.6,0.0,51.2
121,"Geno Smith (NYJ, $6,700, 14.5)","Jeremiyah Love (ARI, $6,600, 13.9)","David Montgomery (HOU, $6,800, 10.1)","Chris Olave (NO, $8,300, 17.4)","Christian Watson (GB, $7,000, 14.5)","Garrett Wilson (NYJ, $7,400, 12.3)","Kenyon Sadiq (NYJ, $5,100, 6.8)","Denzel Boston (CLE, $5,800, 9.6)","Cincinnati Bengals (CIN, $4,900, 8.8)",NYJ,58600,107.9,133.9,0.0002,55.6
122,"Geno Smith (NYJ, $6,700, 14.5)","Omarion Hampton (LAC, $7,100, 12.7)","RJ Harvey (DEN, $6,000, 12.3)","Garrett Wilson (NYJ, $7,400, 12.3)","Matthew Golden (GB, $6,300, 10.5)","Courtland Sutton (DEN, $5,900, 8.5)","Harold Fannin Jr. (CLE, $5,400, 9.2)","Kenyon Sadiq (NYJ, $5,100, 6.8)","New England Patriots (NE, $4,500, 7.2)",NYJ,54400,94.0,117.0,0.0001,36.6
123,"Jordan Love (GB, $7,400, 17.7)","Chase Brown (CIN, $8,000, 16.5)","Jeremiyah Love (ARI, $6,600, 13.9)","Luther Burden III (CHI, $5,900, 10.8)","Matthew Golden (GB, $6,300, 10.5)","Denzel Boston (CLE, $5,800, 9.6)","George Kittle (SF, $6,700, 12.5)","Tucker Kraft (GB, $5,600, 10.0)","Las Vegas Raiders (LV, $3,700, 7.0)",GB,56000,108.5,133.8,0.0001,45.2
124,"Jordan Love (GB, $7,400, 17.7)","Jeremiyah Love (ARI, $6,600, 13.9)","Cam Skattebo (NYG, $6,900, 13.0)","Chris Olave (NO, $8,300, 17.4)","DK Metcalf (PIT, $6,800, 13.0)","Matthew Golden (GB, $6,300, 10.5)","Tucker Kraft (GB, $5,600, 10.0)","Kalif Raymond (CHI, $5,100, 8.0)","Cincinnati Bengals (CIN, $4,900, 8.8)",GB,57900,112.3,138.7,0.0,55.6
125,"Jordan Love (GB, $7,400, 17.7)","Cam Skattebo (NYG, $6,900, 13.0)","RJ Harvey (DEN, $6,000, 12.3)","Chris Olave (NO, $8,300, 17.4)","Luther Burden III (CHI, $5,900, 10.8)","Matthew Golden (GB, $6,300, 10.5)","Tucker Kraft (GB, $5,600, 10.0)","Harold Fannin Jr. (CLE, $5,400, 9.2)","Cincinnati Bengals (CIN, $4,900, 8.8)",GB,56700,109.7,136.0,0.0002,51.7
126,"Jordan Love (GB, $7,400, 17.7)","Jeremiyah Love (ARI, $6,600, 13.9)","Quinshon Judkins (CLE, $6,100, 12.0)","DK Metcalf (PIT, $6,800, 13.0)","Matthew Golden (GB, $6,300, 10.5)","Denzel Boston (CLE, $5,800, 9.6)","Tucker Kraft (GB, $5,600, 10.0)","Colston Loveland (CHI, $5,700, 7.1)","Houston Texans (HOU, $5,000, 7.3)",GB,55300,101.1,125.8,0.0,40.3
127,"Jordan Love (GB, $7,400, 17.7)","Omarion Hampton (LAC, $7,100, 12.7)","David Montgomery (HOU, $6,800, 10.1)","Jaylen Waddle (DEN, $6,600, 10.9)","Matthew Golden (GB, $6,300, 10.5)","Rome Odunze (CHI, $6,200, 9.7)","Tucker Kraft (GB, $5,600, 10.0)","Pat Freiermuth (PIT, $5,000, 8.5)","Minnesota Vikings (MIN, $4,600, 9.6)",GB,55600,99.7,124.6,0.0,42.7
128,"Jordan Love (GB, $7,400, 17.7)","Aaron Jones Sr. (MIN, $6,200, 13.2)","Omarion Hampton (LAC, $7,100, 12.7)","Luther Burden III (CHI, $5,900, 10.8)","Malik Nabers (NYG, $7,300, 10.5)","Matthew Golden (GB, $6,300, 10.5)","Juwan Johnson (NO, $5,400, 10.4)","Tucker Kraft (GB, $5,600, 10.0)","New York Giants (NYG, $4,200, 6.2)",GB,55400,102.0,126.5,0.0,39.3
129,"Jameis Winston (NYG, $6,800, 11.4)","Aaron Jones Sr. (MIN, $6,200, 13.2)","Jacory Croskey-Merritt (WAS, $5,700, 10.1)","Jaylen Waddle (DEN, $6,600, 10.9)","Malik Nabers (NYG, $7,300, 10.5)","Deebo Samuel Sr. (SF, $6,900, 10.4)","Sam LaPorta (DET, $6,000, 13.7)","Malachi Fields (NYG, $5,500, 5.5)","Cincinnati Bengals (CIN, $4,900, 8.8)",NYG,55900,94.5,117.1,0.0,38.6
130,"Jameis Winston (NYG, $6,800, 11.4)","Omarion Hampton (LAC, $7,100, 12.7)","Jacory Croskey-Merritt (WAS, $5,700, 10.1)","Malik Nabers (NYG, $7,300, 10.5)","Rome Odunze (CHI, $6,200, 9.7)","Devaughn Vele (NO, $6,000, 8.7)","Juwan Johnson (NO, $5,400, 10.4)","Isaiah Likely (NYG, $5,300, 9.3)","Las Vegas Raiders (LV, $3,700, 7.0)",NYG,53500,89.8,112.2,0.0,31.7
131,"Jameis Winston (NYG, $6,800, 11.4)","Aaron Jones Sr. (MIN, $6,200, 13.2)","Cam Skattebo (NYG, $6,900, 13.0)","Garrett Wilson (NYJ, $7,400, 12.3)","Malik Nabers (NYG, $7,300, 10.5)","Malachi Fields (NYG, $5,500, 5.5)","Sam LaPorta (DET, $6,000, 13.7)","Treylon Burks (WAS, $5,000, 4.6)","Pittsburgh Steelers (PIT, $4,800, 7.9)",NYG,55900,92.1,115.4,0.0,35.6
132,"Jameis Winston (NYG, $6,800, 11.4)","Cam Skattebo (NYG, $6,900, 13.0)","TreVeyon Henderson (NE, $5,800, 11.2)","DK Metcalf (PIT, $6,800, 13.0)","Malik Nabers (NYG, $7,300, 10.5)","Matthew Golden (GB, $6,300, 10.5)","Isaiah Likely (NYG, $5,300, 9.3)","Antonio Williams (WAS, $5,200, 8.3)","Pittsburgh Steelers (PIT, $4,800, 7.9)",NYG,55200,95.1,118.8,0.0,39.4
133,"Jameis Winston (NYG, $6,800, 11.4)","Aaron Jones Sr. (MIN, $6,200, 13.2)","Quinshon Judkins (CLE, $6,100, 12.0)","DK Metcalf (PIT, $6,800, 13.0)","Jameson Williams (DET, $6,500, 11.6)","Malik Nabers (NYG, $7,300, 10.5)","Isaiah Likely (NYG, $5,300, 9.3)","Jacory Croskey-Merritt (WAS, $5,700, 10.1)","Minnesota Vikings (MIN, $4,600, 9.6)",NYG,55300,100.7,124.1,0.0,42.2
134,"Jameis Winston (NYG, $6,800, 11.4)","Aaron Jones Sr. (MIN, $6,200, 13.2)","Cam Skattebo (NYG, $6,900, 13.0)","Malik Nabers (NYG, $7,300, 10.5)","Mike Evans (SF, $7,100, 10.5)","Rome Odunze (CHI, $6,200, 9.7)","Isaiah Likely (NYG, $5,300, 9.3)","Jacory Croskey-Merritt (WAS, $5,700, 10.1)","Denver Broncos (DEN, $4,700, 7.2)",NYG,56200,94.9,118.1,0.0,33.4
135,"Justin Herbert (LAC, $7,100, 15.2)","Jeremiyah Love (ARI, $6,600, 13.9)","David Montgomery (HOU, $6,800, 10.1)","Garrett Wilson (NYJ, $7,400, 12.3)","Jameson Williams (DET, $6,500, 11.6)","Jaylen Waddle (DEN, $6,600, 10.9)","Oronde Gadsden II (LAC, $5,000, 6.8)","Theo Wease Jr. (LAC, $4,000, 7.9)","Chicago Bears (CHI, $4,400, 7.3)",LAC,54400,96.0,118.7,0.0,36.6
136,"Justin Herbert (LAC, $7,100, 15.2)","RJ Harvey (DEN, $6,000, 12.3)","David Montgomery (HOU, $6,800, 10.1)","Jameson Williams (DET, $6,500, 11.6)","Theo Wease Jr. (LAC, $4,000, 7.9)","Tre' Harris (LAC, $5,500, 7.0)","T.J. Hockenson (MIN, $5,200, 8.4)","Mike Gesicki (CIN, $5,200, 8.4)","New York Jets (NYJ, $4,000, 6.5)",LAC,50300,87.4,108.5,0.0,28.6
137,"Justin Herbert (LAC, $7,100, 15.2)","Jeremiyah Love (ARI, $6,600, 13.9)","TreVeyon Henderson (NE, $5,800, 11.2)","DK Metcalf (PIT, $6,800, 13.0)","Jaylen Waddle (DEN, $6,600, 10.9)","Malik Nabers (NYG, $7,300, 10.5)","Oronde Gadsden II (LAC, $5,000, 6.8)","Theo Wease Jr. (LAC, $4,000, 7.9)","Chicago Bears (CHI, $4,400, 7.3)",LAC,53600,96.7,119.9,0.0,38.8
138,"Justin Herbert (LAC, $7,100, 15.2)","TreVeyon Henderson (NE, $5,800, 11.2)","Jacory Croskey-Merritt (WAS, $5,700, 10.1)","Jaylen Waddle (DEN, $6,600, 10.9)","Deebo Samuel Sr. (SF, $6,900, 10.4)","Theo Wease Jr. (LAC, $4,000, 7.9)","Hunter Henry (NE, $5,100, 8.1)","Tre' Harris (LAC, $5,500, 7.0)","New England Patriots (NE, $4,500, 7.2)",LAC,51200,88.0,109.4,0.0,31.9
139,"Tyler Shough (NO, $7,700, 20.2)","Aaron Jones Sr. (MIN, $6,200, 13.2)","TreVeyon Henderson (NE, $5,800, 11.2)","DK Metcalf (PIT, $6,800, 13.0)","Malik Nabers (NYG, $7,300, 10.5)","Devaughn Vele (NO, $6,000, 8.7)","Juwan Johnson (NO, $5,400, 10.4)","Mike Gesicki (CIN, $5,200, 8.4)","Houston Texans (HOU, $5,000, 7.3)",NO,55400,102.9,127.7,0.0,41.6
140,"Tyler Shough (NO, $7,700, 20.2)","Aaron Jones Sr. (MIN, $6,200, 13.2)","TreVeyon Henderson (NE, $5,800, 11.2)","Luther Burden III (CHI, $5,900, 10.8)","Mike Evans (SF, $7,100, 10.5)","Devaughn Vele (NO, $6,000, 8.7)","George Kittle (SF, $6,700, 12.5)","Juwan Johnson (NO, $5,400, 10.4)","Cincinnati Bengals (CIN, $4,900, 8.8)",NO,55700,106.3,132.1,0.0001,45.6
141,"Tyler Shough (NO, $7,700, 20.2)","Aaron Jones Sr. (MIN, $6,200, 13.2)","Tony Pollard (TEN, $5,800, 9.8)","Luther Burden III (CHI, $5,900, 10.8)","Malik Nabers (NYG, $7,300, 10.5)","Devaughn Vele (NO, $6,000, 8.7)","Juwan Johnson (NO, $5,400, 10.4)","Kayshon Boutte (HOU, $5,100, 5.6)","Las Vegas Raiders (LV, $3,700, 7.0)",NO,53100,96.2,119.5,0.0,36.4
142,"Tyler Shough (NO, $7,700, 20.2)","Cam Skattebo (NYG, $6,900, 13.0)","Quinshon Judkins (CLE, $6,100, 12.0)","DK Metcalf (PIT, $6,800, 13.0)","Garrett Wilson (NYJ, $7,400, 12.3)","Devaughn Vele (NO, $6,000, 8.7)","Juwan Johnson (NO, $5,400, 10.4)","T.J. Hockenson (MIN, $5,200, 8.4)","Chicago Bears (CHI, $4,400, 7.3)",NO,55900,105.3,130.4,0.0,43.3
143,"Tyler Shough (NO, $7,700, 20.2)","Omarion Hampton (LAC, $7,100, 12.7)","RJ Harvey (DEN, $6,000, 12.3)","Josh Downs (IND, $6,100, 8.9)","Devaughn Vele (NO, $6,000, 8.7)","Kevin Austin Jr. (NO, $4,700, 4.4)","Dalton Schultz (HOU, $5,300, 9.4)","T.J. Hockenson (MIN, $5,200, 8.4)","Cincinnati Bengals (CIN, $4,900, 8.8)",NO,53000,93.8,116.1,0.0,36.7
144,"Deshaun Watson (CLE, $6,900, 17.1)","Jeremiyah Love (ARI, $6,600, 13.9)","RJ Harvey (DEN, $6,000, 12.3)","DK Metcalf (PIT, $6,800, 13.0)","Garrett Wilson (NYJ, $7,400, 12.3)","Denzel Boston (CLE, $5,800, 9.6)","Tyler Warren (IND, $5,500, 10.2)","Harold Fannin Jr. (CLE, $5,400, 9.2)","Chicago Bears (CHI, $4,400, 7.3)",CLE,54800,104.9,129.8,0.0,44.1
145,"Deshaun Watson (CLE, $6,900, 17.1)","Quinshon Judkins (CLE, $6,100, 12.0)","David Montgomery (HOU, $6,800, 10.1)","Garrett Wilson (NYJ, $7,400, 12.3)","Rome Odunze (CHI, $6,200, 9.7)","KC Concepcion Jr. (CLE, $5,600, 8.4)","George Kittle (SF, $6,700, 12.5)","Harold Fannin Jr. (CLE, $5,400, 9.2)","Pittsburgh Steelers (PIT, $4,800, 7.9)",CLE,55900,99.2,124.1,0.0,37.7
146,"Deshaun Watson (CLE, $6,900, 17.1)","Jacory Croskey-Merritt (WAS, $5,700, 10.1)","MarShawn Lloyd (GB, $5,500, 8.3)","Garrett Wilson (NYJ, $7,400, 12.3)","Matthew Golden (GB, $6,300, 10.5)","Roman Wilson (PIT, $5,600, 8.8)","Harold Fannin Jr. (CLE, $5,400, 9.2)","KC Concepcion Jr. (CLE, $5,600, 8.4)","Cincinnati Bengals (CIN, $4,900, 8.8)",CLE,53300,93.5,116.4,0.0,38.0
147,"Deshaun Watson (CLE, $6,900, 17.1)","Omarion Hampton (LAC, $7,100, 12.7)","Jacory Croskey-Merritt (WAS, $5,700, 10.1)","Garrett Wilson (NYJ, $7,400, 12.3)","Matthew Golden (GB, $6,300, 10.5)","Jerry Jeudy (CLE, $5,100, 4.7)","Harold Fannin Jr. (CLE, $5,400, 9.2)","Emanuel Wilson (SEA, $6,000, 8.6)","Cincinnati Bengals (CIN, $4,900, 8.8)",CLE,54800,94.0,116.6,0.0,36.9
148,"Malik Willis (MIA, $6,600, 11.8)","Omarion Hampton (LAC, $7,100, 12.7)","TreVeyon Henderson (NE, $5,800, 11.2)","Garrett Wilson (NYJ, $7,400, 12.3)","Malik Washington (MIA, $5,700, 7.6)","Mitch Tinsley (CIN, $4,900, 7.6)","Greg Dulcich (MIA, $4,800, 5.1)","David Montgomery (HOU, $6,800, 10.1)","Chicago Bears (CHI, $4,400, 7.3)",MIA,53500,85.7,106.4,0.0,30.0
149,"Malik Willis (MIA, $6,600, 11.8)","Omarion Hampton (LAC, $7,100, 12.7)","David Montgomery (HOU, $6,800, 10.1)","Denzel Boston (CLE, $5,800, 9.6)","Kalif Raymond (CHI, $5,100, 8.0)","Malik Washington (MIA, $5,700, 7.6)","Mike Gesicki (CIN, $5,200, 8.4)","Greg Dulcich (MIA, $4,800, 5.1)","Chicago Bears (CHI, $4,400, 7.3)",MIA,51500,80.6,100.6,0.0,27.9
150,"Cam Ward (TEN, $6,500, 11.6)","Jeremiyah Love (ARI, $6,600, 13.9)","Omarion Hampton (LAC, $7,100, 12.7)","Jameson Williams (DET, $6,500, 11.6)","Wan'Dale Robinson (TEN, $5,200, 8.4)","Elic Ayomanor (TEN, $4,800, 4.4)","Dalton Schultz (HOU, $5,300, 9.4)","Isaiah Likely (NYG, $5,300, 9.3)","Las Vegas Raiders (LV, $3,700, 7.0)",TEN,51000,88.3,109.6,0.0,30.7
