Team,Our_share_pct,Field_QB_own,Top_receivers,Receiver_own,Chalk,Leverage
DET,10.2,10.24,"Amon-Ra St. Brown 22%, Sam LaPorta 6%",27.7,CHALK,1.0
SF,5.1,7.72,"George Kittle 6%, Deebo Samuel Sr. 5%",11.1,,0.66
CIN,7.1,6.66,"Mike Gesicki 3%, Mitch Tinsley 2%",5.0,,1.07
NO,3.1,5.95,"Chris Olave 15%, Juwan Johnson 4%",18.1,,0.52
HOU,5.5,4.43,"Nico Collins 12%, Dalton Schultz 3%",14.6,,1.24
SEA,7.1,4.26,"Jaxon Smith-Njigba 33%, Rashid Shaheed 2%",34.3,,1.67
LV,3.9,3.95,"Brock Bowers 11%, Tre Tucker 3%",13.8,,0.99
ARI,6.7,3.89,"Trey McBride 16%, Michael Wilson 12%",28.0,,1.72
NE,6.7,3.66,"Romeo Doubs 6%, Hunter Henry 2%",8.6,,1.83
GB,3.9,3.6,"Christian Watson 10%, Matthew Golden 5%",15.7,,1.08
PIT,5.9,3.3,"DK Metcalf 9%, Roman Wilson 4%",12.7,,1.79
CLE,2.7,3.27,"Denzel Boston 4%, Harold Fannin Jr. 3%",6.5,,0.83
DEN,5.5,2.92,"Jaylen Waddle 6%, Courtland Sutton 3%",8.5,,1.88
WAS,6.3,2.56,"Antonio Williams 4%, Chig Okonkwo 2%",5.2,,2.46
NYJ,3.9,2.23,"Garrett Wilson 6%, Kenyon Sadiq 2%",8.0,,1.75
LAC,2.7,2.0,"Tre' Harris 3%, Theo Wease Jr. 2%",5.1,,1.35
IND,3.9,1.86,"Tyler Warren 4%, Josh Downs 3%",7.1,,2.1
CHI,0.0,1.75,"Luther Burden III 6%, Rome Odunze 4%",9.4,,0.0
MIN,4.3,1.73,"T.J. Hockenson 2%, Jauan Jennings 1%",3.4,,2.49
TEN,0.4,1.33,"Wan'Dale Robinson 3%, Elic Ayomanor 1%",3.6,,0.3
MIA,1.2,1.15,"Malik Washington 2%, Greg Dulcich 1%",3.1,,1.04
NYG,3.9,1.07,"Malik Nabers 4%, Isaiah Likely 3%",6.7,,3.64
