Player,Pos,Team,Salary,Proj,Status,Lineups,Exposure_%,Own_proj_%,Exp_minus_Own,Review
Jahmyr Gibbs,RB,DET,10000,29.7,,25,16.7,39.59,-22.9,
D'Andre Swift,RB,CHI,6500,25.6,,25,16.7,48.88,-32.2,
Jaxon Smith-Njigba,WR,SEA,9300,23.7,,25,16.7,32.24,-15.5,
Brock Bowers,TE,LV,7800,17.7,,25,16.7,15.11,1.6,
Jonathan Taylor,RB,IND,8600,22.3,,25,16.7,19.09,-2.4,
Amon-Ra St. Brown,WR,DET,9000,22.0,,25,16.7,22.31,-5.6,
Christian McCaffrey,RB,SF,8400,19.7,,25,16.7,12.92,3.8,
Trey McBride,TE,ARI,7200,18.8,,25,16.7,13.1,3.6,
Chris Olave,WR,NO,8300,17.4,,25,16.7,14.16,2.5,
Jameson Williams,WR,DET,6500,11.6,,25,16.7,4.52,12.2,
Omarion Hampton,RB,LAC,7100,13.0,,25,16.7,5.25,11.4,
Michael Wilson,WR,ARI,6400,15.7,,25,16.7,10.4,6.3,
Sam LaPorta,TE,DET,6000,13.8,,25,16.7,5.49,11.2,
Jeremiyah Love,RB,ARI,6600,13.9,,25,16.7,5.14,11.6,
Christian Watson,WR,GB,7000,14.4,,25,16.7,9.58,7.1,
Chase Brown,RB,CIN,8000,16.5,,25,16.7,7.55,9.1,
Nico Collins,WR,HOU,7800,16.4,,25,16.7,11.68,5.0,
Jaylen Warren,RB,PIT,6700,16.0,,25,16.7,8.55,8.1,
Garrett Wilson,WR,NYJ,7400,15.8,,25,16.7,14.43,2.3,
Aaron Jones Sr.,RB,MIN,6200,13.2,,25,16.7,4.88,11.8,Green (more)
Minnesota Vikings,D,MIN,4600,9.6,,25,16.7,10.46,6.2,
Cam Skattebo,RB,NYG,6900,13.0,,24,16.0,4.08,11.9,
Jared Goff,QB,DET,8100,25.0,,22,14.7,10.44,4.3,
Cincinnati Bengals,D,CIN,4900,8.9,,20,13.3,8.57,4.7,
Jaylen Waddle,WR,DEN,6600,10.8,,19,12.7,5.02,7.7,
Quinshon Judkins,RB,CLE,6100,12.0,,19,12.7,3.7,9.0,
George Kittle,TE,SF,6700,12.5,,19,12.7,5.34,7.4,
Antonio Williams,WR,WAS,5200,8.3,,19,12.7,3.09,9.6,
Las Vegas Raiders,D,LV,3700,7.0,,18,12.0,5.46,6.5,
Luther Burden III,WR,CHI,5900,10.8,,17,11.3,5.07,6.2,Green (more)
Dalton Schultz,TE,HOU,5300,9.4,,17,11.3,2.64,8.7,
C.J. Stroud,QB,HOU,7300,18.4,,16,10.7,4.37,6.3,
TreVeyon Henderson,RB,NE,5800,11.3,,16,10.7,3.37,7.3,
Pittsburgh Steelers,D,PIT,4800,7.9,,15,10.0,6.95,3.0,
Denzel Boston,WR,CLE,5800,9.7,,15,10.0,3.89,6.1,
Wan'Dale Robinson,WR,TEN,5200,8.4,,14,9.3,2.42,6.9,
RJ Harvey,RB,DEN,6000,12.2,,14,9.3,4.4,4.9,
T.J. Hockenson,TE,MIN,5200,8.4,,14,9.3,2.24,7.1,Green (more)
Malik Nabers,WR,NYG,7300,10.5,,13,8.7,3.97,4.7,
Mike Evans,WR,SF,7100,10.4,,13,8.7,4.48,4.2,
Jayden Daniels,QB,WAS,8000,17.5,,13,8.7,2.61,6.1,
Romeo Doubs,WR,NE,6000,11.0,,12,8.0,5.66,2.3,Yellow (less)
Jacory Croskey-Merritt,RB,WAS,5700,10.1,,12,8.0,2.73,5.3,
Drake Maye,QB,NE,7800,19.2,,12,8.0,3.68,4.3,
DK Metcalf,WR,PIT,6800,12.9,,12,8.0,7.32,0.7,Yellow (less)
Harold Fannin Jr.,TE,CLE,5400,9.2,,11,7.3,2.61,4.7,
Kendrick Bourne,WR,ARI,4900,7.1,,11,7.3,2.02,5.3,
Chig Okonkwo,TE,WAS,4700,6.4,,11,7.3,1.37,5.9,
Devaughn Vele,WR,NO,6000,8.8,,10,6.7,3.21,3.5,
Tre' Harris,WR,LAC,5500,7.6,,10,6.7,2.9,3.8,
Sam Darnold,QB,SEA,7200,19.6,,10,6.7,4.31,2.4,Green (more)
Los Angeles Chargers,D,LAC,3500,5.8,,10,6.7,3.63,3.1,
Seattle Seahawks,D,SEA,4300,7.2,,10,6.7,5.88,0.8,
DeMario Douglas,WR,NE,5000,6.4,,10,6.7,1.91,4.8,
Isaac TeSlaa,WR,DET,5400,6.6,,10,6.7,1.83,4.9,
Oronde Gadsden II,TE,LAC,5000,7.4,,10,6.7,1.95,4.8,
Pat Freiermuth,TE,PIT,5000,8.5,,10,6.7,2.49,4.2,
Juwan Johnson,TE,NO,5400,10.3,,10,6.7,3.29,3.4,
Rashid Shaheed,WR,SEA,5000,6.2,,9,6.0,1.58,4.4,
Hunter Henry,TE,NE,5100,8.3,,9,6.0,2.27,3.7,
Kenyon Sadiq,TE,NYJ,5100,8.8,,9,6.0,3.33,2.7,
Tony Pollard,RB,TEN,5800,9.9,,9,6.0,2.34,3.7,
Josh Downs,WR,IND,6100,8.8,,9,6.0,3.09,2.9,
Tucker Kraft,TE,GB,5600,10.0,,9,6.0,2.68,3.3,Green (more)
Tyler Warren,TE,IND,5500,10.1,,9,6.0,3.15,2.8,
Chicago Bears,D,CHI,4400,7.3,,9,6.0,5.97,0.0,
Brock Purdy,QB,SF,8300,22.0,,9,6.0,7.58,-1.6,
Jauan Jennings,WR,MIN,5300,4.7,,9,6.0,1.06,4.9,
Deebo Samuel Sr.,WR,SF,6900,10.4,,9,6.0,4.74,1.3,
Isaiah Likely,TE,NYG,5300,9.2,,8,5.3,2.5,2.8,
Tre Tucker,WR,LV,5700,9.5,,8,5.3,3.81,1.5,
Jacoby Brissett,QB,ARI,6800,19.4,,8,5.3,3.96,1.3,
Kyler Murray,QB,MIN,7000,15.3,,8,5.3,1.76,3.5,
Matthew Golden,WR,GB,6300,10.5,,8,5.3,4.85,0.5,
Emanuel Wilson,RB,SEA,6000,8.5,,8,5.3,2.13,3.2,Green (more)
Xavier Hutchinson,WR,HOU,5500,7.5,,7,4.7,2.23,2.5,
Cleveland Browns,D,CLE,3900,6.1,,7,4.7,3.95,0.8,
Geno Smith,QB,NYJ,6700,14.5,,7,4.7,2.21,2.5,
Tyler Shough,QB,NO,7700,20.2,,7,4.7,5.79,-1.1,Green (more)
Courtland Sutton,WR,DEN,5900,8.5,,7,4.7,2.67,2.0,
New England Patriots,D,NE,4500,7.1,,7,4.7,5.73,-1.0,
New York Giants,D,NYG,4200,6.2,,6,4.0,4.39,-0.4,
Justin Herbert,QB,LAC,7100,15.2,,6,4.0,1.98,2.0,
Cooper Kupp,WR,SEA,5300,5.7,,6,4.0,1.54,2.5,
Mike Gesicki,TE,CIN,5200,8.4,,6,4.0,2.71,1.3,
AJ Barner,TE,SEA,4800,6.3,,6,4.0,1.24,2.8,
Deshaun Watson,QB,CLE,6900,17.1,,5,3.3,3.23,0.1,
Malik Washington,WR,MIA,5700,8.7,,5,3.3,3.31,-0.0,
Aaron Rodgers,QB,PIT,7000,17.3,,5,3.3,3.28,0.0,
Bo Nix,QB,DEN,7600,16.9,,5,3.3,2.95,0.3,
Jameis Winston,QB,NYG,6800,11.4,,5,3.3,1.07,2.2,
New York Jets,D,NYJ,4000,6.5,,5,3.3,4.46,-1.2,
New Orleans Saints,D,NO,3400,4.5,,5,3.3,2.36,0.9,
Treylon Burks,WR,WAS,5000,4.7,,4,2.7,1.52,1.2,
Daniel Jones,QB,IND,6900,15.3,,4,2.7,1.85,0.8,
Joe Burrow,QB,CIN,8700,21.8,,4,2.7,6.74,-4.0,Green (more)
Denver Broncos,D,DEN,4700,7.2,,4,2.7,5.64,-2.9,
David Montgomery,RB,HOU,6800,10.1,,4,2.7,3.07,-0.4,
Mitch Tinsley,WR,CIN,4900,7.6,,4,2.7,2.24,0.5,
Evan Engram,TE,DEN,4900,5.3,,3,2.0,1.13,0.9,
Houston Texans,D,HOU,5000,7.4,,3,2.0,5.69,-3.7,
Kayshon Boutte,WR,HOU,5100,5.6,,3,2.0,1.46,0.5,Green (more)
Rome Odunze,WR,CHI,6200,9.6,,3,2.0,3.57,-1.6,
Greg Dulcich,TE,MIA,4800,6.0,,2,1.3,1.3,0.0,
Indianapolis Colts,D,IND,3200,4.5,,2,1.3,2.4,-1.1,
Kirk Cousins,QB,LV,7100,17.4,,2,1.3,3.86,-2.6,Green (more)
MarShawn Lloyd,RB,GB,5500,8.2,,2,1.3,2.35,-1.0,
Detroit Lions,D,DET,4100,4.8,,2,1.3,3.09,-1.8,
Jordan Love,QB,GB,7400,17.7,,1,0.7,3.53,-2.8,
Malik Willis,QB,MIA,6600,11.8,,1,0.7,1.12,-0.4,
Colston Loveland,TE,CHI,5700,7.1,,1,0.7,1.57,-0.9,Green (more)
Malachi Fields,WR,NYG,5500,5.4,,1,0.7,1.43,-0.7,
Dohnte Meyers,WR,CIN,5400,6.1,,1,0.7,1.69,-1.0,
San Francisco 49ers,D,SF,3800,5.0,,1,0.7,3.02,-2.3,
Green Bay Packers,D,GB,3600,4.4,,1,0.7,2.43,-1.7,
