own_source,enabled,mean,sd,best,best_rank,top_1pct,top_10pct,proj,own_proj,own_actual,stacks,own_weight,stack_exponent,max_lineup_own
cv,False,112.84119999999997,23.40818378032207,182.2,617,2,20,126.21866666666666,72.96759999999999,87.86019999999999,"{'BUF': 21, 'KC': 21, 'LV': 21, 'SF': 19, 'HOU': 15, 'CIN': 14, 'JAC': 14, 'DAL': 11, 'LAR': 10, 'SEA': 4}",,,
cv,True,112.06133333333337,22.15865298754015,168.39999999999998,4618,2,18,125.67200000000003,72.0426,89.67879999999998,"{'KC': 23, 'SF': 21, 'BUF': 21, 'LV': 19, 'HOU': 15, 'CIN': 15, 'JAC': 13, 'DAL': 9, 'LAR': 9, 'SEA': 5}",0.1,,
cv,True,113.18959999999998,23.47216322597188,177.3,1232,6,21,124.82266666666668,69.14853333333332,86.01460000000002,"{'KC': 23, 'SF': 21, 'BUF': 20, 'LV': 20, 'CIN': 15, 'HOU': 14, 'JAC': 14, 'LAR': 10, 'DAL': 9, 'SEA': 4}",0.2,,
cv,True,111.24613333333332,23.26520399757734,173.99999999999997,1756,2,20,121.30133333333333,60.022400000000005,82.6312,"{'SF': 21, 'BUF': 21, 'KC': 21, 'LV': 21, 'JAC': 15, 'CIN': 13, 'DAL': 11, 'HOU': 10, 'SEA': 9, 'LAR': 8}",0.5,,
cv,True,107.30760000000001,20.905325340049917,157.9,13809,0,13,116.0146666666667,51.29013333333333,73.5636,"{'BUF': 21, 'LV': 21, 'SF': 19, 'KC': 19, 'CIN': 18, 'JAC': 14, 'HOU': 13, 'SEA': 9, 'DAL': 8, 'LAR': 8}",1.0,,
cv,True,110.15333333333334,23.511864995264744,168.7,4533,2,19,125.47533333333331,71.80846666666667,87.71566666666666,"{'SEA': 24, 'LV': 21, 'KC': 18, 'HOU': 17, 'CIN': 16, 'JAC': 15, 'BUF': 12, 'DAL': 11, 'LAR': 8, 'SF': 8}",0.0,1.0,
cv,True,111.7924,22.841332205164097,179.4,991,6,16,124.54933333333334,70.03493333333334,86.2212,"{'SEA': 25, 'LV': 21, 'CIN': 17, 'KC': 17, 'HOU': 16, 'JAC': 16, 'BUF': 13, 'DAL': 9, 'LAR': 8, 'SF': 8}",0.2,1.0,
cv,True,110.03506666666665,23.89855269667089,167.2,4962,2,23,123.12866666666669,63.8456,85.7294,"{'SF': 21, 'BUF': 21, 'KC': 20, 'LV': 20, 'CIN': 15, 'HOU': 14, 'JAC': 14, 'DAL': 11, 'LAR': 10, 'SEA': 4}",0.0,,70.0
cv,True,109.94266666666668,24.776037312066045,171.42000000000002,3754,2,25,119.35866666666666,56.85433333333333,79.88013333333333,"{'SF': 21, 'KC': 21, 'LV': 19, 'BUF': 17, 'CIN': 16, 'DAL': 13, 'JAC': 13, 'HOU': 12, 'LAR': 11, 'SEA': 7}",0.0,,60.0
actual,True,112.72293333333334,22.991769470737903,197.51999999999998,65,3,18,125.81333333333333,82.69373333333334,82.69373333333334,"{'LV': 21, 'SF': 20, 'BUF': 20, 'KC': 20, 'HOU': 15, 'CIN': 15, 'DAL': 13, 'JAC': 13, 'LAR': 9, 'SEA': 4}",0.1,,
actual,True,113.22773333333333,23.962160034706567,178.72,1054,4,22,124.66199999999999,73.82399999999998,73.82399999999998,"{'SF': 22, 'LV': 21, 'BUF': 19, 'KC': 19, 'CIN': 16, 'DAL': 14, 'HOU': 14, 'LAR': 10, 'JAC': 10, 'SEA': 5}",0.2,,
actual,True,112.86386666666668,22.346105127789542,164.57999999999998,5712,1,21,121.66600000000001,62.48033333333333,62.48033333333333,"{'KC': 22, 'SF': 20, 'BUF': 20, 'LV': 20, 'CIN': 16, 'HOU': 15, 'DAL': 13, 'JAC': 12, 'LAR': 6, 'SEA': 6}",0.5,,
actual,True,107.59200000000001,22.867150587688005,171.79999999999998,3645,1,16,114.93,50.3838,50.3838,"{'BUF': 21, 'SF': 20, 'LV': 20, 'DAL': 18, 'CIN': 18, 'KC': 17, 'HOU': 15, 'JAC': 11, 'SEA': 6, 'LAR': 4}",1.0,,
actual,True,110.81613333333333,25.21344622185199,195.0,87,5,20,126.126,85.19019999999999,85.19019999999999,"{'LV': 24, 'KC': 19, 'SF': 18, 'DAL': 18, 'BUF': 16, 'CIN': 16, 'LAR': 13, 'JAC': 10, 'SEA': 10, 'HOU': 6}",0.0,1.0,
actual,True,110.6056,23.95437509043668,176.72,1299,2,21,124.21,73.12626666666665,73.12626666666665,"{'LV': 24, 'DAL': 21, 'SF': 19, 'CIN': 17, 'KC': 16, 'BUF': 15, 'SEA': 12, 'LAR': 10, 'JAC': 10, 'HOU': 6}",0.2,1.0,
actual,True,114.97293333333333,21.688464539063666,174.32,1672,2,18,121.99933333333334,64.91233333333332,64.91233333333332,"{'SF': 23, 'BUF': 21, 'KC': 20, 'LV': 20, 'CIN': 16, 'DAL': 15, 'HOU': 15, 'JAC': 9, 'SEA': 6, 'LAR': 5}",0.0,,70.0
actual,True,110.30506666666666,19.605846636370714,161.88,8411,0,14,118.402,57.56293333333333,57.56293333333333,"{'SF': 20, 'BUF': 20, 'KC': 20, 'LV': 19, 'DAL': 18, 'CIN': 17, 'HOU': 14, 'JAC': 12, 'SEA': 6, 'LAR': 4}",0.0,,60.0
