usage_games,efficiency_games,n,r,rmse,mae,bias,slope,n_14+,gap_14+,n_20+,gap_20+,over_p90
0.0,0.0,2378,0.524029244288632,7.36025459557654,5.718857908859507,0.748806115352299,0.9125107153935812,530,0.8670982122266206,190,2.2374377486546777,0.12195121951219512
0.0,2.0,2378,0.5275438693890858,7.339842622885737,5.708057851740086,0.7593294174019,0.9231122410364658,546,0.6602768741067919,187,2.370673411125555,0.11732548359966358
0.0,4.0,2378,0.5296611984830495,7.328469277122072,5.704686922079158,0.7677856107353527,0.9272135281834085,549,0.7306208716072504,180,2.353993940518592,0.12026913372582002
0.0,8.0,2378,0.5295531480605761,7.330469065891884,5.709437282625559,0.7727345490563691,0.9237842796502334,548,0.5740911295753541,190,2.4833114889555468,0.12026913372582002
0.0,12.0,2378,0.528183385079313,7.339906008491813,5.719256384001894,0.7752907156292791,0.9169929913664706,542,0.5133779180637568,187,2.738730932010842,0.12195121951219512
0.0,16.0,2378,0.5262602771361363,7.352053613847849,5.7289877228435175,0.7740524237585673,0.9100241178062431,539,0.49889719544916034,188,2.820016981151639,0.12447434819175777
0.0,24.0,2378,0.5239418130684089,7.36745509228138,5.742074936220381,0.7679692082193725,0.8988298405934464,527,0.6272366636164293,199,2.7229819222858502,0.1261564339781329
0.0,32.0,2378,0.5217306970303734,7.381859113867945,5.754184896888401,0.7636422195240168,0.8902105363187476,528,0.7345143512596852,204,2.6138860455062876,0.12825904121110177
1.0,0.0,2378,0.525406992020224,7.345896538002361,5.708016358876022,0.7304978355712715,0.931967796570124,552,0.6168840044543451,173,2.347993241649153,0.12026913372582002
1.0,2.0,2378,0.5292938531438068,7.324893455749823,5.697551893096737,0.7461596267813022,0.941722455118814,562,0.7163822232311752,168,2.326251503718197,0.1206896551724138
1.0,4.0,2378,0.5306791980087419,7.317922366998241,5.696256466116072,0.7525917409846952,0.9431163499849856,566,0.602124371092323,168,2.4362904388327706,0.1206896551724138
1.0,8.0,2378,0.5300280144845164,7.323430192173143,5.703099505341692,0.7621397495336404,0.9378829215175203,547,0.5657404297095816,178,2.4548112011157777,0.12111017661900757
1.0,12.0,2378,0.5282506299556441,7.334398820039792,5.713566111831286,0.7602090302921798,0.9301391318578064,543,0.5814449946950262,177,2.5826992711557644,0.11942809083263246
1.0,16.0,2378,0.5274455760572953,7.340573378405599,5.719119754383365,0.7640232454665397,0.924120895689769,541,0.4547046657495706,180,2.8417583263252304,0.12111017661900757
1.0,24.0,2378,0.5250667520393515,7.355570826696856,5.733401671267698,0.7593156038658075,0.9136636912085495,545,0.5766714412055194,186,2.7292166928884924,0.12447434819175777
1.0,32.0,2378,0.5226465751899039,7.370813656653483,5.747241726770089,0.7530913736261071,0.9037029128769992,546,0.6036921923054059,190,2.7759017915952775,0.1223717409587889
2.0,0.0,2378,0.5251429835654268,7.344814212698783,5.71077716168757,0.7224007766701603,0.9396513926125275,560,0.7092428608597405,168,2.0147189584521463,0.12195121951219512
2.0,2.0,2378,0.5290328938109706,7.324059302867485,5.697603497486975,0.7359131306479892,0.9481497559059769,580,0.6979995106306056,151,2.2195188184653105,0.12111017661900757
2.0,4.0,2378,0.5298991509205256,7.320123861704828,5.697693096870913,0.7438042335657983,0.9489309751784537,566,0.6059822845556546,163,2.2472873781072806,0.1206896551724138
2.0,8.0,2378,0.5292224819234941,7.325581550464883,5.707565356223486,0.7514472506934096,0.942911137008055,554,0.46602841242609117,168,2.473046197056572,0.12195121951219512
2.0,12.0,2378,0.5283000692457277,7.33175421438113,5.71282316212627,0.7515082235173925,0.9366117665674147,547,0.4738807146919868,171,2.5430450045575768,0.1206896551724138
2.0,16.0,2378,0.5261058919754468,7.345705305901991,5.726186655459614,0.7545143693245158,0.9276523716777012,546,0.4764345999422481,173,2.7357977195948706,0.12153069806560135
2.0,24.0,2378,0.5232304892470818,7.363843842854365,5.743001650658146,0.7524997513505282,0.9155368496787532,547,0.4905918874476676,178,3.1694209721021593,0.124053826745164
2.0,32.0,2378,0.5215869258964689,7.374346712464987,5.751942047583405,0.7455516250510903,0.9070649576484827,549,0.3013068573984832,180,3.6794941882087997,0.127838519764508
3.0,0.0,2378,0.5236679212806401,7.351022647879494,5.72004426906213,0.7102755738583422,0.9413349046910072,576,0.6481726007148154,155,2.2120567818552317,0.12026913372582002
3.0,2.0,2378,0.5276965947808643,7.330154248832518,5.705193377433645,0.7279721458519396,0.9492667329139405,584,0.6338351292118993,144,2.382751875267079,0.12195121951219512
3.0,4.0,2378,0.528192726040961,7.328150462051906,5.708215101917082,0.7350969264099251,0.9498129408666137,584,0.5358414399431801,151,2.378165041624438,0.12195121951219512
3.0,8.0,2378,0.5273094145293573,7.334800959784127,5.716784950237354,0.7436543570041094,0.943455509032374,576,0.5600533502040435,154,2.58848037310797,0.1206896551724138
3.0,12.0,2378,0.5263935806535779,7.341379309230812,5.723516981440631,0.746181113594627,0.936046275905845,559,0.5066384564188944,160,2.964077502195785,0.12279226240538267
3.0,16.0,2378,0.5245957313567555,7.352835719705746,5.734424073411713,0.7466471325843582,0.9275268377962526,551,0.4917274232816631,165,2.9310461947269317,0.1223717409587889
3.0,24.0,2378,0.5216732271138397,7.371326795568973,5.752323109290216,0.7467076387393289,0.91550957773897,551,0.3962683198204111,172,3.197397669439148,0.1257359125315391
3.0,32.0,2378,0.5193879411109428,7.385743171787082,5.764172852392863,0.7412278040608419,0.9055028483016558,553,0.4128592521505503,170,3.563255663150173,0.127838519764508
4.0,0.0,2378,0.5220381708272483,7.359138441861109,5.729442505333696,0.703775184515953,0.9400955105493692,579,0.524622172781438,150,2.6445859898148,0.124053826745164
4.0,2.0,2378,0.5257781957160058,7.339793950314571,5.717767742826268,0.7216672457498768,0.9483938664338835,581,0.6189489574223934,142,2.276583531666734,0.124053826745164
4.0,4.0,2378,0.5267241411453841,7.335446590445734,5.715973372895746,0.729550196630018,0.9492625927084665,584,0.5870776183355879,145,2.1669005344703756,0.12153069806560135
4.0,8.0,2378,0.5258835504198606,7.342046870012241,5.7251764061313315,0.7381811555836507,0.9419301621969376,580,0.43671421898936913,147,2.8175827529031814,0.12111017661900757
4.0,12.0,2378,0.5239603276118188,7.354113751513858,5.7356756550649255,0.7391465885877101,0.9328968903090274,560,0.5494995974402528,157,2.6980724638041025,0.1223717409587889
4.0,16.0,2378,0.5225764529516095,7.363133607185815,5.745277707645719,0.7408895526732812,0.9260886027598657,554,0.4036188766917057,158,2.939879990558513,0.12489486963835156
4.0,24.0,2378,0.5196061698042888,7.3821048036526165,5.759990898039996,0.7408565323643398,0.9131453099204531,557,0.47351560092043243,166,3.074640871644039,0.12867956265769553
4.0,32.0,2378,0.5168710966918647,7.399742523269839,5.775342958184798,0.7408686195228923,0.9020867212946068,556,0.41394508962934395,167,3.5140410804206432,0.12657695542472666
6.0,0.0,2378,0.5180468843057268,7.380289600890117,5.751898358807395,0.6961559303584642,0.9341646599640796,586,0.4817704355624919,144,2.5843014309838956,0.12321278385197645
6.0,2.0,2378,0.5223514494794632,7.357612849657408,5.736335387963289,0.7112321624756152,0.9433040876331169,589,0.6314810282243393,139,2.1939526681665527,0.12363330529857022
6.0,4.0,2378,0.5231725951629882,7.35425041779935,5.7347213053758646,0.7208372750388824,0.9433845432600043,589,0.5618273898414046,137,2.2693290740645438,0.12363330529857022
6.0,8.0,2378,0.5219843249864426,7.362715204082348,5.743748486099469,0.7283166280975143,0.9356661569795126,591,0.46538857962189795,137,2.9112806573988763,0.1261564339781329
6.0,12.0,2378,0.5198284102495762,7.376503427961573,5.757565228905843,0.7326716994421504,0.9262134610351863,575,0.4584567338689851,141,2.970532629721344,0.12489486963835156
6.0,16.0,2378,0.5186123109451009,7.384526832316305,5.763600143822852,0.7321121061261227,0.9193243784179628,562,0.5208296779898731,148,2.8786098012380705,0.12699747687132043
6.0,24.0,2378,0.5156531746058747,7.403605782320965,5.7779914525444065,0.7320095274420388,0.9062801952622643,564,0.5513847534516678,160,3.224766239695221,0.12910008410428933
6.0,32.0,2378,0.5130807977453482,7.4200946051054695,5.792274462892063,0.7309320553347963,0.8961238778403596,566,0.5275360815063088,164,3.478516691399733,0.127838519764508
8.0,0.0,2378,0.5144100875599463,7.399917775186085,5.770753015746389,0.6898821005456146,0.9271221145530163,589,0.50322258947282,138,2.457465209744125,0.12657695542472666
8.0,2.0,2378,0.5185486784087542,7.378027387167726,5.75596225329986,0.7040385150925085,0.9361721021198584,584,0.652215998832876,140,2.3033657759126633,0.12531539108494533
8.0,4.0,2378,0.5192803957362775,7.375262563742033,5.754888238500075,0.7134332824209951,0.9356683100020299,601,0.6592558664975776,127,2.4395915894783577,0.124053826745164
8.0,8.0,2378,0.5176149742919126,7.386625652008173,5.763980482623009,0.7224142137235662,0.9272299540962177,594,0.5183303267880461,130,2.79203793365539,0.12531539108494533
8.0,12.0,2378,0.5163524766094433,7.395763025487852,5.772842230793685,0.7272909737266364,0.918793064355153,579,0.5124688181746428,140,3.024335676686583,0.12741799831791423
8.0,16.0,2378,0.5143829509607374,7.408278808599067,5.784590532939159,0.7275282042187202,0.9103865702009927,569,0.5920046112098838,151,3.2127059461511998,0.12994112699747687
8.0,24.0,2378,0.5118985823173836,7.424746036194294,5.794539272213888,0.7260562324440237,0.8982889545722587,568,0.7086451157449911,164,2.971009097261021,0.12994112699747687
8.0,32.0,2378,0.5093312766010796,7.441631870643374,5.807933606011821,0.7274878432879339,0.8881087558616554,579,0.5632455260867424,160,3.551041367290221,0.1295206055508831
12.0,0.0,2378,0.5078113929306838,7.4362431975631775,5.801863526947196,0.6826097176949332,0.9129836903268539,594,0.4860016407501391,133,2.767515493831091,0.12867956265769553
12.0,2.0,2378,0.5122034410565837,7.4130611267476505,5.786287431265794,0.6964425305813041,0.9217710405723084,596,0.5407254768291416,131,2.56716397200508,0.12825904121110177
12.0,4.0,2378,0.5128755912220838,7.410860438609369,5.785501902498304,0.7075457064428098,0.921212923157807,601,0.7390854571456416,127,2.217650685300729,0.12699747687132043
12.0,8.0,2378,0.5117907498300589,7.419113638158231,5.793228951641643,0.7137619913543043,0.9134037539396218,592,0.49148328674922226,133,2.74040951080773,0.127838519764508
12.0,12.0,2378,0.5101421346461195,7.430597711527555,5.800842677991444,0.7180009827721664,0.9044798732088737,586,0.5223587929168261,141,2.9736746041780897,0.12741799831791423
12.0,16.0,2378,0.5077366954786735,7.445621462676981,5.813597307208301,0.7186566835632922,0.8959653029196528,579,0.6958895156513272,150,3.0833331035530342,0.13036164844407064
12.0,24.0,2378,0.5056174397361912,7.4607531538025835,5.823960562957492,0.7188870156392823,0.884184788004147,578,0.581648021107334,159,3.236211512064923,0.13162321278385197
12.0,32.0,2378,0.5032772052034375,7.476517361097916,5.835875302797982,0.7202318869144809,0.8747163466813729,585,0.5559959147023221,158,3.2417719459509904,0.12994112699747687
16.0,0.0,2378,0.5033229265719737,7.461484731719597,5.825402561805352,0.6778909178996634,0.9019046976917783,601,0.5729748752575219,131,2.542750567756986,0.1295206055508831
16.0,2.0,2378,0.5073754696911142,7.440228729548993,5.8080723232631,0.6931583339357004,0.9101644899197238,595,0.5506396408843308,131,2.520601568335529,0.1295206055508831
16.0,4.0,2378,0.5076132165031191,7.440340985523727,5.811443963331798,0.7016951082645001,0.9085551745639767,597,0.7656516100283604,129,2.5205441411586342,0.12867956265769553
16.0,8.0,2378,0.5067229222277343,7.448138064886453,5.818705815645149,0.7117662329479114,0.9011431292216687,601,0.5757552695091128,129,3.1923798115096176,0.127838519764508
16.0,12.0,2378,0.5051979921967034,7.458732494558343,5.823727003178197,0.7135112311650383,0.8930889619099301,593,0.6995043585905343,139,2.9864778532176857,0.1295206055508831
16.0,16.0,2378,0.5030285742000226,7.473230050660319,5.834910010391305,0.7162993514272937,0.8840217128349351,584,0.6283886266178946,151,3.3097559115379624,0.1295206055508831
16.0,24.0,2378,0.500474580408765,7.491158177293319,5.847448509316759,0.7166475297693637,0.8716786903311476,579,0.7258743070725977,163,2.8966234482172943,0.13330529857022708
16.0,32.0,2378,0.4983303531982563,7.5053235616264145,5.856595287045383,0.7119997688846433,0.8629756218333932,589,0.6530169983773604,160,3.24611594471261,0.13330529857022708
