Lineup,QB,RB1,RB2,WR1,WR2,WR3,TE,FLEX,DEF,Stack,Salary,Proj,Ceiling_p90,P_200plus
1,"Brock Purdy (SF, $8,300, 23.2)","Christian McCaffrey (SF, $8,800, 21.0)","RJ Harvey (DEN, $5,800, 9.3)","Christian Watson (GB, $7,200, 18.6)","Deebo Samuel Sr. (SF, $7,000, 8.4)","Khalil Shakir (BUF, $5,700, 7.4)","Travis Kelce (KC, $5,500, 12.1)","George Kittle (SF, $6,700, 11.0)","Minnesota Vikings (MIN, $5,000, 11.7)",SF,60000,122.7,153.1,0.0031
2,"Josh Allen (BUF, $9,100, 30.3)","James Cook III (BUF, $8,200, 22.4)","D'Andre Swift (CHI, $7,300, 19.2)","Matthew Golden (GB, $6,300, 14.8)","Tee Higgins (CIN, $6,900, 14.3)","Mack Hollins (NE, $5,700, 7.5)","Brock Bowers (LV, $7,200, 22.4)","Dalton Kincaid (BUF, $6,100, 12.4)","Las Vegas Raiders (LV, $3,100, 8.1)",BUF,59900,151.4,186.0,0.043
3,"Patrick Mahomes (KC, $8,000, 21.4)","Kenneth Walker III (KC, $8,500, 27.6)","Bhayshul Tuten (JAC, $6,800, 13.8)","Ja'Marr Chase (CIN, $9,100, 16.0)","Xavier Worthy (KC, $5,700, 7.2)","Makai Lemon (PHI, $5,500, 6.4)","Brock Bowers (LV, $7,200, 22.4)","Travis Kelce (KC, $5,500, 12.1)","Los Angeles Chargers (LAC, $3,100, 5.6)",KC,59400,132.5,165.2,0.0085
4,"Josh Allen (BUF, $9,100, 30.3)","James Cook III (BUF, $8,200, 22.4)","Rhamondre Stevenson (NE, $5,700, 10.1)","Jaxon Smith-Njigba (SEA, $9,500, 29.9)","Puka Nacua (LAR, $9,000, 20.5)","Joshua Palmer (BUF, $4,800, 8.7)","Tyler Higbee (LAR, $4,600, 11.1)","Emanuel Wilson (SEA, $5,600, 11.5)","Las Vegas Raiders (LV, $3,100, 8.1)",BUF,59600,152.6,188.4,0.0492
5,"Dak Prescott (DAL, $8,100, 19.7)","James Cook III (BUF, $8,200, 22.4)","David Montgomery (HOU, $6,500, 14.5)","CeeDee Lamb (DAL, $8,500, 17.5)","Puka Nacua (LAR, $9,000, 20.5)","Dontayvion Wicks (PHI, $5,900, 13.4)","Jake Ferguson (DAL, $5,400, 6.8)","Joshua Palmer (BUF, $4,800, 8.7)","Chicago Bears (CHI, $3,500, 7.8)",DAL,59900,131.3,162.2,0.0056
6,"C.J. Stroud (HOU, $7,000, 18.4)","Javonte Williams (DAL, $7,500, 15.8)","David Montgomery (HOU, $6,500, 14.5)","Jaxon Smith-Njigba (SEA, $9,500, 29.9)","Nico Collins (HOU, $7,400, 18.0)","Makai Lemon (PHI, $5,500, 6.4)","Brock Bowers (LV, $7,200, 22.4)","Dalton Schultz (HOU, $5,600, 12.9)","Las Vegas Raiders (LV, $3,100, 8.1)",HOU,59300,146.4,180.7,0.0277
7,"Josh Allen (BUF, $9,100, 30.3)","James Cook III (BUF, $8,200, 22.4)","Rhamondre Stevenson (NE, $5,700, 10.1)","Garrett Wilson (NYJ, $7,600, 22.0)","Davante Adams (LAR, $8,300, 21.1)","Christian Watson (GB, $7,200, 18.6)","Cade Otton (TB, $4,900, 6.8)","Khalil Shakir (BUF, $5,700, 7.4)","Las Vegas Raiders (LV, $3,100, 8.1)",BUF,59800,146.8,181.2,0.0308
8,"Patrick Mahomes (KC, $8,000, 21.4)","Ashton Jeanty (LV, $7,800, 19.4)","Chase Brown (CIN, $7,600, 17.0)","Davante Adams (LAR, $8,300, 21.1)","Rashee Rice (KC, $7,500, 10.0)","Xavier Worthy (KC, $5,700, 7.2)","Isaiah Likely (NYG, $5,100, 11.2)","T.J. Hockenson (MIN, $4,900, 10.5)","Minnesota Vikings (MIN, $5,000, 11.7)",KC,59900,129.5,159.0,0.0023
9,"Dak Prescott (DAL, $8,100, 19.7)","Ashton Jeanty (LV, $7,800, 19.4)","David Montgomery (HOU, $6,500, 14.5)","Garrett Wilson (NYJ, $7,600, 22.0)","Christian Watson (GB, $7,200, 18.6)","Dontayvion Wicks (PHI, $5,900, 13.4)","Jake Ferguson (DAL, $5,400, 6.8)","George Pickens (DAL, $7,900, 10.8)","Cincinnati Bengals (CIN, $3,300, 7.3)",DAL,59700,132.5,162.1,0.0051
10,"Josh Allen (BUF, $9,100, 30.3)","James Cook III (BUF, $8,200, 22.4)","Christian McCaffrey (SF, $8,800, 21.0)","Garrett Wilson (NYJ, $7,600, 22.0)","Emeka Egbuka (TB, $5,900, 8.8)","Joshua Palmer (BUF, $4,800, 8.7)","Tyler Higbee (LAR, $4,600, 11.1)","Rhamondre Stevenson (NE, $5,700, 10.1)","Minnesota Vikings (MIN, $5,000, 11.7)",BUF,59700,146.1,179.1,0.023
11,"Josh Allen (BUF, $9,100, 30.3)","Kenneth Walker III (KC, $8,500, 27.6)","James Cook III (BUF, $8,200, 22.4)","Garrett Wilson (NYJ, $7,600, 22.0)","Joshua Palmer (BUF, $4,800, 8.7)","Romeo Doubs (NE, $5,500, 5.4)","Brock Bowers (LV, $7,200, 22.4)","Travis Kelce (KC, $5,500, 12.1)","Cincinnati Bengals (CIN, $3,300, 7.3)",BUF,59700,158.2,193.7,0.0688
12,"Josh Allen (BUF, $9,100, 30.3)","James Cook III (BUF, $8,200, 22.4)","Kyren Williams (LAR, $7,900, 17.0)","Puka Nacua (LAR, $9,000, 20.5)","Tee Higgins (CIN, $6,900, 14.3)","Joshua Palmer (BUF, $4,800, 8.7)","Isaiah Likely (NYG, $5,100, 11.2)","Rhamondre Stevenson (NE, $5,700, 10.1)","Cincinnati Bengals (CIN, $3,300, 7.3)",BUF,60000,141.8,174.8,0.0172
13,"Josh Allen (BUF, $9,100, 30.3)","James Cook III (BUF, $8,200, 22.4)","Christian McCaffrey (SF, $8,800, 21.0)","Garrett Wilson (NYJ, $7,600, 22.0)","DJ Moore (BUF, $6,700, 11.0)","Mack Hollins (NE, $5,700, 7.5)","Isaiah Likely (NYG, $5,100, 11.2)","Braelon Allen (NYJ, $5,700, 14.9)","Las Vegas Raiders (LV, $3,100, 8.1)",BUF,60000,148.4,182.9,0.0359
14,"Matthew Stafford (LAR, $7,800, 20.6)","Christian McCaffrey (SF, $8,800, 21.0)","Braelon Allen (NYJ, $5,700, 14.9)","Jaxon Smith-Njigba (SEA, $9,500, 29.9)","Davante Adams (LAR, $8,300, 21.1)","Michael Wilson (ARI, $6,200, 13.8)","Tyler Higbee (LAR, $4,600, 11.1)","Dontayvion Wicks (PHI, $5,900, 13.4)","Las Vegas Raiders (LV, $3,100, 8.1)",LAR,59900,153.9,188.8,0.052
15,"Dak Prescott (DAL, $8,100, 19.7)","David Montgomery (HOU, $6,500, 14.5)","Emanuel Wilson (SEA, $5,600, 11.5)","Jaxon Smith-Njigba (SEA, $9,500, 29.9)","Davante Adams (LAR, $8,300, 21.1)","CeeDee Lamb (DAL, $8,500, 17.5)","Tyler Higbee (LAR, $4,600, 11.1)","Jake Ferguson (DAL, $5,400, 6.8)","Las Vegas Raiders (LV, $3,100, 8.1)",DAL,59600,140.2,173.9,0.0173
16,"Josh Allen (BUF, $9,100, 30.3)","James Cook III (BUF, $8,200, 22.4)","Ashton Jeanty (LV, $7,800, 19.4)","Puka Nacua (LAR, $9,000, 20.5)","DJ Moore (BUF, $6,700, 11.0)","Romeo Doubs (NE, $5,500, 5.4)","Dalton Schultz (HOU, $5,600, 12.9)","Tyler Higbee (LAR, $4,600, 11.1)","Chicago Bears (CHI, $3,500, 7.8)",BUF,60000,140.8,173.9,0.0196
17,"Josh Allen (BUF, $9,100, 30.3)","Kenneth Walker III (KC, $8,500, 27.6)","James Cook III (BUF, $8,200, 22.4)","Puka Nacua (LAR, $9,000, 20.5)","Emeka Egbuka (TB, $5,900, 8.8)","Joshua Palmer (BUF, $4,800, 8.7)","Isaiah Likely (NYG, $5,100, 11.2)","Mack Hollins (NE, $5,700, 7.5)","Cincinnati Bengals (CIN, $3,300, 7.3)",BUF,59600,144.3,177.9,0.0213
18,"Josh Allen (BUF, $9,100, 30.3)","James Cook III (BUF, $8,200, 22.4)","Kyren Williams (LAR, $7,900, 17.0)","Puka Nacua (LAR, $9,000, 20.5)","Joshua Palmer (BUF, $4,800, 8.7)","Mack Hollins (NE, $5,700, 7.5)","Dalton Schultz (HOU, $5,600, 12.9)","David Montgomery (HOU, $6,500, 14.5)","Las Vegas Raiders (LV, $3,100, 8.1)",BUF,59900,141.9,174.4,0.0175
19,"Josh Allen (BUF, $9,100, 30.3)","James Cook III (BUF, $8,200, 22.4)","David Montgomery (HOU, $6,500, 14.5)","Puka Nacua (LAR, $9,000, 20.5)","Dontayvion Wicks (PHI, $5,900, 13.4)","DJ Moore (BUF, $6,700, 11.0)","Hunter Henry (NE, $5,000, 4.4)","Emanuel Wilson (SEA, $5,600, 11.5)","Cincinnati Bengals (CIN, $3,300, 7.3)",BUF,59300,135.3,168.4,0.0109
20,"Kirk Cousins (LV, $7,300, 19.8)","Kenneth Walker III (KC, $8,500, 27.6)","David Montgomery (HOU, $6,500, 14.5)","Jaxon Smith-Njigba (SEA, $9,500, 29.9)","Tre Tucker (LV, $5,800, 8.9)","Emeka Egbuka (TB, $5,900, 8.8)","Brock Bowers (LV, $7,200, 22.4)","Isaiah Likely (NYG, $5,100, 11.2)","Chicago Bears (CHI, $3,500, 7.8)",LV,59300,150.9,185.2,0.039
21,"Josh Allen (BUF, $9,100, 30.3)","James Cook III (BUF, $8,200, 22.4)","Christian McCaffrey (SF, $8,800, 21.0)","Christian Watson (GB, $7,200, 18.6)","Jordan Addison (MIN, $6,500, 13.0)","Joshua Palmer (BUF, $4,800, 8.7)","Hunter Henry (NE, $5,000, 4.4)","Emanuel Wilson (SEA, $5,600, 11.5)","Kansas City Chiefs (KC, $4,600, 6.2)",BUF,59800,136.1,169.5,0.0128
22,"Sam Darnold (SEA, $7,500, 23.1)","Ashton Jeanty (LV, $7,800, 19.4)","Omarion Hampton (LAC, $7,200, 11.5)","Jaxon Smith-Njigba (SEA, $9,500, 29.9)","Christian Watson (GB, $7,200, 18.6)","Cooper Kupp (SEA, $5,400, 6.1)","Isaiah Likely (NYG, $5,100, 11.2)","T.J. Hockenson (MIN, $4,900, 10.5)","Minnesota Vikings (MIN, $5,000, 11.7)",SEA,59600,142.0,176.4,0.0222
23,"Patrick Mahomes (KC, $8,000, 21.4)","Derrick Henry (BAL, $9,100, 26.7)","James Cook III (BUF, $8,200, 22.4)","Davante Adams (LAR, $8,300, 21.1)","Tre Tucker (LV, $5,800, 8.9)","Xavier Worthy (KC, $5,700, 7.2)","Travis Kelce (KC, $5,500, 12.1)","T.J. Hockenson (MIN, $4,900, 10.5)","San Francisco 49ers (SF, $4,500, 5.7)",KC,60000,136.0,167.5,0.0081
24,"Josh Allen (BUF, $9,100, 30.3)","James Cook III (BUF, $8,200, 22.4)","Rhamondre Stevenson (NE, $5,700, 10.1)","Jaxon Smith-Njigba (SEA, $9,500, 29.9)","Dontayvion Wicks (PHI, $5,900, 13.4)","Joshua Palmer (BUF, $4,800, 8.7)","Brock Bowers (LV, $7,200, 22.4)","Emanuel Wilson (SEA, $5,600, 11.5)","Chicago Bears (CHI, $3,500, 7.8)",BUF,59500,156.5,192.1,0.0628
25,"Josh Allen (BUF, $9,100, 30.3)","Derrick Henry (BAL, $9,100, 26.7)","James Cook III (BUF, $8,200, 22.4)","Davante Adams (LAR, $8,300, 21.1)","Joshua Palmer (BUF, $4,800, 8.7)","Mack Hollins (NE, $5,700, 7.5)","Mike Gesicki (CIN, $5,100, 10.1)","David Montgomery (HOU, $6,500, 14.5)","Los Angeles Chargers (LAC, $3,100, 5.6)",BUF,59900,146.9,181.4,0.0295
26,"Kirk Cousins (LV, $7,300, 19.8)","Derrick Henry (BAL, $9,100, 26.7)","Omarion Hampton (LAC, $7,200, 11.5)","Jaxon Smith-Njigba (SEA, $9,500, 29.9)","Dontayvion Wicks (PHI, $5,900, 13.4)","Jalen Nailor (LV, $5,000, 4.7)","Brock Bowers (LV, $7,200, 22.4)","Travis Kelce (KC, $5,500, 12.1)","Cincinnati Bengals (CIN, $3,300, 7.3)",LV,60000,147.8,182.7,0.0337
27,"Josh Allen (BUF, $9,100, 30.3)","James Cook III (BUF, $8,200, 22.4)","Christian McCaffrey (SF, $8,800, 21.0)","Matthew Golden (GB, $6,300, 14.8)","Tee Higgins (CIN, $6,900, 14.3)","Mack Hollins (NE, $5,700, 7.5)","Dalton Kincaid (BUF, $6,100, 12.4)","Emanuel Wilson (SEA, $5,600, 11.5)","Cincinnati Bengals (CIN, $3,300, 7.3)",BUF,60000,141.5,174.5,0.0161
28,"Joe Burrow (CIN, $8,200, 20.5)","Christian McCaffrey (SF, $8,800, 21.0)","Kyren Williams (LAR, $7,900, 17.0)","Davante Adams (LAR, $8,300, 21.1)","Tee Higgins (CIN, $6,900, 14.3)","Dontayvion Wicks (PHI, $5,900, 13.4)","Mike Gesicki (CIN, $5,100, 10.1)","Jakobi Meyers (JAC, $5,700, 7.4)","Las Vegas Raiders (LV, $3,100, 8.1)",CIN,59900,132.9,163.3,0.0058
29,"Joe Burrow (CIN, $8,200, 20.5)","Kenneth Walker III (KC, $8,500, 27.6)","Bhayshul Tuten (JAC, $6,800, 13.8)","Garrett Wilson (NYJ, $7,600, 22.0)","Ja'Marr Chase (CIN, $9,100, 16.0)","Makai Lemon (PHI, $5,500, 6.4)","Isaiah Likely (NYG, $5,100, 11.2)","Mike Gesicki (CIN, $5,100, 10.1)","Los Angeles Chargers (LAC, $3,100, 5.6)",CIN,59000,133.2,164.5,0.0057
30,"Kirk Cousins (LV, $7,300, 19.8)","Derrick Henry (BAL, $9,100, 26.7)","D'Andre Swift (CHI, $7,300, 19.2)","Jaxon Smith-Njigba (SEA, $9,500, 29.9)","Tre Tucker (LV, $5,800, 8.9)","Jalen Nailor (LV, $5,000, 4.7)","Travis Kelce (KC, $5,500, 12.1)","Emanuel Wilson (SEA, $5,600, 11.5)","Seattle Seahawks (SEA, $4,700, 7.8)",LV,59800,140.6,173.9,0.0171
31,"Kirk Cousins (LV, $7,300, 19.8)","Kenneth Walker III (KC, $8,500, 27.6)","James Cook III (BUF, $8,200, 22.4)","Nico Collins (HOU, $7,400, 18.0)","Michael Wilson (ARI, $6,200, 13.8)","Jalen Nailor (LV, $5,000, 4.7)","Brock Bowers (LV, $7,200, 22.4)","Isaiah Likely (NYG, $5,100, 11.2)","Minnesota Vikings (MIN, $5,000, 11.7)",LV,59900,151.6,184.0,0.0341
32,"C.J. Stroud (HOU, $7,000, 18.4)","Javonte Williams (DAL, $7,500, 15.8)","Braelon Allen (NYJ, $5,700, 14.9)","Christian Watson (GB, $7,200, 18.6)","Nico Collins (HOU, $7,400, 18.0)","Tee Higgins (CIN, $6,900, 14.3)","Brock Bowers (LV, $7,200, 22.4)","Dalton Schultz (HOU, $5,600, 12.9)","Minnesota Vikings (MIN, $5,000, 11.7)",HOU,59500,147.0,179.6,0.0233
33,"Kirk Cousins (LV, $7,300, 19.8)","Ashton Jeanty (LV, $7,800, 19.4)","Kyren Williams (LAR, $7,900, 17.0)","Puka Nacua (LAR, $9,000, 20.5)","Michael Wilson (ARI, $6,200, 13.8)","Tre Tucker (LV, $5,800, 8.9)","Brock Bowers (LV, $7,200, 22.4)","Travis Kelce (KC, $5,500, 12.1)","Los Angeles Chargers (LAC, $3,100, 5.6)",LV,59800,139.5,173.2,0.0186
34,"Trevor Lawrence (JAC, $7,900, 18.1)","James Cook III (BUF, $8,200, 22.4)","Chase Brown (CIN, $7,600, 17.0)","Garrett Wilson (NYJ, $7,600, 22.0)","Parker Washington (JAC, $7,100, 14.0)","Dontayvion Wicks (PHI, $5,900, 13.4)","Isaiah Likely (NYG, $5,100, 11.2)","Brian Thomas Jr. (JAC, $5,500, 5.7)","Minnesota Vikings (MIN, $5,000, 11.7)",JAC,59900,135.5,165.6,0.0063
35,"Trevor Lawrence (JAC, $7,900, 18.1)","Kenneth Walker III (KC, $8,500, 27.6)","D'Andre Swift (CHI, $7,300, 19.2)","Matthew Golden (GB, $6,300, 14.8)","Parker Washington (JAC, $7,100, 14.0)","Jakobi Meyers (JAC, $5,700, 7.4)","Mike Gesicki (CIN, $5,100, 10.1)","David Montgomery (HOU, $6,500, 14.5)","Minnesota Vikings (MIN, $5,000, 11.7)",JAC,59400,137.4,167.9,0.0068
36,"Patrick Mahomes (KC, $8,000, 21.4)","Ashton Jeanty (LV, $7,800, 19.4)","Javonte Williams (DAL, $7,500, 15.8)","Davante Adams (LAR, $8,300, 21.1)","Nico Collins (HOU, $7,400, 18.0)","Dontayvion Wicks (PHI, $5,900, 13.4)","Travis Kelce (KC, $5,500, 12.1)","Xavier Worthy (KC, $5,700, 7.2)","Cincinnati Bengals (CIN, $3,300, 7.3)",KC,59400,135.7,166.5,0.0082
37,"Josh Allen (BUF, $9,100, 30.3)","Derrick Henry (BAL, $9,100, 26.7)","James Cook III (BUF, $8,200, 22.4)","Tee Higgins (CIN, $6,900, 14.3)","Dontayvion Wicks (PHI, $5,900, 13.4)","Makai Lemon (PHI, $5,500, 6.4)","Dalton Kincaid (BUF, $6,100, 12.4)","Rhamondre Stevenson (NE, $5,700, 10.1)","Cincinnati Bengals (CIN, $3,300, 7.3)",BUF,59800,143.3,176.9,0.0213
38,"Josh Allen (BUF, $9,100, 30.3)","James Cook III (BUF, $8,200, 22.4)","Braelon Allen (NYJ, $5,700, 14.9)","Davante Adams (LAR, $8,300, 21.1)","Matthew Golden (GB, $6,300, 14.8)","Mack Hollins (NE, $5,700, 7.5)","Brock Bowers (LV, $7,200, 22.4)","Dalton Kincaid (BUF, $6,100, 12.4)","Los Angeles Chargers (LAC, $3,100, 5.6)",BUF,59700,151.4,186.1,0.0448
39,"Joe Burrow (CIN, $8,200, 20.5)","Kenneth Walker III (KC, $8,500, 27.6)","Derrick Henry (BAL, $9,100, 26.7)","Tee Higgins (CIN, $6,900, 14.3)","Dontayvion Wicks (PHI, $5,900, 13.4)","Brian Thomas Jr. (JAC, $5,500, 5.7)","Brock Bowers (LV, $7,200, 22.4)","Mike Gesicki (CIN, $5,100, 10.1)","Chicago Bears (CHI, $3,500, 7.8)",CIN,59900,148.5,181.6,0.0294
40,"C.J. Stroud (HOU, $7,000, 18.4)","Javonte Williams (DAL, $7,500, 15.8)","Bhayshul Tuten (JAC, $6,800, 13.8)","Jaxon Smith-Njigba (SEA, $9,500, 29.9)","Garrett Wilson (NYJ, $7,600, 22.0)","Nico Collins (HOU, $7,400, 18.0)","Dalton Schultz (HOU, $5,600, 12.9)","T.J. Hockenson (MIN, $4,900, 10.5)","Las Vegas Raiders (LV, $3,100, 8.1)",HOU,59400,149.4,183.3,0.0348
41,"Josh Allen (BUF, $9,100, 30.3)","James Cook III (BUF, $8,200, 22.4)","Christian McCaffrey (SF, $8,800, 21.0)","Nico Collins (HOU, $7,400, 18.0)","Emeka Egbuka (TB, $5,900, 8.8)","Khalil Shakir (BUF, $5,700, 7.4)","Dalton Schultz (HOU, $5,600, 12.9)","Romeo Doubs (NE, $5,500, 5.4)","Jacksonville Jaguars (JAC, $3,800, 6.7)",BUF,60000,132.9,164.5,0.0074
42,"Kirk Cousins (LV, $7,300, 19.8)","Kenneth Walker III (KC, $8,500, 27.6)","D'Andre Swift (CHI, $7,300, 19.2)","Ja'Marr Chase (CIN, $9,100, 16.0)","Matthew Golden (GB, $6,300, 14.8)","Tre Tucker (LV, $5,800, 8.9)","Brock Bowers (LV, $7,200, 22.4)","Isaiah Likely (NYG, $5,100, 11.2)","Cincinnati Bengals (CIN, $3,300, 7.3)",LV,59900,147.2,180.2,0.0263
43,"C.J. Stroud (HOU, $7,000, 18.4)","Christian McCaffrey (SF, $8,800, 21.0)","Javonte Williams (DAL, $7,500, 15.8)","Garrett Wilson (NYJ, $7,600, 22.0)","Nico Collins (HOU, $7,400, 18.0)","Jordan Addison (MIN, $6,500, 13.0)","Dalton Schultz (HOU, $5,600, 12.9)","Travis Kelce (KC, $5,500, 12.1)","Jacksonville Jaguars (JAC, $3,800, 6.7)",HOU,59700,139.9,171.5,0.0147
44,"Patrick Mahomes (KC, $8,000, 21.4)","D'Andre Swift (CHI, $7,300, 19.2)","Emanuel Wilson (SEA, $5,600, 11.5)","Jaxon Smith-Njigba (SEA, $9,500, 29.9)","Nico Collins (HOU, $7,400, 18.0)","Xavier Worthy (KC, $5,700, 7.2)","Brock Bowers (LV, $7,200, 22.4)","Travis Kelce (KC, $5,500, 12.1)","Chicago Bears (CHI, $3,500, 7.8)",KC,59700,149.5,184.0,0.0369
45,"Josh Allen (BUF, $9,100, 30.3)","Kenneth Walker III (KC, $8,500, 27.6)","James Cook III (BUF, $8,200, 22.4)","Matthew Golden (GB, $6,300, 14.8)","Khalil Shakir (BUF, $5,700, 7.4)","Romeo Doubs (NE, $5,500, 5.4)","Mike Gesicki (CIN, $5,100, 10.1)","Kyren Williams (LAR, $7,900, 17.0)","New York Giants (NYG, $3,600, 5.3)",BUF,59900,140.3,172.8,0.0131
46,"Dak Prescott (DAL, $8,100, 19.7)","Christian McCaffrey (SF, $8,800, 21.0)","Javonte Williams (DAL, $7,500, 15.8)","Nico Collins (HOU, $7,400, 18.0)","CeeDee Lamb (DAL, $8,500, 17.5)","Dontayvion Wicks (PHI, $5,900, 13.4)","T.J. Hockenson (MIN, $4,900, 10.5)","Jake Ferguson (DAL, $5,400, 6.8)","Chicago Bears (CHI, $3,500, 7.8)",DAL,60000,130.5,161.6,0.0074
47,"Kirk Cousins (LV, $7,300, 19.8)","Kenneth Walker III (KC, $8,500, 27.6)","Emanuel Wilson (SEA, $5,600, 11.5)","Jaxon Smith-Njigba (SEA, $9,500, 29.9)","Davante Adams (LAR, $8,300, 21.1)","Jalen Nailor (LV, $5,000, 4.7)","Brock Bowers (LV, $7,200, 22.4)","T.J. Hockenson (MIN, $4,900, 10.5)","Chicago Bears (CHI, $3,500, 7.8)",LV,59800,155.3,190.4,0.058
48,"Josh Allen (BUF, $9,100, 30.3)","James Cook III (BUF, $8,200, 22.4)","David Montgomery (HOU, $6,500, 14.5)","Jaxon Smith-Njigba (SEA, $9,500, 29.9)","Garrett Wilson (NYJ, $7,600, 22.0)","Khalil Shakir (BUF, $5,700, 7.4)","Isaiah Likely (NYG, $5,100, 11.2)","Hunter Henry (NE, $5,000, 4.4)","Las Vegas Raiders (LV, $3,100, 8.1)",BUF,59800,150.2,185.2,0.0424
49,"Josh Allen (BUF, $9,100, 30.3)","James Cook III (BUF, $8,200, 22.4)","Christian McCaffrey (SF, $8,800, 21.0)","Jaxon Smith-Njigba (SEA, $9,500, 29.9)","Khalil Shakir (BUF, $5,700, 7.4)","Romeo Doubs (NE, $5,500, 5.4)","Isaiah Likely (NYG, $5,100, 11.2)","T.J. Hockenson (MIN, $4,900, 10.5)","Las Vegas Raiders (LV, $3,100, 8.1)",BUF,59900,146.2,180.3,0.0306
50,"Matthew Stafford (LAR, $7,800, 20.6)","Braelon Allen (NYJ, $5,700, 14.9)","MarShawn Lloyd (GB, $5,400, 6.9)","Garrett Wilson (NYJ, $7,600, 22.0)","Davante Adams (LAR, $8,300, 21.1)","Puka Nacua (LAR, $9,000, 20.5)","Brock Bowers (LV, $7,200, 22.4)","Dontayvion Wicks (PHI, $5,900, 13.4)","Las Vegas Raiders (LV, $3,100, 8.1)",LAR,60000,149.9,185.1,0.0403
51,"Brock Purdy (SF, $8,300, 23.2)","Christian McCaffrey (SF, $8,800, 21.0)","Braelon Allen (NYJ, $5,700, 14.9)","Christian Watson (GB, $7,200, 18.6)","Deebo Samuel Sr. (SF, $7,000, 8.4)","Courtland Sutton (DEN, $6,000, 6.7)","George Kittle (SF, $6,700, 11.0)","Malachi Fields (NYG, $5,100, 5.1)","Minnesota Vikings (MIN, $5,000, 11.7)",SF,59800,120.6,150.8,0.0021
52,"C.J. Stroud (HOU, $7,000, 18.4)","Ashton Jeanty (LV, $7,800, 19.4)","Javonte Williams (DAL, $7,500, 15.8)","Garrett Wilson (NYJ, $7,600, 22.0)","Nico Collins (HOU, $7,400, 18.0)","Makai Lemon (PHI, $5,500, 6.4)","Dalton Schultz (HOU, $5,600, 12.9)","David Montgomery (HOU, $6,500, 14.5)","Minnesota Vikings (MIN, $5,000, 11.7)",HOU,59900,139.1,170.2,0.0113
53,"Patrick Mahomes (KC, $8,000, 21.4)","Kenneth Walker III (KC, $8,500, 27.6)","David Montgomery (HOU, $6,500, 14.5)","Puka Nacua (LAR, $9,000, 20.5)","Dontayvion Wicks (PHI, $5,900, 13.4)","Xavier Worthy (KC, $5,700, 7.2)","Brock Bowers (LV, $7,200, 22.4)","Travis Kelce (KC, $5,500, 12.1)","Chicago Bears (CHI, $3,500, 7.8)",KC,59800,146.9,181.6,0.0321
54,"Matthew Stafford (LAR, $7,800, 20.6)","Kenneth Walker III (KC, $8,500, 27.6)","Jeremiyah Love (ARI, $6,600, 14.4)","Davante Adams (LAR, $8,300, 21.1)","Puka Nacua (LAR, $9,000, 20.5)","Dontayvion Wicks (PHI, $5,900, 13.4)","Travis Kelce (KC, $5,500, 12.1)","T.J. Hockenson (MIN, $4,900, 10.5)","Chicago Bears (CHI, $3,500, 7.8)",LAR,60000,148.0,182.0,0.0325
55,"C.J. Stroud (HOU, $7,000, 18.4)","Javonte Williams (DAL, $7,500, 15.8)","David Montgomery (HOU, $6,500, 14.5)","Nico Collins (HOU, $7,400, 18.0)","Puka Nacua (LAR, $9,000, 20.5)","Dontayvion Wicks (PHI, $5,900, 13.4)","Trey McBride (ARI, $7,400, 17.7)","Dalton Schultz (HOU, $5,600, 12.9)","Chicago Bears (CHI, $3,500, 7.8)",HOU,59800,139.0,171.6,0.0142
56,"Patrick Mahomes (KC, $8,000, 21.4)","Ashton Jeanty (LV, $7,800, 19.4)","Bhayshul Tuten (JAC, $6,800, 13.8)","Davante Adams (LAR, $8,300, 21.1)","Luther Burden III (CHI, $5,800, 11.8)","Rashee Rice (KC, $7,500, 10.0)","Travis Kelce (KC, $5,500, 12.1)","Isaiah Likely (NYG, $5,100, 11.2)","Minnesota Vikings (MIN, $5,000, 11.7)",KC,59800,132.5,162.5,0.0052
57,"Kirk Cousins (LV, $7,300, 19.8)","Derrick Henry (BAL, $9,100, 26.7)","Ashton Jeanty (LV, $7,800, 19.4)","Christian Watson (GB, $7,200, 18.6)","Luther Burden III (CHI, $5,800, 11.8)","Jalen Nailor (LV, $5,000, 4.7)","Brock Bowers (LV, $7,200, 22.4)","Travis Kelce (KC, $5,500, 12.1)","Minnesota Vikings (MIN, $5,000, 11.7)",LV,59900,147.2,181.3,0.0328
58,"Trevor Lawrence (JAC, $7,900, 18.1)","Chase Brown (CIN, $7,600, 17.0)","Braelon Allen (NYJ, $5,700, 14.9)","Garrett Wilson (NYJ, $7,600, 22.0)","Christian Watson (GB, $7,200, 18.6)","Parker Washington (JAC, $7,100, 14.0)","Brock Bowers (LV, $7,200, 22.4)","Brenton Strange (JAC, $5,100, 5.4)","Buffalo Bills (BUF, $4,200, 6.0)",JAC,59600,138.4,170.8,0.012
59,"Trevor Lawrence (JAC, $7,900, 18.1)","Christian McCaffrey (SF, $8,800, 21.0)","Kyren Williams (LAR, $7,900, 17.0)","Jaxon Smith-Njigba (SEA, $9,500, 29.9)","Jakobi Meyers (JAC, $5,700, 7.4)","Makai Lemon (PHI, $5,500, 6.4)","Mike Gesicki (CIN, $5,100, 10.1)","Brian Thomas Jr. (JAC, $5,500, 5.7)","Chicago Bears (CHI, $3,500, 7.8)",JAC,59400,123.4,152.5,0.0019
60,"Kirk Cousins (LV, $7,300, 19.8)","Kenneth Walker III (KC, $8,500, 27.6)","D'Andre Swift (CHI, $7,300, 19.2)","Davante Adams (LAR, $8,300, 21.1)","Matthew Golden (GB, $6,300, 14.8)","Jalen Nailor (LV, $5,000, 4.7)","Brock Bowers (LV, $7,200, 22.4)","Jeremiyah Love (ARI, $6,600, 14.4)","Chicago Bears (CHI, $3,500, 7.8)",LV,60000,151.8,185.2,0.0399
61,"Patrick Mahomes (KC, $8,000, 21.4)","Ashton Jeanty (LV, $7,800, 19.4)","Aaron Jones Sr. (MIN, $6,400, 14.7)","Davante Adams (LAR, $8,300, 21.1)","Dontayvion Wicks (PHI, $5,900, 13.4)","Rashee Rice (KC, $7,500, 10.0)","Brock Bowers (LV, $7,200, 22.4)","Travis Kelce (KC, $5,500, 12.1)","Los Angeles Chargers (LAC, $3,100, 5.6)",KC,59700,140.1,172.7,0.0142
62,"Matthew Stafford (LAR, $7,800, 20.6)","Christian McCaffrey (SF, $8,800, 21.0)","Braelon Allen (NYJ, $5,700, 14.9)","Davante Adams (LAR, $8,300, 21.1)","Puka Nacua (LAR, $9,000, 20.5)","Dontayvion Wicks (PHI, $5,900, 13.4)","Dalton Schultz (HOU, $5,600, 12.9)","Luther Burden III (CHI, $5,800, 11.8)","Los Angeles Chargers (LAC, $3,100, 5.6)",LAR,60000,141.8,175.7,0.0184
63,"Trevor Lawrence (JAC, $7,900, 18.1)","Kenneth Walker III (KC, $8,500, 27.6)","David Montgomery (HOU, $6,500, 14.5)","Christian Watson (GB, $7,200, 18.6)","Parker Washington (JAC, $7,100, 14.0)","Brian Thomas Jr. (JAC, $5,500, 5.7)","Brock Bowers (LV, $7,200, 22.4)","Mike Gesicki (CIN, $5,100, 10.1)","Minnesota Vikings (MIN, $5,000, 11.7)",JAC,60000,142.7,174.4,0.0148
64,"Patrick Mahomes (KC, $8,000, 21.4)","Christian McCaffrey (SF, $8,800, 21.0)","Kyren Williams (LAR, $7,900, 17.0)","Puka Nacua (LAR, $9,000, 20.5)","Rashee Rice (KC, $7,500, 10.0)","Jalen Nailor (LV, $5,000, 4.7)","Travis Kelce (KC, $5,500, 12.1)","Mike Gesicki (CIN, $5,100, 10.1)","Los Angeles Chargers (LAC, $3,100, 5.6)",KC,59900,122.4,152.6,0.002
65,"Sam Darnold (SEA, $7,500, 23.1)","Kenneth Walker III (KC, $8,500, 27.6)","D'Andre Swift (CHI, $7,300, 19.2)","Jaxon Smith-Njigba (SEA, $9,500, 29.9)","Christian Watson (GB, $7,200, 18.6)","Rashid Shaheed (SEA, $5,100, 6.0)","Dalton Schultz (HOU, $5,600, 12.9)","Quentin Johnston (LAC, $5,400, 6.0)","Chicago Bears (CHI, $3,500, 7.8)",SEA,59600,151.1,185.9,0.0434
66,"Kirk Cousins (LV, $7,300, 19.8)","Christian McCaffrey (SF, $8,800, 21.0)","Kyren Williams (LAR, $7,900, 17.0)","Rashee Rice (KC, $7,500, 10.0)","Makai Lemon (PHI, $5,500, 6.4)","Jalen Nailor (LV, $5,000, 4.7)","Brock Bowers (LV, $7,200, 22.4)","Emanuel Wilson (SEA, $5,600, 11.5)","Seattle Seahawks (SEA, $4,700, 7.8)",LV,59500,120.6,149.0,0.0011
67,"Kirk Cousins (LV, $7,300, 19.8)","Derrick Henry (BAL, $9,100, 26.7)","David Montgomery (HOU, $6,500, 14.5)","Jaxon Smith-Njigba (SEA, $9,500, 29.9)","Matthew Golden (GB, $6,300, 14.8)","Jalen Nailor (LV, $5,000, 4.7)","Brock Bowers (LV, $7,200, 22.4)","Travis Kelce (KC, $5,500, 12.1)","Chicago Bears (CHI, $3,500, 7.8)",LV,59900,152.7,188.3,0.0455
68,"Patrick Mahomes (KC, $8,000, 21.4)","Kenneth Walker III (KC, $8,500, 27.6)","D'Andre Swift (CHI, $7,300, 19.2)","Michael Wilson (ARI, $6,200, 13.8)","Dontayvion Wicks (PHI, $5,900, 13.4)","Rashee Rice (KC, $7,500, 10.0)","Brock Bowers (LV, $7,200, 22.4)","Travis Kelce (KC, $5,500, 12.1)","Chicago Bears (CHI, $3,500, 7.8)",KC,59600,147.7,181.5,0.0322
69,"Matthew Stafford (LAR, $7,800, 20.6)","Kenneth Walker III (KC, $8,500, 27.6)","D'Andre Swift (CHI, $7,300, 19.2)","Davante Adams (LAR, $8,300, 21.1)","Puka Nacua (LAR, $9,000, 20.5)","Mack Hollins (NE, $5,700, 7.5)","Isaiah Likely (NYG, $5,100, 11.2)","Zach Ertz (PHI, $4,800, 4.4)","Chicago Bears (CHI, $3,500, 7.8)",LAR,60000,139.9,172.8,0.0144
70,"Brock Purdy (SF, $8,300, 23.2)","Aaron Jones Sr. (MIN, $6,400, 14.7)","RJ Harvey (DEN, $5,800, 9.3)","Jaxon Smith-Njigba (SEA, $9,500, 29.9)","Michael Wilson (ARI, $6,200, 13.8)","Dontayvion Wicks (PHI, $5,900, 13.4)","George Kittle (SF, $6,700, 11.0)","Deebo Samuel Sr. (SF, $7,000, 8.4)","Buffalo Bills (BUF, $4,200, 6.0)",SF,60000,129.7,161.5,0.0043
71,"Trevor Lawrence (JAC, $7,900, 18.1)","Ashton Jeanty (LV, $7,800, 19.4)","D'Andre Swift (CHI, $7,300, 19.2)","Puka Nacua (LAR, $9,000, 20.5)","Dontayvion Wicks (PHI, $5,900, 13.4)","Jakobi Meyers (JAC, $5,700, 7.4)","Brenton Strange (JAC, $5,100, 5.4)","Chase Brown (CIN, $7,600, 17.0)","Chicago Bears (CHI, $3,500, 7.8)",JAC,59800,128.2,158.0,0.0032
72,"Matthew Stafford (LAR, $7,800, 20.6)","D'Andre Swift (CHI, $7,300, 19.2)","David Montgomery (HOU, $6,500, 14.5)","Davante Adams (LAR, $8,300, 21.1)","Puka Nacua (LAR, $9,000, 20.5)","DJ Moore (BUF, $6,700, 11.0)","Dalton Kincaid (BUF, $6,100, 12.4)","Zach Ertz (PHI, $4,800, 4.4)","Chicago Bears (CHI, $3,500, 7.8)",LAR,60000,131.5,164.2,0.0073
73,"Joe Burrow (CIN, $8,200, 20.5)","Kenneth Walker III (KC, $8,500, 27.6)","Aaron Jones Sr. (MIN, $6,400, 14.7)","Tee Higgins (CIN, $6,900, 14.3)","Parker Washington (JAC, $7,100, 14.0)","Dontayvion Wicks (PHI, $5,900, 13.4)","Isaiah Likely (NYG, $5,100, 11.2)","Mike Gesicki (CIN, $5,100, 10.1)","Seattle Seahawks (SEA, $4,700, 7.8)",CIN,57900,133.6,163.9,0.0053
74,"Dak Prescott (DAL, $8,100, 19.7)","Kyren Williams (LAR, $7,900, 17.0)","David Montgomery (HOU, $6,500, 14.5)","Jaxon Smith-Njigba (SEA, $9,500, 29.9)","Dontayvion Wicks (PHI, $5,900, 13.4)","George Pickens (DAL, $7,900, 10.8)","Isaiah Likely (NYG, $5,100, 11.2)","Jake Ferguson (DAL, $5,400, 6.8)","Chicago Bears (CHI, $3,500, 7.8)",DAL,59800,131.1,161.9,0.0061
75,"C.J. Stroud (HOU, $7,000, 18.4)","Kenneth Walker III (KC, $8,500, 27.6)","Cam Skattebo (NYG, $7,100, 13.2)","Nico Collins (HOU, $7,400, 18.0)","CeeDee Lamb (DAL, $8,500, 17.5)","Jordan Addison (MIN, $6,500, 13.0)","Dalton Schultz (HOU, $5,600, 12.9)","Isaiah Likely (NYG, $5,100, 11.2)","Denver Broncos (DEN, $4,300, 6.3)",HOU,60000,138.1,169.9,0.0119
76,"Trevor Lawrence (JAC, $7,900, 18.1)","Kenneth Walker III (KC, $8,500, 27.6)","Chase Brown (CIN, $7,600, 17.0)","Garrett Wilson (NYJ, $7,600, 22.0)","Nico Collins (HOU, $7,400, 18.0)","Parker Washington (JAC, $7,100, 14.0)","Isaiah Likely (NYG, $5,100, 11.2)","Jakobi Meyers (JAC, $5,700, 7.4)","Los Angeles Chargers (LAC, $3,100, 5.6)",JAC,60000,140.9,172.9,0.0142
77,"Patrick Mahomes (KC, $8,000, 21.4)","Ashton Jeanty (LV, $7,800, 19.4)","Aaron Jones Sr. (MIN, $6,400, 14.7)","Garrett Wilson (NYJ, $7,600, 22.0)","Christian Watson (GB, $7,200, 18.6)","Matthew Golden (GB, $6,300, 14.8)","Travis Kelce (KC, $5,500, 12.1)","Rashee Rice (KC, $7,500, 10.0)","New York Giants (NYG, $3,600, 5.3)",KC,59900,138.3,170.2,0.0127
78,"Joe Burrow (CIN, $8,200, 20.5)","Derrick Henry (BAL, $9,100, 26.7)","Bhayshul Tuten (JAC, $6,800, 13.8)","Davante Adams (LAR, $8,300, 21.1)","Tee Higgins (CIN, $6,900, 14.3)","Makai Lemon (PHI, $5,500, 6.4)","Isaiah Likely (NYG, $5,100, 11.2)","Mike Gesicki (CIN, $5,100, 10.1)","Baltimore Ravens (BAL, $4,900, 7.7)",CIN,59900,131.8,163.0,0.0053
79,"Trevor Lawrence (JAC, $7,900, 18.1)","Kenneth Walker III (KC, $8,500, 27.6)","David Montgomery (HOU, $6,500, 14.5)","Ja'Marr Chase (CIN, $9,100, 16.0)","Parker Washington (JAC, $7,100, 14.0)","Dontayvion Wicks (PHI, $5,900, 13.4)","T.J. Hockenson (MIN, $4,900, 10.5)","Jakobi Meyers (JAC, $5,700, 7.4)","Chicago Bears (CHI, $3,500, 7.8)",JAC,59100,129.3,159.5,0.0037
80,"Matthew Stafford (LAR, $7,800, 20.6)","Christian McCaffrey (SF, $8,800, 21.0)","David Montgomery (HOU, $6,500, 14.5)","Davante Adams (LAR, $8,300, 21.1)","Puka Nacua (LAR, $9,000, 20.5)","Rashod Bateman (BAL, $5,800, 8.0)","T.J. Hockenson (MIN, $4,900, 10.5)","Zach Ertz (PHI, $4,800, 4.4)","Houston Texans (HOU, $4,000, 5.5)",LAR,59900,126.1,156.8,0.0047
81,"Joe Burrow (CIN, $8,200, 20.5)","Ashton Jeanty (LV, $7,800, 19.4)","Bhayshul Tuten (JAC, $6,800, 13.8)","Garrett Wilson (NYJ, $7,600, 22.0)","Puka Nacua (LAR, $9,000, 20.5)","Tee Higgins (CIN, $6,900, 14.3)","Travis Kelce (KC, $5,500, 12.1)","Mike Gesicki (CIN, $5,100, 10.1)","Los Angeles Chargers (LAC, $3,100, 5.6)",CIN,60000,138.3,170.6,0.0136
82,"Dak Prescott (DAL, $8,100, 19.7)","Kenneth Walker III (KC, $8,500, 27.6)","David Montgomery (HOU, $6,500, 14.5)","Garrett Wilson (NYJ, $7,600, 22.0)","Nico Collins (HOU, $7,400, 18.0)","George Pickens (DAL, $7,900, 10.8)","T.J. Hockenson (MIN, $4,900, 10.5)","Jake Ferguson (DAL, $5,400, 6.8)","New York Giants (NYG, $3,600, 5.3)",DAL,59900,135.2,167.1,0.0077
83,"Joe Burrow (CIN, $8,200, 20.5)","Kenneth Walker III (KC, $8,500, 27.6)","Bhayshul Tuten (JAC, $6,800, 13.8)","Ja'Marr Chase (CIN, $9,100, 16.0)","Tee Higgins (CIN, $6,900, 14.3)","Michael Wilson (ARI, $6,200, 13.8)","T.J. Hockenson (MIN, $4,900, 10.5)","Dontayvion Wicks (PHI, $5,900, 13.4)","Chicago Bears (CHI, $3,500, 7.8)",CIN,60000,137.7,169.9,0.0119
84,"Matthew Stafford (LAR, $7,800, 20.6)","Derrick Henry (BAL, $9,100, 26.7)","RJ Harvey (DEN, $5,800, 9.3)","Davante Adams (LAR, $8,300, 21.1)","Puka Nacua (LAR, $9,000, 20.5)","Makai Lemon (PHI, $5,500, 6.4)","Dalton Schultz (HOU, $5,600, 12.9)","Skyy Moore (GB, $4,800, 4.4)","Houston Texans (HOU, $4,000, 5.5)",LAR,59900,127.4,159.6,0.005
85,"Brock Purdy (SF, $8,300, 23.2)","RJ Harvey (DEN, $5,800, 9.3)","Emanuel Wilson (SEA, $5,600, 11.5)","Garrett Wilson (NYJ, $7,600, 22.0)","Davante Adams (LAR, $8,300, 21.1)","Deebo Samuel Sr. (SF, $7,000, 8.4)","Travis Kelce (KC, $5,500, 12.1)","George Kittle (SF, $6,700, 11.0)","Minnesota Vikings (MIN, $5,000, 11.7)",SF,59800,130.3,160.6,0.0046
86,"Matthew Stafford (LAR, $7,800, 20.6)","Kenneth Walker III (KC, $8,500, 27.6)","Bhayshul Tuten (JAC, $6,800, 13.8)","Davante Adams (LAR, $8,300, 21.1)","Puka Nacua (LAR, $9,000, 20.5)","Makai Lemon (PHI, $5,500, 6.4)","Travis Kelce (KC, $5,500, 12.1)","Isaiah Likely (NYG, $5,100, 11.2)","Chicago Bears (CHI, $3,500, 7.8)",LAR,60000,141.1,174.7,0.0188
87,"Trevor Lawrence (JAC, $7,900, 18.1)","Chase Brown (CIN, $7,600, 17.0)","Bhayshul Tuten (JAC, $6,800, 13.8)","Jaxon Smith-Njigba (SEA, $9,500, 29.9)","Garrett Wilson (NYJ, $7,600, 22.0)","Jakobi Meyers (JAC, $5,700, 7.4)","T.J. Hockenson (MIN, $4,900, 10.5)","Brenton Strange (JAC, $5,100, 5.4)","Denver Broncos (DEN, $4,300, 6.3)",JAC,59400,130.4,162.3,0.0075
88,"C.J. Stroud (HOU, $7,000, 18.4)","Javonte Williams (DAL, $7,500, 15.8)","Aaron Jones Sr. (MIN, $6,400, 14.7)","Jaxon Smith-Njigba (SEA, $9,500, 29.9)","Nico Collins (HOU, $7,400, 18.0)","Jordan Addison (MIN, $6,500, 13.0)","Dalton Schultz (HOU, $5,600, 12.9)","Isaiah Likely (NYG, $5,100, 11.2)","Minnesota Vikings (MIN, $5,000, 11.7)",HOU,60000,145.6,178.1,0.0252
89,"Trevor Lawrence (JAC, $7,900, 18.1)","Derrick Henry (BAL, $9,100, 26.7)","Chase Brown (CIN, $7,600, 17.0)","Davante Adams (LAR, $8,300, 21.1)","Michael Wilson (ARI, $6,200, 13.8)","Jakobi Meyers (JAC, $5,700, 7.4)","Brenton Strange (JAC, $5,100, 5.4)","Jeremiyah Love (ARI, $6,600, 14.4)","Chicago Bears (CHI, $3,500, 7.8)",JAC,60000,131.7,162.2,0.0049
90,"C.J. Stroud (HOU, $7,000, 18.4)","Javonte Williams (DAL, $7,500, 15.8)","Aaron Jones Sr. (MIN, $6,400, 14.7)","Nico Collins (HOU, $7,400, 18.0)","Puka Nacua (LAR, $9,000, 20.5)","Jordan Addison (MIN, $6,500, 13.0)","Dalton Schultz (HOU, $5,600, 12.9)","Emanuel Wilson (SEA, $5,600, 11.5)","Baltimore Ravens (BAL, $4,900, 7.7)",HOU,59900,132.5,163.5,0.0075
91,"Brock Purdy (SF, $8,300, 23.2)","RJ Harvey (DEN, $5,800, 9.3)","MarShawn Lloyd (GB, $5,400, 6.9)","Jaxon Smith-Njigba (SEA, $9,500, 29.9)","Christian Watson (GB, $7,200, 18.6)","Deebo Samuel Sr. (SF, $7,000, 8.4)","Isaiah Likely (NYG, $5,100, 11.2)","George Kittle (SF, $6,700, 11.0)","Minnesota Vikings (MIN, $5,000, 11.7)",SF,60000,130.2,162.1,0.0064
92,"Trevor Lawrence (JAC, $7,900, 18.1)","David Montgomery (HOU, $6,500, 14.5)","RJ Harvey (DEN, $5,800, 9.3)","Jaxon Smith-Njigba (SEA, $9,500, 29.9)","Tee Higgins (CIN, $6,900, 14.3)","Parker Washington (JAC, $7,100, 14.0)","Travis Kelce (KC, $5,500, 12.1)","Brian Thomas Jr. (JAC, $5,500, 5.7)","Minnesota Vikings (MIN, $5,000, 11.7)",JAC,59700,129.6,160.3,0.0038
93,"Patrick Mahomes (KC, $8,000, 21.4)","Ashton Jeanty (LV, $7,800, 19.4)","Aaron Jones Sr. (MIN, $6,400, 14.7)","Jaxon Smith-Njigba (SEA, $9,500, 29.9)","Michael Wilson (ARI, $6,200, 13.8)","Rashee Rice (KC, $7,500, 10.0)","Dalton Schultz (HOU, $5,600, 12.9)","Travis Kelce (KC, $5,500, 12.1)","Chicago Bears (CHI, $3,500, 7.8)",KC,60000,142.0,174.5,0.0156
94,"Brock Purdy (SF, $8,300, 23.2)","D'Andre Swift (CHI, $7,300, 19.2)","Kyren Williams (LAR, $7,900, 17.0)","Garrett Wilson (NYJ, $7,600, 22.0)","Jaylen Waddle (DEN, $6,600, 9.2)","Deebo Samuel Sr. (SF, $7,000, 8.4)","George Kittle (SF, $6,700, 11.0)","Jalen Nailor (LV, $5,000, 4.7)","New York Giants (NYG, $3,600, 5.3)",SF,60000,120.0,148.5,0.0006
95,"Brock Purdy (SF, $8,300, 23.2)","Ashton Jeanty (LV, $7,800, 19.4)","RJ Harvey (DEN, $5,800, 9.3)","Puka Nacua (LAR, $9,000, 20.5)","Deebo Samuel Sr. (SF, $7,000, 8.4)","Makai Lemon (PHI, $5,500, 6.4)","Isaiah Likely (NYG, $5,100, 11.2)","George Kittle (SF, $6,700, 11.0)","Buffalo Bills (BUF, $4,200, 6.0)",SF,59400,115.4,143.5,0.0004
96,"C.J. Stroud (HOU, $7,000, 18.4)","Javonte Williams (DAL, $7,500, 15.8)","Jeremiyah Love (ARI, $6,600, 14.4)","Garrett Wilson (NYJ, $7,600, 22.0)","Christian Watson (GB, $7,200, 18.6)","Nico Collins (HOU, $7,400, 18.0)","Dalton Schultz (HOU, $5,600, 12.9)","Michael Wilson (ARI, $6,200, 13.8)","Seattle Seahawks (SEA, $4,700, 7.8)",HOU,59800,141.7,174.6,0.0136
97,"Matthew Stafford (LAR, $7,800, 20.6)","Ashton Jeanty (LV, $7,800, 19.4)","Emanuel Wilson (SEA, $5,600, 11.5)","Davante Adams (LAR, $8,300, 21.1)","Puka Nacua (LAR, $9,000, 20.5)","Matthew Golden (GB, $6,300, 14.8)","Zach Ertz (PHI, $4,800, 4.4)","Cooper Kupp (SEA, $5,400, 6.1)","Minnesota Vikings (MIN, $5,000, 11.7)",LAR,60000,130.1,161.6,0.0076
98,"Joe Burrow (CIN, $8,200, 20.5)","Bhayshul Tuten (JAC, $6,800, 13.8)","Emanuel Wilson (SEA, $5,600, 11.5)","Christian Watson (GB, $7,200, 18.6)","Ja'Marr Chase (CIN, $9,100, 16.0)","Tee Higgins (CIN, $6,900, 14.3)","Travis Kelce (KC, $5,500, 12.1)","Michael Wilson (ARI, $6,200, 13.8)","Denver Broncos (DEN, $4,300, 6.3)",CIN,59800,126.9,157.6,0.0039
99,"Dak Prescott (DAL, $8,100, 19.7)","David Montgomery (HOU, $6,500, 14.5)","Emanuel Wilson (SEA, $5,600, 11.5)","Jaxon Smith-Njigba (SEA, $9,500, 29.9)","CeeDee Lamb (DAL, $8,500, 17.5)","George Pickens (DAL, $7,900, 10.8)","Isaiah Likely (NYG, $5,100, 11.2)","Mark Andrews (BAL, $5,200, 9.4)","New York Giants (NYG, $3,600, 5.3)",DAL,60000,129.8,161.5,0.0066
100,"Trevor Lawrence (JAC, $7,900, 18.1)","Chase Brown (CIN, $7,600, 17.0)","Aaron Jones Sr. (MIN, $6,400, 14.7)","Christian Watson (GB, $7,200, 18.6)","Nico Collins (HOU, $7,400, 18.0)","Parker Washington (JAC, $7,100, 14.0)","Mark Andrews (BAL, $5,200, 9.4)","Jakobi Meyers (JAC, $5,700, 7.4)","Minnesota Vikings (MIN, $5,000, 11.7)",JAC,59500,128.9,158.8,0.0023
101,"Dak Prescott (DAL, $8,100, 19.7)","Chase Brown (CIN, $7,600, 17.0)","Kyren Williams (LAR, $7,900, 17.0)","Nico Collins (HOU, $7,400, 18.0)","CeeDee Lamb (DAL, $8,500, 17.5)","Emeka Egbuka (TB, $5,900, 8.8)","Dalton Schultz (HOU, $5,600, 12.9)","Jake Ferguson (DAL, $5,400, 6.8)","New York Giants (NYG, $3,600, 5.3)",DAL,60000,123.0,152.2,0.0009
102,"Joe Burrow (CIN, $8,200, 20.5)","Jeremiyah Love (ARI, $6,600, 14.4)","David Montgomery (HOU, $6,500, 14.5)","Garrett Wilson (NYJ, $7,600, 22.0)","Ja'Marr Chase (CIN, $9,100, 16.0)","Tee Higgins (CIN, $6,900, 14.3)","T.J. Hockenson (MIN, $4,900, 10.5)","Brenton Strange (JAC, $5,100, 5.4)","Minnesota Vikings (MIN, $5,000, 11.7)",CIN,59900,129.3,160.0,0.0046
103,"C.J. Stroud (HOU, $7,000, 18.4)","Derrick Henry (BAL, $9,100, 26.7)","Javonte Williams (DAL, $7,500, 15.8)","Nico Collins (HOU, $7,400, 18.0)","Tee Higgins (CIN, $6,900, 14.3)","Michael Wilson (ARI, $6,200, 13.8)","Dalton Schultz (HOU, $5,600, 12.9)","Ted Hurst III (TB, $5,300, 5.8)","Minnesota Vikings (MIN, $5,000, 11.7)",HOU,60000,137.4,168.8,0.0096
104,"C.J. Stroud (HOU, $7,000, 18.4)","Derrick Henry (BAL, $9,100, 26.7)","D'Andre Swift (CHI, $7,300, 19.2)","Christian Watson (GB, $7,200, 18.6)","Nico Collins (HOU, $7,400, 18.0)","Parker Washington (JAC, $7,100, 14.0)","Dalton Schultz (HOU, $5,600, 12.9)","Jake Ferguson (DAL, $5,400, 6.8)","New York Giants (NYG, $3,600, 5.3)",HOU,59700,139.9,171.6,0.0145
105,"Trevor Lawrence (JAC, $7,900, 18.1)","D'Andre Swift (CHI, $7,300, 19.2)","Chase Brown (CIN, $7,600, 17.0)","Garrett Wilson (NYJ, $7,600, 22.0)","Parker Washington (JAC, $7,100, 14.0)","Jordan Addison (MIN, $6,500, 13.0)","T.J. Hockenson (MIN, $4,900, 10.5)","Jakobi Meyers (JAC, $5,700, 7.4)","Minnesota Vikings (MIN, $5,000, 11.7)",JAC,59600,132.9,164.0,0.0052
106,"Brock Purdy (SF, $8,300, 23.2)","Ashton Jeanty (LV, $7,800, 19.4)","RJ Harvey (DEN, $5,800, 9.3)","Puka Nacua (LAR, $9,000, 20.5)","Matthew Golden (GB, $6,300, 14.8)","Deebo Samuel Sr. (SF, $7,000, 8.4)","George Kittle (SF, $6,700, 11.0)","T.J. Hockenson (MIN, $4,900, 10.5)","Jacksonville Jaguars (JAC, $3,800, 6.7)",SF,59600,123.8,153.1,0.0024
107,"Sam Darnold (SEA, $7,500, 23.1)","Derrick Henry (BAL, $9,100, 26.7)","Omarion Hampton (LAC, $7,200, 11.5)","CeeDee Lamb (DAL, $8,500, 17.5)","Cooper Kupp (SEA, $5,400, 6.1)","Rashid Shaheed (SEA, $5,100, 6.0)","Isaiah Likely (NYG, $5,100, 11.2)","Emanuel Wilson (SEA, $5,600, 11.5)","Minnesota Vikings (MIN, $5,000, 11.7)",SEA,58500,125.3,155.4,0.0026
108,"C.J. Stroud (HOU, $7,000, 18.4)","Chase Brown (CIN, $7,600, 17.0)","Aaron Jones Sr. (MIN, $6,400, 14.7)","Nico Collins (HOU, $7,400, 18.0)","Ja'Marr Chase (CIN, $9,100, 16.0)","Michael Wilson (ARI, $6,200, 13.8)","Dalton Schultz (HOU, $5,600, 12.9)","Jake Ferguson (DAL, $5,400, 6.8)","Minnesota Vikings (MIN, $5,000, 11.7)",HOU,59700,129.3,158.4,0.0027
109,"C.J. Stroud (HOU, $7,000, 18.4)","D'Andre Swift (CHI, $7,300, 19.2)","David Montgomery (HOU, $6,500, 14.5)","Christian Watson (GB, $7,200, 18.6)","Nico Collins (HOU, $7,400, 18.0)","CeeDee Lamb (DAL, $8,500, 17.5)","Dalton Schultz (HOU, $5,600, 12.9)","Emanuel Wilson (SEA, $5,600, 11.5)","Denver Broncos (DEN, $4,300, 6.3)",HOU,59400,136.9,169.6,0.0117
110,"Joe Burrow (CIN, $8,200, 20.5)","Bhayshul Tuten (JAC, $6,800, 13.8)","Emanuel Wilson (SEA, $5,600, 11.5)","Ja'Marr Chase (CIN, $9,100, 16.0)","Matthew Golden (GB, $6,300, 14.8)","Tee Higgins (CIN, $6,900, 14.3)","Trey McBride (ARI, $7,400, 17.7)","Dalton Schultz (HOU, $5,600, 12.9)","Houston Texans (HOU, $4,000, 5.5)",CIN,59900,127.0,157.6,0.0028
111,"Joe Burrow (CIN, $8,200, 20.5)","Aaron Jones Sr. (MIN, $6,400, 14.7)","Bhayshul Tuten (JAC, $6,800, 13.8)","CeeDee Lamb (DAL, $8,500, 17.5)","Ja'Marr Chase (CIN, $9,100, 16.0)","Tee Higgins (CIN, $6,900, 14.3)","T.J. Hockenson (MIN, $4,900, 10.5)","Emanuel Wilson (SEA, $5,600, 11.5)","New York Giants (NYG, $3,600, 5.3)",CIN,60000,124.1,154.3,0.0027
112,"Trevor Lawrence (JAC, $7,900, 18.1)","Ashton Jeanty (LV, $7,800, 19.4)","D'Andre Swift (CHI, $7,300, 19.2)","Parker Washington (JAC, $7,100, 14.0)","Kendrick Bourne (ARI, $5,100, 6.7)","Brian Thomas Jr. (JAC, $5,500, 5.7)","Trey McBride (ARI, $7,400, 17.7)","Chase Brown (CIN, $7,600, 17.0)","Denver Broncos (DEN, $4,300, 6.3)",JAC,60000,124.1,152.4,0.0014
113,"Brock Purdy (SF, $8,300, 23.2)","Christian McCaffrey (SF, $8,800, 21.0)","RJ Harvey (DEN, $5,800, 9.3)","Christian Watson (GB, $7,200, 18.6)","Emeka Egbuka (TB, $5,900, 8.8)","Deebo Samuel Sr. (SF, $7,000, 8.4)","Dalton Schultz (HOU, $5,600, 12.9)","George Kittle (SF, $6,700, 11.0)","Buffalo Bills (BUF, $4,200, 6.0)",SF,59500,119.2,149.4,0.002
114,"Trevor Lawrence (JAC, $7,900, 18.1)","Derrick Henry (BAL, $9,100, 26.7)","Christian McCaffrey (SF, $8,800, 21.0)","Tee Higgins (CIN, $6,900, 14.3)","Parker Washington (JAC, $7,100, 14.0)","Brian Thomas Jr. (JAC, $5,500, 5.7)","T.J. Hockenson (MIN, $4,900, 10.5)","Zach Ertz (PHI, $4,800, 4.4)","Minnesota Vikings (MIN, $5,000, 11.7)",JAC,60000,126.4,156.2,0.0026
115,"C.J. Stroud (HOU, $7,000, 18.4)","Jeremiyah Love (ARI, $6,600, 14.4)","Cam Skattebo (NYG, $7,100, 13.2)","Garrett Wilson (NYJ, $7,600, 22.0)","Nico Collins (HOU, $7,400, 18.0)","CeeDee Lamb (DAL, $8,500, 17.5)","Dalton Schultz (HOU, $5,600, 12.9)","Rashid Shaheed (SEA, $5,100, 6.0)","Seattle Seahawks (SEA, $4,700, 7.8)",HOU,59600,130.2,159.9,0.0054
116,"Trevor Lawrence (JAC, $7,900, 18.1)","Ashton Jeanty (LV, $7,800, 19.4)","Chase Brown (CIN, $7,600, 17.0)","Garrett Wilson (NYJ, $7,600, 22.0)","Christian Watson (GB, $7,200, 18.6)","Parker Washington (JAC, $7,100, 14.0)","Cade Otton (TB, $4,900, 6.8)","Brian Thomas Jr. (JAC, $5,500, 5.7)","Denver Broncos (DEN, $4,300, 6.3)",JAC,59900,127.9,157.8,0.003
117,"Dak Prescott (DAL, $8,100, 19.7)","D'Andre Swift (CHI, $7,300, 19.2)","Jeremiyah Love (ARI, $6,600, 14.4)","Nico Collins (HOU, $7,400, 18.0)","CeeDee Lamb (DAL, $8,500, 17.5)","Jordan Addison (MIN, $6,500, 13.0)","Jake Ferguson (DAL, $5,400, 6.8)","RJ Harvey (DEN, $5,800, 9.3)","Los Angeles Rams (LAR, $4,100, 5.8)",DAL,59700,123.7,153.4,0.0026
118,"Brock Purdy (SF, $8,300, 23.2)","Derrick Henry (BAL, $9,100, 26.7)","D'Andre Swift (CHI, $7,300, 19.2)","Matthew Golden (GB, $6,300, 14.8)","Jaylen Waddle (DEN, $6,600, 9.2)","Deebo Samuel Sr. (SF, $7,000, 8.4)","George Kittle (SF, $6,700, 11.0)","T.J. Hockenson (MIN, $4,900, 10.5)","Jacksonville Jaguars (JAC, $3,800, 6.7)",SF,60000,129.7,160.9,0.0045
119,"Dak Prescott (DAL, $8,100, 19.7)","Bhayshul Tuten (JAC, $6,800, 13.8)","David Montgomery (HOU, $6,500, 14.5)","Christian Watson (GB, $7,200, 18.6)","CeeDee Lamb (DAL, $8,500, 17.5)","Jordan Addison (MIN, $6,500, 13.0)","T.J. Hockenson (MIN, $4,900, 10.5)","Jake Ferguson (DAL, $5,400, 6.8)","Seattle Seahawks (SEA, $4,700, 7.8)",DAL,58600,122.2,152.0,0.002
120,"Brock Purdy (SF, $8,300, 23.2)","Christian McCaffrey (SF, $8,800, 21.0)","Aaron Jones Sr. (MIN, $6,400, 14.7)","Christian Watson (GB, $7,200, 18.6)","Deebo Samuel Sr. (SF, $7,000, 8.4)","Courtland Sutton (DEN, $6,000, 6.7)","George Kittle (SF, $6,700, 11.0)","Emanuel Wilson (SEA, $5,600, 11.5)","Jacksonville Jaguars (JAC, $3,800, 6.7)",SF,59800,121.8,153.1,0.0028
121,"Joe Burrow (CIN, $8,200, 20.5)","Javonte Williams (DAL, $7,500, 15.8)","Bhayshul Tuten (JAC, $6,800, 13.8)","Ja'Marr Chase (CIN, $9,100, 16.0)","Tee Higgins (CIN, $6,900, 14.3)","Rashee Rice (KC, $7,500, 10.0)","T.J. Hockenson (MIN, $4,900, 10.5)","Jalen Nailor (LV, $5,000, 4.7)","Los Angeles Rams (LAR, $4,100, 5.8)",CIN,60000,111.4,139.2,0.0002
122,"Joe Burrow (CIN, $8,200, 20.5)","Bhayshul Tuten (JAC, $6,800, 13.8)","Omarion Hampton (LAC, $7,200, 11.5)","Ja'Marr Chase (CIN, $9,100, 16.0)","Matthew Golden (GB, $6,300, 14.8)","Tee Higgins (CIN, $6,900, 14.3)","Jake Ferguson (DAL, $5,400, 6.8)","Jordan Addison (MIN, $6,500, 13.0)","New York Giants (NYG, $3,600, 5.3)",CIN,60000,116.0,145.1,0.0006
123,"Brock Purdy (SF, $8,300, 23.2)","Kyren Williams (LAR, $7,900, 17.0)","Jeremiyah Love (ARI, $6,600, 14.4)","Christian Watson (GB, $7,200, 18.6)","Matthew Golden (GB, $6,300, 14.8)","Deebo Samuel Sr. (SF, $7,000, 8.4)","George Kittle (SF, $6,700, 11.0)","RJ Harvey (DEN, $5,800, 9.3)","Buffalo Bills (BUF, $4,200, 6.0)",SF,60000,122.7,152.0,0.0012
124,"Brock Purdy (SF, $8,300, 23.2)","Christian McCaffrey (SF, $8,800, 21.0)","Jeremiyah Love (ARI, $6,600, 14.4)","Parker Washington (JAC, $7,100, 14.0)","Deebo Samuel Sr. (SF, $7,000, 8.4)","Makai Lemon (PHI, $5,500, 6.4)","George Kittle (SF, $6,700, 11.0)","RJ Harvey (DEN, $5,800, 9.3)","Dallas Cowboys (DAL, $3,400, 3.5)",SF,59200,111.2,139.9,0.0002
125,"Sam Darnold (SEA, $7,500, 23.1)","Cam Skattebo (NYG, $7,100, 13.2)","Omarion Hampton (LAC, $7,200, 11.5)","Christian Watson (GB, $7,200, 18.6)","Makai Lemon (PHI, $5,500, 6.4)","Cooper Kupp (SEA, $5,400, 6.1)","Trey McBride (ARI, $7,400, 17.7)","Rashid Shaheed (SEA, $5,100, 6.0)","Denver Broncos (DEN, $4,300, 6.3)",SEA,56700,108.9,136.6,0.0001
126,"Brock Purdy (SF, $8,300, 23.2)","Jeremiyah Love (ARI, $6,600, 14.4)","RJ Harvey (DEN, $5,800, 9.3)","Matthew Golden (GB, $6,300, 14.8)","Jordan Addison (MIN, $6,500, 13.0)","Deebo Samuel Sr. (SF, $7,000, 8.4)","Trey McBride (ARI, $7,400, 17.7)","George Kittle (SF, $6,700, 11.0)","Baltimore Ravens (BAL, $4,900, 7.7)",SF,59500,119.5,149.2,0.0013
127,"Brock Purdy (SF, $8,300, 23.2)","D'Andre Swift (CHI, $7,300, 19.2)","Chase Brown (CIN, $7,600, 17.0)","DJ Moore (BUF, $6,700, 11.0)","Jaylen Waddle (DEN, $6,600, 9.2)","Deebo Samuel Sr. (SF, $7,000, 8.4)","George Kittle (SF, $6,700, 11.0)","T.J. Hockenson (MIN, $4,900, 10.5)","Houston Texans (HOU, $4,000, 5.5)",SF,59100,115.0,142.2,0.0003
128,"Brock Purdy (SF, $8,300, 23.2)","Derrick Henry (BAL, $9,100, 26.7)","Chase Brown (CIN, $7,600, 17.0)","Deebo Samuel Sr. (SF, $7,000, 8.4)","Courtland Sutton (DEN, $6,000, 6.7)","Makai Lemon (PHI, $5,500, 6.4)","George Kittle (SF, $6,700, 11.0)","Emanuel Wilson (SEA, $5,600, 11.5)","Houston Texans (HOU, $4,000, 5.5)",SF,59800,116.4,144.7,0.0008
129,"Joe Burrow (CIN, $8,200, 20.5)","Ashton Jeanty (LV, $7,800, 19.4)","Aaron Jones Sr. (MIN, $6,400, 14.7)","Ja'Marr Chase (CIN, $9,100, 16.0)","Tee Higgins (CIN, $6,900, 14.3)","Parker Washington (JAC, $7,100, 14.0)","Dalton Kincaid (BUF, $6,100, 12.4)","T.J. Hockenson (MIN, $4,900, 10.5)","Dallas Cowboys (DAL, $3,400, 3.5)",CIN,59900,125.3,155.6,0.0025
130,"Brock Purdy (SF, $8,300, 23.2)","Derrick Henry (BAL, $9,100, 26.7)","D'Andre Swift (CHI, $7,300, 19.2)","Jordan Addison (MIN, $6,500, 13.0)","Deebo Samuel Sr. (SF, $7,000, 8.4)","Malachi Fields (NYG, $5,100, 5.1)","George Kittle (SF, $6,700, 11.0)","RJ Harvey (DEN, $5,800, 9.3)","Jacksonville Jaguars (JAC, $3,800, 6.7)",SF,59600,122.6,153.4,0.0018
131,"Brock Purdy (SF, $8,300, 23.2)","Jeremiyah Love (ARI, $6,600, 14.4)","Emanuel Wilson (SEA, $5,600, 11.5)","CeeDee Lamb (DAL, $8,500, 17.5)","Deebo Samuel Sr. (SF, $7,000, 8.4)","Courtland Sutton (DEN, $6,000, 6.7)","Trey McBride (ARI, $7,400, 17.7)","George Kittle (SF, $6,700, 11.0)","Jacksonville Jaguars (JAC, $3,800, 6.7)",SF,59900,117.1,146.1,0.0008
132,"Brock Purdy (SF, $8,300, 23.2)","Derrick Henry (BAL, $9,100, 26.7)","Jeremiyah Love (ARI, $6,600, 14.4)","Christian Watson (GB, $7,200, 18.6)","Deebo Samuel Sr. (SF, $7,000, 8.4)","Courtland Sutton (DEN, $6,000, 6.7)","George Kittle (SF, $6,700, 11.0)","T.J. Hockenson (MIN, $4,900, 10.5)","Jacksonville Jaguars (JAC, $3,800, 6.7)",SF,59600,126.2,157.0,0.0029
133,"Joe Burrow (CIN, $8,200, 20.5)","Aaron Jones Sr. (MIN, $6,400, 14.7)","Bhayshul Tuten (JAC, $6,800, 13.8)","Ja'Marr Chase (CIN, $9,100, 16.0)","Tee Higgins (CIN, $6,900, 14.3)","Ted Hurst III (TB, $5,300, 5.8)","George Kittle (SF, $6,700, 11.0)","Emanuel Wilson (SEA, $5,600, 11.5)","Baltimore Ravens (BAL, $4,900, 7.7)",CIN,59900,115.3,143.5,0.0007
134,"Brock Purdy (SF, $8,300, 23.2)","Derrick Henry (BAL, $9,100, 26.7)","Kyren Williams (LAR, $7,900, 17.0)","Deebo Samuel Sr. (SF, $7,000, 8.4)","Rashod Bateman (BAL, $5,800, 8.0)","Courtland Sutton (DEN, $6,000, 6.7)","George Kittle (SF, $6,700, 11.0)","T.J. Hockenson (MIN, $4,900, 10.5)","Los Angeles Rams (LAR, $4,100, 5.8)",SF,59800,117.3,146.8,0.0007
135,"Brock Purdy (SF, $8,300, 23.2)","Derrick Henry (BAL, $9,100, 26.7)","Ashton Jeanty (LV, $7,800, 19.4)","Jaylen Waddle (DEN, $6,600, 9.2)","Deebo Samuel Sr. (SF, $7,000, 8.4)","Skyy Moore (GB, $4,800, 4.4)","Dalton Kincaid (BUF, $6,100, 12.4)","George Kittle (SF, $6,700, 11.0)","New York Giants (NYG, $3,600, 5.3)",SF,60000,120.0,149.7,0.001
136,"Sam Darnold (SEA, $7,500, 23.1)","Derrick Henry (BAL, $9,100, 26.7)","Ashton Jeanty (LV, $7,800, 19.4)","Matthew Golden (GB, $6,300, 14.8)","Cooper Kupp (SEA, $5,400, 6.1)","Rashid Shaheed (SEA, $5,100, 6.0)","Trey McBride (ARI, $7,400, 17.7)","Omarion Hampton (LAC, $7,200, 11.5)","Jacksonville Jaguars (JAC, $3,800, 6.7)",SEA,59600,132.0,161.8,0.0051
137,"Brock Purdy (SF, $8,300, 23.2)","D'Andre Swift (CHI, $7,300, 19.2)","Cam Skattebo (NYG, $7,100, 13.2)","Parker Washington (JAC, $7,100, 14.0)","Deebo Samuel Sr. (SF, $7,000, 8.4)","Malik Nabers (NYG, $6,800, 7.7)","George Kittle (SF, $6,700, 11.0)","RJ Harvey (DEN, $5,800, 9.3)","Jacksonville Jaguars (JAC, $3,800, 6.7)",SF,59900,112.7,140.1,0.0003
138,"Joe Burrow (CIN, $8,200, 20.5)","Ashton Jeanty (LV, $7,800, 19.4)","MarShawn Lloyd (GB, $5,400, 6.9)","Ja'Marr Chase (CIN, $9,100, 16.0)","Matthew Golden (GB, $6,300, 14.8)","Tee Higgins (CIN, $6,900, 14.3)","Cade Otton (TB, $4,900, 6.8)","Parker Washington (JAC, $7,100, 14.0)","Los Angeles Rams (LAR, $4,100, 5.8)",CIN,59800,118.5,147.8,0.0004
139,"Sam Darnold (SEA, $7,500, 23.1)","Derrick Henry (BAL, $9,100, 26.7)","D'Andre Swift (CHI, $7,300, 19.2)","Cooper Kupp (SEA, $5,400, 6.1)","Rashid Shaheed (SEA, $5,100, 6.0)","Quentin Johnston (LAC, $5,400, 6.0)","Trey McBride (ARI, $7,400, 17.7)","Chase Brown (CIN, $7,600, 17.0)","Baltimore Ravens (BAL, $4,900, 7.7)",SEA,59700,129.5,159.3,0.0026
140,"Brock Purdy (SF, $8,300, 23.2)","Christian McCaffrey (SF, $8,800, 21.0)","Javonte Williams (DAL, $7,500, 15.8)","Matthew Golden (GB, $6,300, 14.8)","Deebo Samuel Sr. (SF, $7,000, 8.4)","Courtland Sutton (DEN, $6,000, 6.7)","George Kittle (SF, $6,700, 11.0)","Jake Ferguson (DAL, $5,400, 6.8)","New York Giants (NYG, $3,600, 5.3)",SF,59600,113.0,142.2,0.0007
141,"Brock Purdy (SF, $8,300, 23.2)","Ashton Jeanty (LV, $7,800, 19.4)","D'Andre Swift (CHI, $7,300, 19.2)","Tee Higgins (CIN, $6,900, 14.3)","Jaylen Waddle (DEN, $6,600, 9.2)","Deebo Samuel Sr. (SF, $7,000, 8.4)","George Kittle (SF, $6,700, 11.0)","Emanuel Wilson (SEA, $5,600, 11.5)","New York Giants (NYG, $3,600, 5.3)",SF,59800,121.5,149.8,0.0019
142,"Joe Burrow (CIN, $8,200, 20.5)","D'Andre Swift (CHI, $7,300, 19.2)","Kyren Williams (LAR, $7,900, 17.0)","Ja'Marr Chase (CIN, $9,100, 16.0)","Tee Higgins (CIN, $6,900, 14.3)","Parker Washington (JAC, $7,100, 14.0)","Cade Otton (TB, $4,900, 6.8)","Malachi Fields (NYG, $5,100, 5.1)","Dallas Cowboys (DAL, $3,400, 3.5)",CIN,59900,116.4,145.3,0.0005
143,"Sam Darnold (SEA, $7,500, 23.1)","Derrick Henry (BAL, $9,100, 26.7)","D'Andre Swift (CHI, $7,300, 19.2)","Jordan Addison (MIN, $6,500, 13.0)","Cooper Kupp (SEA, $5,400, 6.1)","Rashid Shaheed (SEA, $5,100, 6.0)","Trey McBride (ARI, $7,400, 17.7)","Omarion Hampton (LAC, $7,200, 11.5)","Houston Texans (HOU, $4,000, 5.5)",SEA,59500,128.8,159.0,0.004
144,"Sam Darnold (SEA, $7,500, 23.1)","Christian McCaffrey (SF, $8,800, 21.0)","Bucky Irving (TB, $7,400, 13.4)","Cooper Kupp (SEA, $5,400, 6.1)","Rashid Shaheed (SEA, $5,100, 6.0)","Quentin Johnston (LAC, $5,400, 6.0)","Trey McBride (ARI, $7,400, 17.7)","Cam Skattebo (NYG, $7,100, 13.2)","Baltimore Ravens (BAL, $4,900, 7.7)",SEA,59000,114.2,140.5,0.0001
145,"Sam Darnold (SEA, $7,500, 23.1)","Derrick Henry (BAL, $9,100, 26.7)","Ashton Jeanty (LV, $7,800, 19.4)","Cooper Kupp (SEA, $5,400, 6.1)","Rashid Shaheed (SEA, $5,100, 6.0)","Quentin Johnston (LAC, $5,400, 6.0)","Dalton Kincaid (BUF, $6,100, 12.4)","Christian McCaffrey (SF, $8,800, 21.0)","New York Giants (NYG, $3,600, 5.3)",SEA,58800,126.0,155.2,0.0018
146,"Sam Darnold (SEA, $7,500, 23.1)","Jeremiyah Love (ARI, $6,600, 14.4)","Omarion Hampton (LAC, $7,200, 11.5)","Ja'Marr Chase (CIN, $9,100, 16.0)","Matthew Golden (GB, $6,300, 14.8)","Cooper Kupp (SEA, $5,400, 6.1)","Trey McBride (ARI, $7,400, 17.7)","Rashid Shaheed (SEA, $5,100, 6.0)","Baltimore Ravens (BAL, $4,900, 7.7)",SEA,59500,117.3,145.4,0.0009
147,"Sam Darnold (SEA, $7,500, 23.1)","Christian McCaffrey (SF, $8,800, 21.0)","Omarion Hampton (LAC, $7,200, 11.5)","Ja'Marr Chase (CIN, $9,100, 16.0)","Cooper Kupp (SEA, $5,400, 6.1)","Rashid Shaheed (SEA, $5,100, 6.0)","Trey McBride (ARI, $7,400, 17.7)","RJ Harvey (DEN, $5,800, 9.3)","Dallas Cowboys (DAL, $3,400, 3.5)",SEA,59700,114.2,141.9,0.0005
148,"Sam Darnold (SEA, $7,500, 23.1)","Kyren Williams (LAR, $7,900, 17.0)","Omarion Hampton (LAC, $7,200, 11.5)","Malik Nabers (NYG, $6,800, 7.7)","Cooper Kupp (SEA, $5,400, 6.1)","Rashid Shaheed (SEA, $5,100, 6.0)","Trey McBride (ARI, $7,400, 17.7)","Emanuel Wilson (SEA, $5,600, 11.5)","Kansas City Chiefs (KC, $4,600, 6.2)",SEA,57500,106.8,133.4,0.0
149,"Sam Darnold (SEA, $7,500, 23.1)","Chase Brown (CIN, $7,600, 17.0)","Aaron Jones Sr. (MIN, $6,400, 14.7)","Parker Washington (JAC, $7,100, 14.0)","Cooper Kupp (SEA, $5,400, 6.1)","Rashid Shaheed (SEA, $5,100, 6.0)","Trey McBride (ARI, $7,400, 17.7)","Omarion Hampton (LAC, $7,200, 11.5)","Los Angeles Rams (LAR, $4,100, 5.8)",SEA,57800,115.9,143.1,0.0004
