Id,Name,Pos,Team,Opp,Salary,Proj,Value_per_1k,FD_FPPG,ImpliedTeamTotal,GameTotal,GainedVol,StartingQB,own
134747-62239,Josh Allen,QB,BUF,NE,9100,29.1,3.2,32.8,28.2,48.5,0.0,True,0.1261
134747-129458,Jaxon Smith-Njigba,WR,SEA,LAC,9500,27.1,2.86,33.2,24.2,42.5,0.74,False,0.23810000000000003
134747-39280,Derrick Henry,RB,BAL,TEN,9100,25.0,2.74,25.1,28.8,43.5,0.0,False,0.24169999999999997
134747-85607,Brock Purdy,QB,SF,DEN,8300,22.8,2.75,27.3,25.0,47.5,0.0,True,0.05689999999999999
134747-6654,Matthew Stafford,QB,LAR,PHI,7800,22.4,2.87,20.7,24.8,46.5,0.0,True,0.0383
134747-63115,Lamar Jackson,QB,BAL,TEN,8700,22.3,2.56,21.4,28.8,43.5,0.0,True,0.0425
134747-91626,James Cook III,RB,BUF,NE,8200,22.0,2.68,18.1,28.2,48.5,0.0,False,0.1085
134747-57439,Patrick Mahomes,QB,KC,LV,8000,21.5,2.68,23.9,24.2,47.5,0.0,True,0.0688
134747-63336,Joe Burrow,QB,CIN,JAC,8200,21.2,2.58,18.0,26.8,51.5,0.0,True,0.0676
134747-103342,Kenneth Walker III,RB,KC,LV,8500,21.0,2.47,26.6,24.2,47.5,0.0,False,0.2449
134747-55050,Christian McCaffrey,RB,SF,DEN,8800,21.0,2.39,17.2,25.0,47.5,0.0,False,0.1841
134747-63589,Sam Darnold,QB,SEA,LAC,7500,20.4,2.72,16.6,24.2,42.5,0.0,True,0.05689999999999999
134747-103020,Puka Nacua,WR,LAR,PHI,9000,20.5,2.28,4.9,24.8,46.5,0.65,False,0.037
134747-31716,Dak Prescott,QB,DAL,HOU,8100,20.3,2.5,21.4,22.5,47.5,0.0,True,0.04769999999999999
134747-103564,Garrett Wilson,WR,NYJ,CHI,7600,19.6,2.57,16.6,19.2,42.5,3.76,False,0.1148
134747-45889,Davante Adams,WR,LAR,PHI,8300,19.4,2.33,20.9,24.8,46.5,0.59,False,0.0466
134747-89951,Trevor Lawrence,QB,JAC,CIN,7900,19.3,2.44,18.0,24.8,51.5,0.0,True,0.106
134747-22994,Case Keenum,QB,CHI,NYJ,6400,19.3,3.01,24.5,23.2,42.5,0.0,True,0.0082
134747-30231,Jacoby Brissett,QB,ARI,NYG,6800,19.0,2.8,16.5,23.0,44.5,0.0,True,0.0575
134747-129471,C.J. Stroud,QB,HOU,DAL,7000,18.7,2.67,16.1,25.0,47.5,0.0,True,0.1148
134747-69017,Jordan Love,QB,GB,TB,7700,18.6,2.41,19.9,22.0,39.5,0.0,True,0.0271
134747-69531,Jalen Hurts,QB,PHI,LAR,8500,18.5,2.17,18.8,21.8,46.5,0.0,True,0.0088
134747-85701,Ja'Marr Chase,WR,CIN,JAC,9100,17.5,1.93,15.2,26.8,51.5,0.0,False,0.1112
134747-91598,D'Andre Swift,RB,CHI,NYJ,7300,17.5,2.4,18.4,23.2,42.5,0.0,False,0.1191
134747-167031,Ashton Jeanty,RB,LV,KC,7800,17.4,2.23,17.3,23.2,47.5,0.0,False,0.0579
134747-22038,Kirk Cousins,QB,LV,KC,7300,17.4,2.38,19.7,23.2,47.5,0.0,True,0.0155
134747-104433,Kyren Williams,RB,LAR,PHI,7900,17.2,2.18,15.8,24.8,46.5,0.25,False,0.0394
134747-91750,Trey McBride,TE,ARI,NYG,7400,17.2,2.32,15.4,23.0,44.5,0.0,False,0.075
134747-89493,Chase Brown,RB,CIN,JAC,7600,17.1,2.25,11.3,26.8,51.5,0.0,False,0.0818
134747-102965,Bo Nix,QB,DEN,SF,7600,16.9,2.22,15.6,22.5,47.5,0.0,True,0.0137
134747-86631,CeeDee Lamb,WR,DAL,HOU,8500,16.4,1.93,22.3,22.5,47.5,0.0,False,0.0978
134747-169776,Christian Watson,WR,GB,TB,7200,16.2,2.25,21.3,22.0,39.5,0.0,False,0.1454
134747-151794,Brock Bowers,TE,LV,KC,7200,16.1,2.24,25.6,23.2,47.5,0.0,False,0.1937
134747-93541,Javonte Williams,RB,DAL,HOU,7500,16.0,2.14,15.2,22.5,47.5,0.0,False,0.0282
134747-152316,Drake Maye,QB,NE,BUF,7400,16.0,2.16,9.2,20.2,48.5,0.0,True,0.0151
134747-64051,Drew Lock,QB,SEA,LAC,6200,16.0,2.58,11.4,24.2,42.5,0.0,False,0.0003
134747-91419,Nico Collins,WR,HOU,DAL,7400,15.7,2.13,8.9,25.0,47.5,0.0,False,0.174
134747-63484,Kyler Murray,QB,MIN,MIA,7200,15.7,2.18,6.0,22.8,38.5,0.0,True,0.044
134747-26483,Geno Smith,QB,NYJ,CHI,6900,15.2,2.21,18.0,19.2,42.5,0.0,True,0.023700000000000002
134747-69189,Justin Herbert,QB,LAC,SEA,7100,15.0,2.11,12.6,18.2,42.5,0.0,True,0.0027999999999999995
134747-188171,Jeremiyah Love,RB,ARI,NYG,6600,14.3,2.17,12.5,23.0,44.5,0.0,False,0.3322
134747-70324,Carson Wentz,QB,MIN,MIA,6000,14.3,2.38,8.5,22.8,38.5,0.0,False,0.0
134747-89981,Tee Higgins,WR,CIN,JAC,6900,14.1,2.05,12.5,26.8,51.5,0.0,False,0.1996
134747-183240,Cam Skattebo,RB,NYG,ARI,7100,14.0,1.97,11.0,21.5,44.5,0.0,False,0.1008
134747-87691,Malik Willis,QB,MIA,MIN,6600,13.2,2.0,13.7,15.8,38.5,0.0,True,0.0027999999999999995
134747-40442,Aaron Jones Sr.,RB,MIN,MIA,6400,13.2,2.06,11.7,22.8,38.5,0.84,False,0.3985
134747-64401,Saquon Barkley,RB,PHI,LAR,8000,13.0,1.62,6.5,21.8,46.5,1.25,False,0.0216
134747-111311,Rashee Rice,WR,KC,LV,7500,13.0,1.73,10.5,24.2,47.5,0.0,False,0.046799999999999994
134747-89612,Michael Wilson,WR,ARI,NYG,6200,13.0,2.1,10.4,23.0,44.5,0.0,False,0.2042
134747-110246,George Pickens,WR,DAL,HOU,7900,12.8,1.62,7.7,22.5,47.5,0.0,False,0.0528
134747-137516,Parker Washington,WR,JAC,CIN,7100,12.8,1.8,13.9,24.8,51.5,0.0,False,0.302
134747-152664,Bucky Irving,RB,TB,GB,7400,12.6,1.7,11.5,17.5,39.5,0.0,False,0.044199999999999996
134747-174215,Omarion Hampton,RB,LAC,SEA,7200,12.2,1.69,10.1,18.2,42.5,0.0,False,0.0054
134747-39793,George Kittle,TE,SF,DEN,6700,12.2,1.82,13.8,25.0,47.5,0.0,False,0.1
134747-158412,Braelon Allen,RB,NYJ,CHI,5700,12.0,2.1,5.1,19.2,42.5,9.9,False,0.1898
134747-12540,Minnesota Vikings,D,MIN,MIA,5000,11.8,2.36,14.0,22.8,38.5,0.0,False,0.176
134747-145558,Dalton Kincaid,TE,BUF,NE,6100,11.6,1.89,13.4,28.2,48.5,0.0,False,0.0704
134747-73273,David Montgomery,RB,HOU,DAL,6500,14.5,2.23,12.2,25.0,47.5,0.0,False,0.083
134747-33076,Travis Kelce,TE,KC,LV,5500,11.5,2.1,15.0,24.2,47.5,0.0,False,0.2145
134747-112295,Zay Flowers,WR,BAL,TEN,7300,11.4,1.56,19.7,28.8,43.5,0.0,False,0.11810000000000001
134747-55042,Dalton Schultz,TE,HOU,DAL,5600,11.3,2.01,11.0,25.0,47.5,0.0,False,0.04479999999999999
134747-168356,Cam Ward,QB,TEN,BAL,6500,10.9,1.68,14.1,14.8,43.5,0.0,True,0.0022
134747-110457,Dontayvion Wicks,WR,PHI,LAR,5900,10.9,1.84,9.5,21.8,46.5,2.25,False,0.1009
134747-152522,Phil Mafah,RB,NYG,ARI,4100,10.9,2.65,9.9,21.5,44.5,0.0,False,0.0011
134747-8023,Josh Johnson,QB,CIN,JAC,6000,10.7,1.78,8.8,26.8,51.5,0.0,False,0.0
134747-63043,DJ Moore,WR,BUF,NE,6700,10.6,1.58,10.4,28.2,48.5,0.0,False,0.0768
134747-166916,Matthew Golden,WR,GB,TB,6300,10.6,1.68,13.9,22.0,39.5,0.0,False,0.121
134747-111540,Rhamondre Stevenson,RB,NE,BUF,5700,10.5,1.84,6.8,20.2,48.5,0.0,False,0.0185
134747-160620,Bhayshul Tuten,RB,JAC,CIN,6800,10.4,1.53,12.8,24.8,51.5,0.0,False,0.0684
134747-129210,Jordan Addison,WR,MIN,MIA,6500,13.0,2.0,6.9,22.8,38.5,1.6,False,0.22699999999999998
134747-24849,Jameis Winston,QB,NYG,ARI,6500,10.1,1.55,4.8,21.5,44.5,0.0,True,0.0151
134747-166092,Luther Burden III,WR,CHI,NYJ,5800,10.1,1.74,9.3,23.2,42.5,0.0,False,0.1026
134747-110484,RJ Harvey,RB,DEN,SF,5800,10.1,1.74,6.9,22.5,47.5,0.0,False,0.006500000000000001
134747-152647,TreVeyon Henderson,RB,NE,BUF,6200,9.9,1.6,8.5,20.2,48.5,0.0,False,0.0175
134747-90573,Jaylen Waddle,WR,DEN,SF,6600,9.8,1.49,9.0,22.5,47.5,0.0,False,0.0462
134747-56018,Deebo Samuel Sr.,WR,SF,DEN,7000,9.7,1.39,11.8,25.0,47.5,0.0,False,0.0311
134747-151761,Malik Nabers,WR,NYG,ARI,6800,9.7,1.42,5.2,21.5,44.5,0.0,False,0.0537
134747-29780,Zach Ertz,TE,PHI,LAR,4800,9.5,1.99,1.4,21.8,46.5,2.22,False,0.009
134747-87787,J.K. Dobbins,RB,DEN,SF,6300,9.3,1.48,4.3,22.5,47.5,0.0,False,0.0101
134747-144102,Kyle Monangai,RB,CHI,NYJ,6100,9.3,1.52,10.8,23.2,42.5,0.0,False,0.0203
134747-160303,Tucker Kraft,TE,GB,TB,5800,9.2,1.59,5.0,22.0,39.5,0.0,False,0.0242
134747-185861,Emanuel Wilson,RB,SEA,LAC,5600,11.5,2.05,3.6,24.2,42.5,4.94,False,0.0461
134747-152655,Emeka Egbuka,WR,TB,GB,5900,9.0,1.52,8.8,17.5,39.5,0.0,False,0.0403
134747-103619,Tre Tucker,WR,LV,KC,5800,9.0,1.54,11.1,23.2,47.5,0.0,False,0.0286
134747-63759,Tony Pollard,RB,TEN,BAL,5800,9.0,1.55,7.5,14.8,43.5,0.0,False,0.0121
134747-138774,Woody Marks,RB,HOU,DAL,5600,9.0,1.61,6.4,25.0,47.5,0.0,False,0.0063
134747-63634,Jakobi Meyers,WR,JAC,CIN,5700,8.8,1.55,10.1,24.8,51.5,0.0,False,0.0651
134747-87418,Joshua Palmer,WR,BUF,NE,4800,8.7,1.81,6.9,28.2,48.5,0.0,False,0.0042
134747-47870,Tyler Higbee,TE,LAR,PHI,4600,8.7,1.9,8.2,24.8,46.5,0.33,False,0.0323
134747-103308,Jawhar Jordan,RB,HOU,DAL,4200,8.7,2.06,7.3,25.0,47.5,0.0,False,0.0008
134747-120033,Rome Odunze,WR,CHI,NYJ,6100,8.5,1.4,6.0,23.2,42.5,0.0,False,0.0118
134747-57403,Courtland Sutton,WR,DEN,SF,6000,8.5,1.42,4.1,22.5,47.5,0.0,False,0.0141
134747-52436,Mark Andrews,TE,BAL,TEN,5200,8.5,1.63,6.2,28.8,43.5,0.0,False,0.0433
134747-70422,Kalif Raymond,WR,CHI,NYJ,5200,8.5,1.64,12.3,23.2,42.5,0.0,False,0.0601
134747-87260,Isaiah Likely,TE,NYG,ARI,5100,8.5,1.67,10.6,21.5,44.5,0.0,False,0.0963
134747-86518,Khalil Shakir,WR,BUF,NE,5700,8.3,1.46,4.5,28.2,48.5,0.0,False,0.0248
134747-110974,Malik Washington,WR,MIA,MIN,5600,8.3,1.49,6.7,15.8,38.5,1.15,False,0.0209
134747-71706,T.J. Hockenson,TE,MIN,MIA,4900,10.5,2.14,6.0,22.8,38.5,1.28,False,0.0919
134747-137967,Blake Corum,RB,LAR,PHI,6000,8.2,1.37,5.9,24.8,46.5,0.1,False,0.0036
134747-103539,Wan'Dale Robinson,WR,TEN,BAL,5300,8.2,1.54,7.6,14.8,43.5,0.0,False,0.0186
134747-184873,Kenyon Sadiq,TE,NYJ,CHI,5300,8.2,1.55,11.9,19.2,42.5,2.55,False,0.0415
134747-56265,Mike Gesicki,TE,CIN,JAC,5100,8.1,1.59,13.8,26.8,51.5,0.0,False,0.029300000000000003
134747-12537,Las Vegas Raiders,D,LV,KC,3100,8.1,2.62,12.3,23.2,47.5,0.0,False,0.0572
134747-89680,Jake Ferguson,TE,DAL,HOU,5400,8.0,1.48,9.2,22.5,47.5,0.0,False,0.0185
134747-119788,Xavier Hutchinson,WR,HOU,DAL,5600,7.9,1.41,5.6,25.0,47.5,0.0,False,0.0051
134747-120639,Quentin Johnston,WR,LAC,SEA,5400,7.9,1.47,3.4,18.2,42.5,0.0,False,0.0086
134747-12555,Baltimore Ravens,D,BAL,TEN,4900,7.8,1.59,4.3,28.8,43.5,0.0,False,0.0373
134747-12550,Seattle Seahawks,D,SEA,LAC,4700,7.8,1.67,7.7,24.2,42.5,0.0,False,0.0443
134747-103083,Theo Wease Jr.,WR,LAC,SEA,4000,7.8,1.94,7.6,18.2,42.5,0.0,False,0.0013999999999999998
134747-12527,Chicago Bears,D,CHI,NYJ,3500,7.8,2.22,8.3,23.2,42.5,0.0,False,0.2045
134747-32384,Mike Evans,WR,SF,DEN,7500,7.6,1.01,10.6,25.0,47.5,0.0,False,0.0041
134747-90428,Tyler Allgeier,RB,ARI,NYG,5400,7.5,1.39,4.6,23.0,44.5,0.0,False,0.0012
134747-61593,Jauan Jennings,WR,MIN,MIA,5400,7.4,1.37,0.3,22.8,38.5,1.1,False,0.0089
134747-12528,Cincinnati Bengals,D,CIN,JAC,3300,7.3,2.2,10.7,26.8,51.5,0.0,False,0.0345
134747-158974,Xavier Worthy,WR,KC,LV,5700,7.2,1.27,5.8,24.2,47.5,0.0,False,0.0151
134747-137953,AJ Barner,TE,SEA,LAC,4900,7.2,1.46,6.4,24.2,42.5,0.47,False,0.019
134747-90912,Kenny Gainwell,RB,TB,GB,4900,7.2,1.47,2.4,17.5,39.5,0.0,False,0.002
134747-25267,Mack Hollins,WR,NE,BUF,5700,7.1,1.25,7.2,20.2,48.5,0.0,False,0.0361
134747-183756,Carnell Tate,WR,TEN,BAL,5600,7.1,1.26,6.3,14.8,43.5,0.0,False,0.0202
134747-151745,Brian Thomas Jr.,WR,JAC,CIN,5500,7.1,1.29,4.1,24.8,51.5,0.0,False,0.0081
134747-138039,Matt Hibner,TE,BAL,TEN,4300,7.1,1.65,5.6,28.8,43.5,0.0,False,0.0008
134747-119697,MarShawn Lloyd,RB,GB,TB,5400,7.0,1.29,4.7,22.0,39.5,0.0,False,0.0043
134747-94370,Romeo Doubs,WR,NE,BUF,5500,6.7,1.21,5.8,20.2,48.5,0.0,False,0.0198
134747-103587,Brenton Strange,TE,JAC,CIN,5100,6.7,1.31,5.6,24.8,51.5,0.0,False,0.0362
134747-170287,Rashid Shaheed,WR,SEA,LAC,5100,6.7,1.31,2.9,24.2,42.5,0.47,False,0.0044
134747-201233,Ryan Flournoy,WR,DAL,HOU,5100,6.7,1.32,3.7,22.5,47.5,0.0,False,0.0106
134747-12554,Jacksonville Jaguars,D,JAC,CIN,3800,6.7,1.77,10.7,24.8,51.5,0.0,False,0.0167
134747-85845,Rashod Bateman,WR,BAL,TEN,5800,6.6,1.13,7.7,28.8,43.5,0.0,False,0.0132
134747-79970,Cooper Kupp,WR,SEA,LAC,5400,6.6,1.22,6.7,24.2,42.5,0.22,False,0.0133
134747-86811,Cade Otton,TE,TB,GB,4900,6.5,1.32,5.8,17.5,39.5,0.0,False,0.0041
134747-157467,Keon Coleman,WR,BUF,NE,5300,6.4,1.21,4.7,28.2,48.5,0.0,False,0.0024
134747-138998,Michael Mayer,TE,LV,KC,4700,6.4,1.36,6.9,23.2,47.5,0.0,False,0.0035000000000000005
134747-133472,Ladd McConkey,WR,LAC,SEA,6400,6.3,0.99,10.1,18.2,42.5,0.0,False,0.0083
134747-80289,Kendrick Bourne,WR,ARI,NYG,5100,6.3,1.24,5.6,23.0,44.5,0.0,False,0.0016
134747-12531,Denver Broncos,D,DEN,SF,4300,6.3,1.46,8.3,22.5,47.5,0.0,False,0.005
134747-152651,Marvin Harrison Jr.,WR,ARI,NYG,5500,6.2,1.13,3.1,23.0,44.5,0.0,False,0.0082
134747-183380,Makai Lemon,WR,PHI,LAR,5500,6.2,1.13,2.3,21.8,46.5,1.53,False,0.0176
134747-167881,Kaelon Black,RB,SF,DEN,5000,6.2,1.24,3.9,25.0,47.5,0.0,False,0.0011
134747-12536,Kansas City Chiefs,D,KC,LV,4600,6.2,1.35,7.0,24.2,47.5,0.0,False,0.009
134747-63050,Ty Johnson,RB,BUF,NE,5200,6.1,1.17,7.0,28.2,48.5,0.0,False,0.0013
134747-70603,Devin Singletary,RB,NYG,ARI,4800,6.1,1.28,4.2,21.5,44.5,0.0,False,0.0004
134747-55635,Chris Godwin Jr.,WR,TB,GB,5400,6.0,1.12,5.9,17.5,39.5,0.0,False,0.006500000000000001
134747-27477,Sterling Shepard,WR,NYJ,CHI,4500,6.0,1.33,2.8,19.2,42.5,1.65,False,0.0009
134747-12526,Buffalo Bills,D,BUF,NE,4200,6.0,1.42,4.7,28.2,48.5,0.0,False,0.0441
134747-87127,Chris Rodriguez Jr.,RB,JAC,CIN,5300,5.9,1.11,4.4,24.8,51.5,0.0,False,0.0015
134747-40845,Hunter Henry,TE,NE,BUF,5000,5.9,1.18,3.5,20.2,48.5,0.0,False,0.0097
134747-114231,George Holani,RB,SEA,LAC,4800,5.9,1.23,4.4,24.2,42.5,2.12,False,0.0166
134747-12538,Los Angeles Rams,D,LAR,PHI,4100,5.9,1.43,5.3,24.8,46.5,0.0,False,0.0251
134747-87668,Shedrick Jackson,WR,BAL,TEN,4000,5.9,1.47,4.6,28.8,43.5,0.0,False,0.0002
134747-103252,Bam Knight,RB,ARI,NYG,4000,5.9,1.48,1.2,23.0,44.5,0.0,False,0.0002
134747-166588,Colston Loveland,TE,CHI,NYJ,5700,5.8,1.01,2.0,23.2,42.5,0.0,False,0.011699999999999999
134747-206341,Ted Hurst III,WR,TB,GB,5300,5.8,1.1,6.4,17.5,39.5,0.0,False,0.0037
134747-91931,Greg Dulcich,TE,MIA,MIN,4800,5.8,1.2,4.5,15.8,38.5,0.73,False,0.0023
134747-52451,Samaje Perine,RB,CIN,JAC,4700,5.8,1.23,3.7,26.8,51.5,0.0,False,0.0006
134747-12549,San Francisco 49ers,D,SF,DEN,4500,5.8,1.28,5.7,25.0,47.5,0.0,False,0.0082
134747-12551,Tampa Bay Buccaneers,D,TB,GB,3200,5.8,1.82,5.7,17.5,39.5,0.0,False,0.0871
134747-119653,Kayshon Boutte,WR,HOU,DAL,5300,5.6,1.05,3.6,25.0,47.5,0.0,False,0.0022
134747-134837,Tory Horton,WR,SEA,LAC,4800,5.6,1.17,6.3,24.2,42.5,0.17,False,0.0011
134747-12541,New England Patriots,D,NE,BUF,3700,5.6,1.52,8.7,20.2,48.5,0.0,False,0.0031
134747-12548,Los Angeles Chargers,D,LAC,SEA,3100,5.6,1.8,6.3,18.2,42.5,0.0,False,0.034
134747-129546,Tre' Harris,WR,LAC,SEA,5400,5.5,1.03,6.6,18.2,42.5,0.0,False,0.0049
134747-12556,Houston Texans,D,HOU,DAL,4000,5.5,1.37,5.0,25.0,47.5,0.0,False,0.0132
134747-12543,New York Giants,D,NYG,ARI,3600,5.4,1.5,5.0,21.5,44.5,0.0,False,0.0159
134747-12544,New York Jets,D,NYJ,CHI,3200,5.4,1.69,5.3,19.2,42.5,0.0,False,0.0576
134747-166860,Emmett Johnson,RB,KC,LV,5100,5.3,1.04,4.7,24.2,47.5,0.0,False,0.0008
134747-112041,Isaiah Williams,WR,NYJ,CHI,4900,5.3,1.09,3.9,19.2,42.5,1.65,False,0.0037
134747-12533,Green Bay Packers,D,GB,TB,4800,5.3,1.1,1.3,22.0,39.5,0.0,False,0.0277
134747-112101,Jared Wayne,WR,HOU,DAL,4700,5.3,1.13,2.8,25.0,47.5,0.0,False,0.0005
134747-71521,Justice Hill,RB,BAL,TEN,4700,5.3,1.12,3.1,28.8,43.5,0.0,False,0.0012
134747-128633,Kimani Vidal,RB,LAC,SEA,4300,5.3,1.24,1.2,18.2,42.5,0.0,False,0.0002
134747-91401,Ronnie Bell,WR,LV,KC,4000,5.3,1.33,4.7,23.2,47.5,0.0,False,0.0002
134747-111876,DeMario Douglas,WR,NE,BUF,5100,5.2,1.02,3.4,20.2,48.5,0.0,False,0.0041
134747-166112,Ollie Gordon II,RB,MIA,MIN,5900,5.1,0.87,6.8,15.8,38.5,0.19,False,0.0176
134747-155551,Pat Bryant,WR,DEN,SF,5300,5.1,0.97,7.1,22.5,47.5,0.0,False,0.0052
134747-156740,Malachi Fields,WR,NYG,ARI,5100,5.1,1.01,3.5,21.5,44.5,0.0,False,0.0016
134747-154000,Konata Mumpfield,WR,LAR,PHI,5200,5.0,0.97,6.3,24.8,46.5,0.2,False,0.0024
134747-41872,Evan Engram,TE,DEN,SF,5000,5.0,0.99,4.8,22.5,47.5,0.0,False,0.0022
134747-128810,Theo Johnson,TE,NYG,ARI,4600,5.0,1.09,0.5,21.5,44.5,0.0,False,0.0002
134747-87815,Jeremy Ruckert,TE,NYJ,CHI,4500,5.0,1.1,4.9,19.2,42.5,1.04,False,0.0013
134747-12546,Arizona Cardinals,D,ARI,NYG,3900,5.0,1.29,3.3,23.0,44.5,0.0,False,0.0417
134747-69833,Shane Buechele,QB,BUF,NE,6000,4.9,0.81,3.9,28.2,48.5,0.0,False,0.0
134747-151903,Troy Franklin,WR,DEN,SF,4800,4.9,1.02,2.1,22.5,47.5,0.0,False,0.0004
134747-170825,Chris Bell,WR,MIA,MIN,4900,4.8,0.97,3.9,15.8,38.5,0.63,False,0.007000000000000001
134747-69777,Darnell Mooney,WR,NYG,ARI,5200,4.7,0.91,4.5,21.5,44.5,0.0,False,0.0016
134747-134023,Keaton Mitchell,RB,LAC,SEA,5200,4.7,0.9,5.8,18.2,42.5,0.0,False,0.0017
134747-89220,Tyquan Thornton,WR,KC,LV,5000,4.7,0.94,4.6,24.2,47.5,0.0,False,0.0032
134747-92859,Jalen Nailor,WR,LV,KC,5000,4.7,0.95,2.6,23.2,47.5,0.0,False,0.0015
134747-158438,Oronde Gadsden II,TE,LAC,SEA,5000,4.7,0.94,4.3,18.2,42.5,0.0,False,0.0025
134747-172861,Elic Ayomanor,WR,TEN,BAL,5000,4.7,0.95,5.7,14.8,43.5,0.0,False,0.001
134747-86153,Tyrone Tracy Jr.,RB,NYG,ARI,4600,4.7,1.02,-0.1,21.5,44.5,0.0,False,0.0001
134747-103378,Erick All Jr.,TE,CIN,JAC,4500,4.6,1.02,0.8,26.8,51.5,0.0,False,0.0001
134747-128693,Tank Bigsby,RB,PHI,LAR,5500,4.5,0.82,3.4,21.8,46.5,0.36,False,0.0004
134747-152007,Jaylin Noel,WR,HOU,DAL,5300,4.5,0.85,4.9,25.0,47.5,0.0,False,0.0005
134747-48116,Jonnu Smith,TE,GB,TB,4600,4.4,0.95,4.3,22.0,39.5,0.0,False,0.0005
134747-166801,Jaydon Blue,RB,PHI,LAR,4300,4.4,1.02,4.0,21.8,46.5,0.0,False,0.0001
134747-29501,Brandin Cooks,WR,SF,DEN,5600,4.2,0.75,3.5,25.0,47.5,0.0,False,0.0023
134747-154008,Mike Washington Jr.,RB,LV,KC,5000,4.1,0.82,5.4,23.2,47.5,0.0,False,0.0024
134747-128912,Mitch Tinsley,WR,HOU,DAL,4100,4.1,1.0,3.5,25.0,47.5,0.0,False,0.0004
134747-107293,Tyjae Spears,RB,TEN,BAL,4800,4.0,0.83,4.0,14.8,43.5,0.0,False,0.0004
134747-152148,Gunnar Helm,TE,TEN,BAL,4700,4.0,0.84,3.2,14.8,43.5,0.0,False,0.0006
134747-184184,Travis Hunter,WR,JAC,CIN,4500,4.0,0.89,0.5,24.8,51.5,0.0,False,0.0003
134747-152520,Will Shipley,RB,PHI,LAR,5100,3.9,0.77,2.4,21.8,46.5,0.69,False,0.0001
134747-33047,Chris Moore,WR,BAL,TEN,5000,3.9,0.78,4.6,28.8,43.5,0.0,False,0.0001
134747-90575,Najee Harris,RB,NYG,ARI,4900,3.9,0.79,2.9,21.5,44.5,0.0,False,0.0015
134747-64585,Dawson Knox,TE,BUF,NE,4600,3.9,0.86,3.2,28.2,48.5,0.0,False,0.0013
134747-88699,Jaret Patterson,RB,MIN,MIA,4000,3.9,0.99,3.5,22.8,38.5,0.0,False,0.0001
134747-12534,Tennessee Titans,D,TEN,BAL,3000,3.9,1.31,4.7,14.8,43.5,0.0,False,0.0096
134747-174329,Brenen Thompson,WR,LAC,SEA,4200,3.8,0.9,0.9,18.2,42.5,0.0,False,0.0
134747-64555,Calvin Ridley,WR,TEN,BAL,4900,3.7,0.76,2.2,14.8,43.5,0.0,False,0.0004
134747-241064,Dohnte Meyers,WR,CIN,JAC,4800,3.7,0.78,2.6,26.8,51.5,0.0,False,0.0018
134747-160213,Isaiah Davis,RB,NYJ,CHI,4700,3.7,0.8,0.0,19.2,42.5,2.62,False,0.0013999999999999998
134747-12545,Philadelphia Eagles,D,PHI,LAR,4400,3.7,0.84,2.0,21.8,46.5,0.0,False,0.0036
134747-183828,Kevin Coleman Jr.,WR,MIA,MIN,4400,3.7,0.85,0.4,15.8,38.5,0.57,False,0.0003
134747-92677,Zavier Scott,RB,CHI,NYJ,4300,3.7,0.86,3.2,23.2,42.5,0.0,False,0.0
134747-68712,Tyler Johnson,WR,NYJ,CHI,4200,3.7,0.87,3.5,19.2,42.5,0.0,False,0.0002
134747-128624,Tez Johnson,WR,TB,GB,5000,3.6,0.72,2.1,17.5,39.5,0.0,False,0.0003
134747-71031,Lil'Jordan Humphrey,WR,DEN,SF,4600,3.6,0.79,0.0,22.5,47.5,0.0,False,0.0
134747-12539,Miami Dolphins,D,MIA,MIN,3000,3.6,1.21,0.7,15.8,38.5,0.0,False,0.0259
134747-91390,Joe Milton III,QB,DAL,HOU,6000,3.5,0.58,3.1,22.5,47.5,0.0,False,0.0
134747-89588,Colby Parkinson,TE,LAR,PHI,5200,3.5,0.66,1.2,24.8,46.5,0.17,False,0.0
134747-134014,Jordan Watkins,WR,SF,DEN,5200,3.5,0.67,7.0,25.0,47.5,0.0,False,0.0031
134747-120093,Marvin Mims Jr.,WR,DEN,SF,4900,3.5,0.72,0.0,22.5,47.5,0.0,False,0.0003
134747-40371,Johnny Mundt,TE,PHI,LAR,4700,3.5,0.73,0.9,21.8,46.5,0.91,False,0.0002
134747-60712,Foster Moreau,TE,HOU,DAL,4300,3.5,0.8,4.9,25.0,47.5,0.0,False,0.001
134747-93539,Michael Carter,RB,TEN,BAL,4000,3.5,0.88,0.0,14.8,43.5,0.0,False,0.0
134747-12530,Dallas Cowboys,D,DAL,HOU,3400,3.5,1.02,1.7,22.5,47.5,0.0,False,0.0148
134747-91047,Cole Kmet,TE,CHI,NYJ,4800,3.4,0.7,3.5,23.2,42.5,0.0,False,0.0011
134747-92976,Tutu Atwell,WR,LAR,PHI,4700,3.4,0.71,1.2,24.8,46.5,0.12,False,0.0001
134747-94579,Emari Demercado,RB,DAL,HOU,4500,3.3,0.73,0.5,22.5,47.5,0.0,False,0.0
134747-130270,Adam Trautman,TE,DEN,SF,4500,3.2,0.7,1.0,22.5,47.5,0.0,False,0.0001
134747-91488,Chris Brooks,RB,GB,TB,4500,3.2,0.7,2.3,22.0,39.5,0.0,False,0.0002
134747-27229,Ameer Abdullah,RB,JAC,CIN,4400,3.2,0.72,1.9,24.8,51.5,0.0,False,0.0001
134747-83117,Tanner Hudson,TE,CIN,JAC,4200,3.2,0.76,1.6,26.8,51.5,0.0,False,0.0001
134747-39428,Kyle Juszczyk,RB,SF,DEN,4200,3.2,0.76,4.8,25.0,47.5,0.0,False,0.0009
134747-111637,Cade Stover,TE,HOU,DAL,4100,3.2,0.78,0.2,25.0,47.5,0.0,False,0.0
134747-152103,Jaylen Wright,RB,MIA,MIN,5900,3.1,0.53,0.3,15.8,38.5,0.09,False,0.0027
134747-60957,KaVontae Turpin,WR,DAL,HOU,4700,3.1,0.66,3.2,22.5,47.5,0.0,False,0.0012
134747-226859,Darius Cooper,WR,PHI,LAR,4600,3.1,0.68,3.2,21.8,46.5,0.68,False,0.0016
134747-94887,Tyler Badie,RB,DEN,SF,4600,3.1,0.67,2.9,22.5,47.5,0.0,False,0.0001
134747-102831,Davis Allen,TE,LAR,PHI,4400,3.1,0.7,2.0,24.8,46.5,0.12,False,0.0004
134747-56711,Drew Sample,TE,CIN,JAC,4300,3.1,0.72,2.0,26.8,51.5,0.0,False,0.0002
134747-173626,Nate Adkins,TE,DEN,SF,4300,3.1,0.71,6.2,22.5,47.5,0.0,False,0.0009
134747-154661,Michael Bandy,WR,DEN,SF,4000,3.1,0.78,2.8,22.5,47.5,0.0,False,0.0001
134747-168916,Kaleb Johnson,RB,GB,TB,5300,2.9,0.55,1.8,22.0,39.5,0.0,False,0.0006999999999999999
134747-112062,Skyy Moore,WR,GB,TB,4800,2.9,0.61,2.1,22.0,39.5,0.0,False,0.0016
134747-166253,Sam Roush,TE,CHI,NYJ,4400,2.9,0.66,1.8,23.2,42.5,0.0,False,0.0001
134747-92890,Cody White,WR,LV,KC,4900,2.8,0.58,7.4,23.2,47.5,0.0,False,0.004
134747-93143,Noah Gray,TE,KC,LV,4500,2.8,0.62,2.1,24.2,47.5,0.0,False,0.0005
134747-40647,Marquez Valdes-Scantling,WR,LAC,SEA,4200,2.8,0.67,0.0,18.2,42.5,0.0,False,0.0001
134747-102986,Elijah Higgins,TE,ARI,NYG,4300,2.7,0.62,1.8,23.0,44.5,0.0,False,0.0001
134747-152258,Elijah Arroyo,TE,SEA,LAC,4200,2.7,0.64,1.1,24.2,42.5,0.1,False,0.0001
134747-131266,Lan Larison,RB,NE,BUF,4000,2.7,0.68,1.9,20.2,48.5,0.0,False,0.0
134747-90533,Jerome Ford,RB,MIN,MIA,4000,2.7,0.67,2.4,22.8,38.5,0.0,False,0.0
134747-193004,Jahdae Walker,WR,CHI,NYJ,4600,2.6,0.56,3.3,23.2,42.5,0.0,False,0.0002
134747-151740,Corey Kiner,RB,NE,BUF,4500,2.6,0.58,1.4,20.2,48.5,0.0,False,0.0
134747-129112,Chimere Dike,WR,TEN,BAL,4300,2.6,0.6,-0.7,14.8,43.5,0.0,False,0.0002
134747-175021,Jordan James,RB,SF,DEN,4200,2.6,0.63,0.8,25.0,47.5,0.0,False,0.0
134747-156527,Devontez Walker,WR,BAL,TEN,4700,2.5,0.54,2.6,28.8,43.5,0.0,False,0.0003
134747-158529,Josh Cameron,WR,JAC,CIN,4600,2.5,0.54,5.6,24.8,51.5,0.0,False,0.002
134747-155775,Brashard Smith,RB,KC,LV,4200,2.5,0.61,0.4,24.2,47.5,0.0,False,0.0
134747-129560,Xavier Restrepo,WR,TEN,BAL,4000,2.5,0.64,2.8,14.8,43.5,0.0,False,0.0001
134747-103195,Jordan Whittington,WR,LAR,PHI,5200,2.3,0.45,0.6,24.8,46.5,0.09,False,0.0001
134747-105648,Tyler Goodson,RB,DAL,HOU,4500,2.3,0.51,2.2,22.5,47.5,0.0,False,0.0001
134747-136538,Kyle Williams,WR,NE,BUF,4500,2.3,0.52,1.8,20.2,48.5,0.0,False,0.0009
134747-95370,Ryan Miller,TE,MIA,MIN,4400,2.3,0.52,8.4,15.8,38.5,0.23,False,0.0015
134747-200291,Jackson Hawes,TE,BUF,NE,4100,2.3,0.56,0.0,28.2,48.5,0.0,False,0.0001
134747-111300,Jacardia Wright,RB,SEA,LAC,4000,2.3,0.59,2.0,24.2,42.5,0.0,False,0.0001
134747-128765,Nate Carter,RB,KC,LV,4000,2.3,0.58,2.0,24.2,47.5,0.0,False,0.0
134747-171217,Demond Claiborne,RB,MIN,MIA,4900,2.1,0.42,0.4,22.8,38.5,0.15,False,0.0003
134747-157973,J. Michael Sturdivant,WR,GB,TB,4400,2.1,0.49,1.9,22.0,39.5,0.0,False,0.0004
134747-61112,Josiah Deguara,TE,PHI,LAR,4200,2.1,0.5,1.9,21.8,46.5,0.0,False,0.0
134747-170188,Tanner Conner,TE,NE,BUF,4000,2.1,0.52,1.9,20.2,48.5,0.0,False,0.0
134747-159649,DJ Herman,RB,MIA,MIN,4000,2.1,0.52,1.1,15.8,38.5,0.28,False,0.0002
134747-69558,Greg Dortch,WR,BUF,NE,4300,2.0,0.48,0.0,28.2,48.5,0.0,False,0.0001
134747-90307,Daniel Bellinger,TE,TEN,BAL,4200,2.0,0.46,1.3,14.8,43.5,0.0,False,0.0001
134747-166749,LeQuint Allen Jr.,RB,JAC,CIN,4200,2.0,0.48,0.9,24.8,51.5,0.0,False,0.0
134747-28827,Dare Ogunbowale,RB,LV,KC,4000,2.0,0.5,1.7,23.2,47.5,0.0,False,0.0
134747-69451,Jack Stoll,TE,SF,DEN,4000,2.0,0.5,1.7,25.0,47.5,0.0,False,0.0
134747-183410,Malik Benson,WR,LV,KC,4200,1.9,0.46,0.1,23.2,47.5,0.0,False,0.0001
134747-87469,Jelani Woods,TE,NYJ,CHI,4100,1.9,0.48,2.5,19.2,42.5,0.43,False,0.0002
134747-72515,Ian Thomas,TE,LV,KC,4100,1.9,0.47,0.8,23.2,47.5,0.0,False,0.0
134747-91417,Luke Schoonmaker,TE,DAL,HOU,4200,1.8,0.42,1.5,22.5,47.5,0.0,False,0.0001
134747-85635,Charlie Kolar,TE,LAC,SEA,4200,1.8,0.42,1.8,18.2,42.5,0.0,False,0.0
134747-176467,Jalen Royals,WR,KC,LV,4600,1.7,0.37,3.1,24.2,47.5,0.0,False,0.0005
134747-176734,Eli Raridon,TE,NE,BUF,4100,1.7,0.41,3.4,20.2,48.5,0.0,False,0.0004
134747-183404,Josh Cuevas,TE,BAL,TEN,4000,1.7,0.42,1.9,28.8,43.5,0.0,False,0.0001
134747-63717,Alec Ingold,RB,LAC,SEA,4000,1.7,0.41,2.5,18.2,42.5,0.0,False,0.0001
134747-93075,Hunter Long,TE,ARI,NYG,4000,1.7,0.43,0.5,23.0,44.5,0.0,False,0.0
134747-94087,DeeJay Dallas,RB,MIN,MIA,4600,1.6,0.35,1.1,22.8,38.5,0.14,False,0.0001
134747-73176,Luke Farrell,TE,SF,DEN,4300,1.6,0.38,1.0,25.0,47.5,0.0,False,0.0001
134747-87117,Brenden Bates,TE,JAC,CIN,4000,1.6,0.4,1.4,24.8,51.5,0.0,False,0.0
134747-177614,Marlin Klein,TE,HOU,DAL,4000,1.6,0.4,1.0,25.0,47.5,0.0,False,0.0
134747-85986,James Mitchell,TE,DAL,HOU,4000,1.6,0.4,1.4,22.5,47.5,0.0,False,0.0
134747-94748,Tommy DeVito,QB,NE,BUF,6000,1.5,0.25,1.4,20.2,48.5,0.0,False,0.0
134747-169046,Cyrus Allen,WR,KC,LV,4400,1.5,0.34,0.0,24.2,47.5,0.0,False,0.0001
134747-185863,Hunter Luepke,RB,DAL,HOU,4300,1.5,0.35,0.3,22.5,47.5,0.0,False,0.0
134747-152526,Jake Briningstool,TE,KC,LV,4300,1.5,0.34,0.7,24.2,47.5,0.0,False,0.0
134747-152537,Tai Felton,WR,MIN,MIA,4300,1.5,0.34,0.0,22.8,38.5,0.24,False,0.0006999999999999999
134747-79980,Eric Saubert,TE,SEA,LAC,4200,1.5,0.35,3.7,24.2,42.5,0.05,False,0.0002
134747-129422,Nate Boerkircher,TE,JAC,CIN,4200,1.5,0.35,0.7,24.8,51.5,0.0,False,0.0001
134747-92606,Bo Melton,WR,GB,TB,4200,1.5,0.36,0.5,22.0,39.5,0.0,False,0.0003
134747-152219,Lewis Bond,WR,HOU,DAL,4200,1.5,0.36,0.0,25.0,47.5,0.0,False,0.0
134747-85842,Brevyn Spann-Ford,TE,DAL,HOU,4200,1.5,0.35,1.6,22.5,47.5,0.0,False,0.0001
134747-90123,Quintin Morris,TE,JAC,CIN,4100,1.5,0.36,0.4,24.8,51.5,0.0,False,0.0001
134747-131835,Efton Chism III,WR,NE,BUF,4100,1.5,0.36,0.8,20.2,48.5,0.0,False,0.0001
134747-87109,Bryce Oliver,WR,HOU,DAL,4000,1.5,0.38,1.3,25.0,47.5,0.0,False,0.0
134747-113096,Xavier Smith,WR,LAR,PHI,4800,1.4,0.3,0.0,24.8,46.5,0.05,False,0.0
134747-138649,LaJohntay Wester,WR,BAL,TEN,4500,1.4,0.31,1.5,28.8,43.5,0.0,False,0.0001
134747-31360,Odell Beckham Jr.,WR,NYG,ARI,4300,1.4,0.32,0.0,21.5,44.5,0.0,False,0.0001
134747-87844,Brady Russell,TE,SEA,LAC,4200,1.4,0.35,2.8,24.2,42.5,0.05,False,0.0001
134747-42046,Durham Smythe,TE,BAL,TEN,4100,1.4,0.35,0.3,28.8,43.5,0.0,False,0.0001
134747-112192,Jonathan Mingo,WR,DAL,HOU,4100,1.4,0.34,0.8,22.5,47.5,0.0,False,0.0002
134747-86075,Lucas Krull,TE,DEN,SF,4000,1.4,0.35,1.2,22.5,47.5,0.0,False,0.0
134747-54426,Andrew Beck,TE,NYJ,CHI,4000,1.4,0.35,0.0,19.2,42.5,0.33,False,0.0
134747-200653,Max Brosmer,QB,MIN,MIA,6000,1.3,0.22,1.2,22.8,38.5,0.0,False,0.0
134747-103694,Ray Davis,RB,BUF,NE,4400,1.3,0.3,0.1,28.2,48.5,0.0,False,0.0001
134747-138277,Jalen Brooks,WR,ARI,NYG,4200,1.3,0.31,0.0,23.0,44.5,0.0,False,0.0
134747-70426,Reggie Gilliam,RB,NE,BUF,4000,1.3,0.33,0.4,20.2,48.5,0.0,False,0.0
134747-185776,Tyson Bagent,QB,CHI,NYJ,6700,1.2,0.18,1.1,23.2,42.5,0.0,False,0.0191
134747-114530,Jacob Cowing,WR,SF,DEN,5100,1.2,0.23,0.0,25.0,47.5,0.0,False,0.0001
134747-52495,Braxton Berrios,WR,NYG,ARI,4200,1.2,0.29,0.0,21.5,44.5,0.0,False,0.0001
134747-85306,KhaDarel Hodge,WR,SF,DEN,4200,1.2,0.28,0.8,25.0,47.5,0.0,False,0.0
134747-89437,Tim Jones,WR,JAC,CIN,4000,1.2,0.3,1.0,24.8,51.5,0.0,False,0.0
134747-88685,Austin Trammell,WR,JAC,CIN,4000,1.2,0.3,1.0,24.8,51.5,0.0,False,0.0
134747-65231,Adam Prentice,RB,DEN,SF,4400,1.1,0.26,0.3,22.5,47.5,0.0,False,0.0
134747-157490,Will Kacmarek,TE,MIA,MIN,4100,1.1,0.27,0.3,15.8,38.5,0.13,False,0.0
134747-153957,Zaire Mitchell-Paden,TE,HOU,DAL,4000,1.1,0.27,0.9,25.0,47.5,0.0,False,0.0
134747-110978,Evan Hull,RB,ARI,NYG,4000,1.1,0.29,1.0,23.0,44.5,0.0,False,0.0
134747-56059,Trent Sherfield Sr.,WR,BUF,NE,4000,1.1,0.28,0.9,28.2,48.5,0.0,False,0.0
134747-93391,Payne Durham,TE,TB,GB,4100,1.0,0.23,0.0,17.5,39.5,0.0,False,0.0
134747-80299,Patrick Ricard,RB,NYG,ARI,4100,1.0,0.25,0.0,21.5,44.5,0.0,False,0.0
134747-201564,Cam Grandy,TE,MIN,MIA,4000,1.0,0.24,0.9,22.8,38.5,0.0,False,0.0
134747-157609,Gage Larvadain,WR,BAL,TEN,4000,1.0,0.24,0.7,28.8,43.5,0.0,False,0.0
134747-93540,British Brooks,RB,HOU,DAL,4000,0.9,0.23,0.0,25.0,47.5,0.0,False,0.0
134747-137017,Drake Dabney,TE,GB,TB,4000,0.9,0.22,0.8,22.0,39.5,0.0,False,0.0
134747-139094,Jalin Hyatt,WR,NYG,ARI,4000,0.9,0.23,0.9,21.5,44.5,0.0,False,0.0
134747-91583,Stetson Bennett IV,QB,LAR,PHI,6300,0.8,0.13,0.7,24.8,46.5,0.0,False,0.0
134747-86055,Dameon Pierce,RB,PHI,LAR,4000,0.8,0.2,0.7,21.8,46.5,0.0,False,0.0
134747-94481,Deven Thompkins,WR,LV,KC,4000,0.8,0.19,0.7,23.2,47.5,0.0,False,0.0
134747-160287,Amar Johnson,RB,LAC,SEA,4000,0.8,0.2,0.8,18.2,42.5,0.0,False,0.0
134747-86687,Hollywood Brown,WR,PHI,LAR,4700,0.7,0.14,0.6,21.8,46.5,0.0,False,0.0
134747-173994,Zavion Thomas,WR,CHI,NYJ,4300,0.7,0.17,0.3,23.2,42.5,0.0,False,0.0001
134747-139284,Frank Gore Jr.,RB,BUF,NE,4200,0.7,0.17,0.3,28.2,48.5,0.0,False,0.0
134747-92882,Connor Heyward,TE,LV,KC,4000,0.6,0.15,0.1,23.2,47.5,0.0,False,0.0
134747-166898,Nick Singleton,RB,TEN,BAL,4300,0.5,0.11,0.5,14.8,43.5,0.0,False,0.0
134747-94621,Derius Davis,WR,LAC,SEA,4100,0.5,0.13,0.0,18.2,42.5,0.0,False,0.0
134747-88752,Charlie Jones,WR,NYG,ARI,4100,0.5,0.12,0.5,21.5,44.5,0.0,False,0.0
134747-137122,Tahj Brooks,RB,CIN,JAC,4000,0.5,0.12,0.0,26.8,51.5,0.0,False,0.0
134747-64147,Britain Covey,WR,PHI,LAR,4400,0.3,0.07,0.0,21.8,46.5,0.14,False,0.0
134747-137488,Rasheen Ali,RB,BAL,TEN,4100,0.3,0.08,0.0,28.8,43.5,0.0,False,0.0
134747-64634,Alex Bachman,WR,LAR,PHI,4300,0.2,0.05,0.2,24.8,46.5,0.0,False,0.0
134747-169834,Dareke Young,WR,LV,KC,4100,0.2,0.05,1.6,23.2,47.5,0.0,False,0.0001
134747-170184,Julius Chestnut,RB,TEN,BAL,4000,0.2,0.05,0.0,14.8,43.5,0.0,False,0.0
134747-138028,Kalel Mullings,RB,TEN,BAL,4000,0.2,0.05,0.2,14.8,43.5,0.0,False,0.0
134747-119672,Kendall Milton,RB,CIN,JAC,4000,0.2,0.06,0.2,26.8,51.5,0.0,False,0.0
134747-103187,Roschon Johnson,RB,CHI,NYJ,4600,0.1,0.03,0.0,23.2,42.5,0.0,False,0.0001
134747-201230,Dylan Laube,RB,LV,KC,4200,0.1,0.03,-0.7,23.2,47.5,0.0,False,0.0
134747-137139,Myles Price,WR,MIN,MIA,4200,0.1,0.02,2.0,22.8,38.5,0.06,False,0.0002
134747-201535,Kameron Johnson,WR,TB,GB,4100,0.1,0.02,0.0,17.5,39.5,0.0,False,0.0001
134747-138854,Ke'Shawn Williams,WR,CIN,JAC,4000,0.1,0.03,-2.0,26.8,51.5,0.0,False,0.0
134747-135811,Jalon Daniels,QB,TB,GB,6400,0.0,0.0,-0.1,17.5,39.5,0.0,False,0.0138
134747-60947,Jarrett Stidham,QB,DEN,SF,6300,0.0,0.0,0.0,22.5,47.5,0.0,False,0.0
134747-14225,Andy Dalton,QB,PHI,LAR,6300,0.0,0.0,-1.0,21.8,46.5,0.0,False,0.0
134747-151969,Miller Moss,QB,CHI,NYJ,6200,0.0,0.0,0.0,23.2,42.5,0.0,False,0.0
134747-175137,Fernando Mendoza,QB,LV,KC,6000,0.0,0.0,0.0,23.2,47.5,0.0,False,0.0
134747-14377,Tyrod Taylor,QB,GB,TB,6000,0.0,0.0,0.0,22.0,39.5,0.0,False,0.0
134747-152646,Kyle McCord,QB,MIA,MIN,6000,0.0,0.0,0.0,15.8,38.5,0.0,False,0.0
134747-104576,Sam Howell,QB,DAL,HOU,6000,0.0,0.0,0.0,22.5,47.5,0.0,False,0.0
134747-160938,Quinn Ewers,QB,JAC,CIN,6000,0.0,0.0,0.0,24.8,51.5,0.0,False,0.0
134747-86200,Sean Clifford,QB,CIN,JAC,6000,0.0,0.0,0.0,26.8,51.5,0.0,False,0.0
134747-149696,Trey Lance,QB,LAC,SEA,6000,0.0,0.0,0.0,18.2,42.5,0.0,False,0.0
134747-93382,Aidan O'Connell,QB,LV,KC,6000,0.0,0.0,0.0,23.2,47.5,0.0,False,0.0
134747-151757,Garrett Nussmeier,QB,KC,LV,6000,0.0,0.0,0.0,24.2,47.5,0.0,False,0.0
134747-86243,Will Levis,QB,NYJ,CHI,6000,0.0,0.0,0.0,19.2,42.5,0.0,False,0.0
134747-61798,Gardner Minshew II,QB,ARI,NYG,6000,0.0,0.0,0.0,23.0,44.5,0.0,False,0.0
134747-92560,Sam Ehlinger,QB,DEN,SF,6000,0.0,0.0,0.0,22.5,47.5,0.0,False,0.0
134747-103824,Easton Stick,QB,TB,GB,6000,0.0,0.0,0.0,17.5,39.5,0.0,False,0.0
134747-70051,Tyler Huntley,QB,BAL,TEN,6000,0.0,0.0,0.0,28.8,43.5,0.0,False,0.0
134747-166314,Cade Klubnik,QB,NYJ,CHI,6000,0.0,0.0,0.0,19.2,42.5,0.0,False,0.0
134747-91591,Justin Fields,QB,KC,LV,6000,0.0,0.0,0.0,24.2,47.5,0.0,False,0.0
134747-90584,Mac Jones,QB,SF,DEN,6000,0.0,0.0,-0.1,25.0,47.5,0.0,False,0.0
134747-152061,Behren Morton,QB,NE,BUF,6000,0.0,0.0,0.0,20.2,48.5,0.0,False,0.0
134747-89607,Tanner McKee,QB,PHI,LAR,6000,0.0,0.0,0.0,21.8,46.5,0.0,False,0.0
134747-102933,Kedon Slovis,QB,GB,TB,6000,0.0,0.0,-0.0,22.0,39.5,0.0,False,0.0
134747-89628,Davis Mills,QB,HOU,DAL,6000,0.0,0.0,0.0,25.0,47.5,0.0,False,0.0
134747-6714,Joe Flacco,QB,CIN,JAC,6000,0.0,0.0,0.0,26.8,51.5,0.0,False,0.0
134747-41562,Nick Mullens,QB,JAC,CIN,6000,0.0,0.0,-0.3,24.8,51.5,0.0,False,0.0
134747-208491,Cole Payton,QB,PHI,LAR,6000,0.0,0.0,0.0,21.8,46.5,0.0,False,0.0
134747-187015,Joey Aguilar,QB,JAC,CIN,6000,0.0,0.0,0.0,24.8,51.5,0.0,False,0.0
134747-184983,Joe Fagnano,QB,BAL,TEN,6000,0.0,0.0,0.0,28.8,43.5,0.0,False,0.0
134747-38628,Mitchell Trubisky,QB,TEN,BAL,6000,0.0,0.0,0.0,14.8,43.5,0.0,False,0.0
134747-86793,Jake Haener,QB,NYG,ARI,6000,0.0,0.0,0.0,21.5,44.5,0.0,False,0.0
134747-119641,Brady Cook,QB,MIA,MIN,6000,0.0,0.0,0.0,15.8,38.5,0.0,False,0.0
134747-154462,Jalen Milroe,QB,SEA,LAC,6000,0.0,0.0,0.0,24.2,42.5,0.0,False,0.0
134747-53095,Kyle Allen,QB,BUF,NE,6000,0.0,0.0,0.0,28.2,48.5,0.0,False,0.0
134747-104306,Kurtis Rourke,QB,SF,DEN,6000,0.0,0.0,0.0,25.0,47.5,0.0,False,0.0
134747-119670,Carson Beck,QB,ARI,NYG,6000,0.0,0.0,0.0,23.0,44.5,0.0,False,0.0
134747-166781,Ty Simpson,QB,LAR,PHI,6000,0.0,0.0,0.0,24.8,46.5,0.0,False,0.0
134747-85983,Hendon Hooker,QB,TEN,BAL,6000,0.0,0.0,0.0,14.8,43.5,0.0,False,0.0
134747-129010,DJ Uiagalelei,QB,LAC,SEA,6000,0.0,0.0,0.0,18.2,42.5,0.0,False,0.0
134747-152575,J.J. McCarthy,QB,MIN,MIA,6000,0.0,0.0,0.0,22.8,38.5,0.0,False,0.0001
134747-88548,Jalen Tolbert,WR,MIA,MIN,4500,0.0,0.0,0.0,15.8,38.5,0.0,False,0.0
134747-151737,E.J. Jenkins,TE,PHI,LAR,4400,0.0,0.0,0.0,21.8,46.5,0.0,False,0.0
134747-137059,Sean Tucker,RB,TB,GB,4400,0.0,0.0,0.0,17.5,39.5,0.0,False,0.0001
134747-184917,Elijah Sarratt,WR,BAL,TEN,4300,0.0,0.0,0.0,28.8,43.5,0.0,False,0.0
134747-174148,Carlos Washington Jr.,RB,MIA,MIN,4200,0.0,0.0,0.0,15.8,38.5,0.0,False,0.0001
134747-88575,Elijah Moore,WR,PHI,LAR,4200,0.0,0.0,0.0,21.8,46.5,0.0,False,0.0001
134747-156596,Jarquez Hunter,RB,MIA,MIN,4200,0.0,0.0,0.0,15.8,38.5,0.0,False,0.0
134747-136172,CJ Daniels,WR,LAR,PHI,4200,0.0,0.0,0.0,24.8,46.5,0.0,False,0.0
134747-104661,Patrick Herbert,TE,LAC,SEA,4100,0.0,0.0,0.0,18.2,42.5,0.0,False,0.0001
134747-86255,Josh Whyle,TE,GB,TB,4100,0.0,0.0,0.0,22.0,39.5,0.0,False,0.0
134747-91481,Nikko Remigio,WR,KC,LV,4100,0.0,0.01,0.0,24.2,47.5,0.0,False,0.0
134747-70661,Velus Jones Jr.,WR,SEA,LAC,4000,0.0,0.0,0.0,24.2,42.5,0.0,False,0.0005
134747-92166,Marcus Jones,WR,NE,BUF,4000,0.0,0.0,0.0,20.2,48.5,0.0,False,0.0001
134747-152593,Harrison Wallace III,WR,ARI,NYG,4000,0.0,0.0,0.0,23.0,44.5,0.0,False,0.0
134747-110617,Isaiah Neyor,WR,GB,TB,4000,0.0,0.0,0.0,22.0,39.5,0.0,False,0.0
134747-243752,Daniel Sobkowicz,WR,HOU,DAL,4000,0.0,0.0,0.0,25.0,47.5,0.0,False,0.0
134747-175154,Jack Endries,TE,CIN,JAC,4000,0.0,0.0,0.0,26.8,51.5,0.0,False,0.0
134747-243761,Kolbe Katsis,WR,DEN,SF,4000,0.0,0.0,0.0,22.5,47.5,0.0,False,0.0
134747-243760,Kyle Dixon,WR,NE,BUF,4000,0.0,0.0,0.0,20.2,48.5,0.0,False,0.0
134747-152628,Thomas Fidone II,TE,NYG,ARI,4000,0.0,0.0,0.0,21.5,44.5,0.0,False,0.0
134747-166977,Jordan Hudson,WR,DAL,HOU,4000,0.0,0.0,0.0,22.5,47.5,0.0,False,0.0
134747-168005,CJ Williams,WR,JAC,CIN,4000,0.0,0.0,0.0,24.8,51.5,0.0,False,0.0
134747-103506,Nick Kallerup,TE,SEA,LAC,4000,0.0,0.0,0.0,24.2,42.5,0.0,False,0.0
134747-42077,James Winchester,TE,KC,LV,4000,0.0,0.0,0.0,24.2,47.5,0.0,False,0.0
134747-154730,Dean Patterson IV,WR,TB,GB,4000,0.0,0.0,0.0,17.5,39.5,0.0,False,0.0
134747-68714,Ko Kieft,TE,TB,GB,4000,0.0,0.0,0.0,17.5,39.5,0.0,False,0.0
134747-129147,John Saunders Jr.,WR,NYJ,CHI,4000,0.0,0.0,0.0,19.2,42.5,0.0,False,0.0
134747-157858,Michael Trigg,TE,DAL,HOU,4000,0.0,0.0,0.0,22.5,47.5,0.0,False,0.0
134747-174263,Emmanuel Henderson Jr.,WR,SEA,LAC,4000,0.0,0.0,0.0,24.2,42.5,0.0,False,0.0
134747-152756,Will Pauling,WR,SF,DEN,4000,0.0,0.0,0.0,25.0,47.5,0.0,False,0.0
134747-86203,Justin Shorter,WR,LV,KC,4000,0.0,0.0,0.0,23.2,47.5,0.0,False,0.0003
134747-129219,Israel Abanikanda,RB,DAL,HOU,4000,0.0,0.0,0.0,22.5,47.5,0.0,False,0.0
134747-158916,Bauer Sharp,TE,TB,GB,4000,0.0,0.0,0.0,17.5,39.5,0.0,False,0.0
134747-166095,Cody Schrader,RB,DEN,SF,4000,0.0,0.0,0.0,22.5,47.5,0.0,False,0.0
134747-171212,Wesley Grimes,WR,SF,DEN,4000,0.0,0.0,0.0,25.0,47.5,0.0,False,0.0
134747-167124,Evan Svoboda,TE,LAC,SEA,4000,0.0,0.0,0.0,18.2,42.5,0.0,False,0.0
134747-226525,Chandler Brayboy,WR,NE,BUF,4000,0.0,0.0,0.0,20.2,48.5,0.0,False,0.0
134747-120035,Mark Redman,TE,GB,TB,4000,0.0,0.0,0.0,22.0,39.5,0.0,False,0.0
134747-170208,Kaden Davis,WR,CHI,NYJ,4000,0.0,0.0,0.0,23.2,42.5,0.0,False,0.0
134747-169185,Jamaal Pritchett,WR,NYJ,CHI,4000,0.0,0.0,0.0,19.2,42.5,0.0,False,0.0
134747-166118,Jaydn Ott,RB,KC,LV,4000,0.0,0.0,0.0,24.2,47.5,0.0,False,0.0
134747-110868,Josh Williams,RB,TB,GB,4000,0.0,0.0,0.0,17.5,39.5,0.0,False,0.0
134747-137495,Kentrel Bullock,RB,CIN,JAC,4000,0.0,0.0,0.0,26.8,51.5,0.0,False,0.0
134747-157975,Keleki Latu,TE,BUF,NE,4000,0.0,0.0,0.0,28.2,48.5,0.0,False,0.0
134747-129302,Stephen Gosnell,WR,BUF,NE,4000,0.0,0.0,0.0,28.2,48.5,0.0,False,0.0
134747-168217,Dean Connors,RB,LAR,PHI,4000,0.0,0.0,0.0,24.8,46.5,0.0,False,0.0
134747-92479,David Martin-Robinson,TE,TEN,BAL,4000,0.0,0.0,0.0,14.8,43.5,0.0,False,0.0
134747-171332,Reggie Virgil,WR,ARI,NYG,4000,0.0,0.0,0.0,23.0,44.5,0.0,False,0.0
134747-185699,Eric Rivers Jr.,WR,TB,GB,4000,0.0,0.0,0.0,17.5,39.5,0.0,False,0.0
134747-225637,Ben Mann,TE,NYG,ARI,4000,0.0,0.0,0.0,21.5,44.5,0.0,False,0.0
134747-110954,Jordan Waters,RB,LAR,PHI,4000,0.0,0.0,0.0,24.8,46.5,0.0,False,0.0
134747-63855,K.J. Osborn,WR,TEN,BAL,4000,0.0,0.0,0.0,14.8,43.5,0.0,False,0.0
134747-90480,Joel Wilson,TE,TEN,BAL,4000,0.0,0.0,0.0,14.8,43.5,0.0,False,0.0
134747-71032,Devin Duvernay,WR,ARI,NYG,4000,0.0,0.01,0.0,23.0,44.5,0.0,False,0.0
134747-157051,Tanner Arkin,TE,NE,BUF,4000,0.0,0.0,0.0,20.2,48.5,0.0,False,0.0
134747-90501,Julian Hicks,WR,SEA,LAC,4000,0.0,0.0,0.0,24.2,42.5,0.0,False,0.0
134747-114054,Dalen Cambre,WR,NYG,ARI,4000,0.0,0.0,0.0,21.5,44.5,0.0,False,0.0
134747-167306,Tanner Koziol,TE,JAC,CIN,4000,0.0,0.0,0.0,24.8,51.5,0.0,False,0.0
134747-175504,Max Klare,TE,LAR,PHI,4000,0.0,0.0,0.0,24.8,46.5,0.0,False,0.0001
134747-90522,Cameron Latu,TE,NE,BUF,4000,0.0,0.0,0.0,20.2,48.5,0.0,False,0.0
134747-114079,Hayden Rucci,TE,LAC,SEA,4000,0.0,0.0,0.0,18.2,42.5,0.0,False,0.0
134747-94625,Jalen Reagor,WR,MIA,MIN,4000,0.0,0.0,0.0,15.8,38.5,0.0,False,0.0001
134747-154020,Al-Jay Henderson,RB,NYJ,CHI,4000,0.0,0.0,0.0,19.2,42.5,0.0,False,0.0
134747-225739,Cody Hardy,TE,NYJ,CHI,4000,0.0,0.0,0.0,19.2,42.5,0.0,False,0.0
134747-152014,JP Richardson,WR,CHI,NYJ,4000,0.0,0.0,0.0,23.2,42.5,0.0,False,0.0
134747-173518,Qadir Ismail,WR,CHI,NYJ,4000,0.0,0.0,0.0,23.2,42.5,0.0,False,0.0
134747-69068,Jonathan Ward,RB,BAL,TEN,4000,0.0,0.0,0.0,28.8,43.5,0.0,False,0.0
134747-109007,Josh Kelly,WR,HOU,DAL,4000,0.0,0.0,0.0,25.0,47.5,0.0,False,0.0
134747-243158,Tyren Montgomery,WR,TEN,BAL,4000,0.0,0.0,0.0,14.8,43.5,0.0,False,0.0
134747-155096,Quincy Skinner Jr.,WR,GB,TB,4000,0.0,0.0,0.0,22.0,39.5,0.0,False,0.0
134747-243161,Ty Pezza,TE,BAL,TEN,4000,0.0,0.0,0.0,28.8,43.5,0.0,False,0.0
134747-243160,Michael Briscoe,WR,MIN,MIA,4000,0.0,0.0,0.0,22.8,38.5,0.0,False,0.0
134747-71143,Kylen Granson,TE,TEN,BAL,4000,0.0,0.0,0.0,14.8,43.5,0.0,False,0.0
134747-188900,Michael Wortham,WR,JAC,CIN,4000,0.0,0.0,0.0,24.8,51.5,0.0,False,0.0
134747-208360,Damon Bankston,RB,GB,TB,4000,0.0,0.0,0.0,22.0,39.5,0.0,False,0.0
134747-191983,Dallen Bentley,TE,DEN,SF,4000,0.0,0.0,0.0,22.5,47.5,0.0,False,0.0
134747-177644,Justin Joly,TE,MIA,MIN,4000,0.0,0.0,0.0,15.8,38.5,0.0,False,0.0
134747-89613,Simi Fehoko,WR,ARI,NYG,4000,0.0,0.0,0.0,23.0,44.5,0.0,False,0.0001
134747-73247,Kene Nwangwu,RB,NYJ,CHI,4000,0.0,0.0,0.0,19.2,42.5,0.0,False,0.0001
134747-166434,Dane Key,WR,DEN,SF,4000,0.0,0.0,0.0,22.5,47.5,0.0,False,0.0
134747-173606,Dillon Bell,WR,MIN,MIA,4000,0.0,0.0,0.0,22.8,38.5,0.0,False,0.0
134747-160306,Pierre Strong Jr.,RB,GB,TB,4000,0.0,0.0,0.0,22.0,39.5,0.0,False,0.0
134747-225850,J'Mari Taylor,RB,JAC,CIN,4000,0.0,0.0,0.0,24.8,51.5,0.0,False,0.0
134747-104008,Stephen Carlson,TE,CHI,NYJ,4000,0.0,0.0,0.0,23.2,42.5,0.0,False,0.0
134747-104019,Matt Orzech,TE,GB,TB,4000,0.0,0.0,0.0,22.0,39.5,0.0,False,0.0001
134747-63061,Gary Jennings,WR,LAC,SEA,4000,0.0,0.0,0.0,18.2,42.5,0.0,False,0.0
134747-86612,Brayden Willis,TE,SF,DEN,4000,0.0,0.01,0.0,25.0,47.5,0.0,False,0.0
134747-18009,Chris Manhertz,TE,NYG,ARI,4000,0.0,0.0,0.0,21.5,44.5,0.0,False,0.0
134747-231015,Cameron Dorner,WR,NE,BUF,4000,0.0,0.0,0.0,20.2,48.5,0.0,False,0.0
134747-129641,Will Sheppard,WR,MIA,MIN,4000,0.0,0.0,0.0,15.8,38.5,0.0,False,0.0
134747-56947,Chris Myarick,TE,LV,KC,4000,0.0,0.0,0.0,23.2,47.5,0.0,False,0.0
134747-104054,Sincere McCormick,RB,SF,DEN,4000,0.0,0.0,0.0,25.0,47.5,0.0,False,0.0
134747-141956,Beau Gardner,TE,CHI,NYJ,4000,0.0,0.0,0.0,23.2,42.5,0.0,False,0.0
134747-154245,Seydou Traore,TE,MIA,MIN,4000,0.0,0.0,0.0,15.8,38.5,0.0,False,0.0
134747-137889,Brennan Presley,WR,LAR,PHI,4000,0.0,0.0,0.0,24.8,46.5,0.0,False,0.0
134747-86692,Thomas Odukoya,TE,KC,LV,4000,0.0,0.0,0.0,24.2,47.5,0.0,False,0.0
134747-152232,Jordan Moore,WR,CIN,JAC,4000,0.0,0.0,0.0,26.8,51.5,0.0,False,0.0
134747-87731,Dominique Robinson,WR,HOU,DAL,4000,0.0,0.0,0.0,25.0,47.5,0.0,False,0.0
134747-158402,Skyler Bell,WR,BUF,NE,4000,0.0,0.0,0.0,28.2,48.5,0.0,False,0.0
134747-156374,Tre Watson,TE,MIA,MIN,4000,0.0,0.0,0.0,15.8,38.5,0.0,False,0.0
134747-152295,Gregory Desrosiers,RB,LAC,SEA,4000,0.0,0.0,0.0,18.2,42.5,0.0,False,0.0
134747-137966,AJ Henning,WR,MIA,MIN,4000,0.0,0.0,0.0,15.8,38.5,0.0,False,0.0
134747-252655,Grant Finley,RB,NYG,ARI,4000,0.0,0.0,0.0,21.5,44.5,0.0,False,0.0
134747-137965,Dan Villari,TE,LAR,PHI,4000,0.0,0.0,0.0,24.8,46.5,0.0,False,0.0
134747-156400,Roman Hemby,RB,LV,KC,4000,0.0,0.0,0.0,23.2,47.5,0.0,False,0.0
134747-86780,Salvon Ahmed,RB,CHI,NYJ,4000,0.0,0.0,0.0,23.2,42.5,0.0,False,0.0
134747-156426,Brock Lampe,RB,BUF,NE,4000,0.0,0.0,0.0,28.2,48.5,0.0,False,0.0
134747-133900,Anthony Smith,WR,DAL,HOU,4000,0.0,0.0,0.0,22.5,47.5,0.0,False,0.0
134747-152333,Malik McClain,WR,NYJ,CHI,4000,0.0,0.0,0.0,19.2,42.5,0.0,False,0.0003
134747-170769,Camden Brown,WR,DAL,HOU,4000,0.0,0.0,0.0,22.5,47.5,0.0,False,0.0
134747-103192,Jared Wiley,TE,KC,LV,4000,0.0,0.0,0.0,24.2,47.5,0.0,False,0.0
134747-152363,Gavin Bartholomew,TE,MIN,MIA,4000,0.0,0.0,0.0,22.8,38.5,0.0,False,0.0001
134747-158511,Max Bredeson,RB,MIN,MIA,4000,0.0,0.0,0.0,22.8,38.5,0.0,False,0.0
134747-112455,Xavier Gipson,WR,PHI,LAR,4000,0.0,0.0,-0.4,21.8,46.5,0.0,False,0.0
134747-58189,Mitchell Fraboni,TE,DEN,SF,4000,0.0,0.0,0.0,22.5,47.5,0.0,False,0.0
134747-178011,Xavier Guillory,WR,BAL,TEN,4000,0.0,0.0,0.0,28.8,43.5,0.0,False,0.0
134747-119642,Ja'Mori Maclin,WR,BUF,NE,4000,0.0,0.0,0.0,28.2,48.5,0.0,False,0.0
134747-137058,Trebor Pena,WR,JAC,CIN,4000,0.0,0.0,0.0,24.8,51.5,0.0,False,0.0
134747-93026,Teagan Quitoriano,TE,ARI,NYG,4000,0.0,0.0,0.0,23.0,44.5,0.0,False,0.0
134747-192358,Shawn Bowman,TE,ARI,NYG,4000,0.0,0.0,0.0,23.0,44.5,0.0,False,0.0
134747-156523,Carson Steele,RB,PHI,LAR,4000,0.0,0.0,0.0,21.8,46.5,0.0,False,0.0
134747-120684,Garrett Greene,WR,TB,GB,4000,0.0,0.0,0.0,17.5,39.5,0.0,False,0.0
134747-157579,Rocco Underwood,TE,PHI,LAR,4000,0.0,0.0,0.0,21.8,46.5,0.0,False,0.0
134747-23435,Andrew DePaola,TE,MIN,MIA,4000,0.0,0.0,0.0,22.8,38.5,0.0,False,0.0
134747-94094,Brevin Jordan,TE,HOU,DAL,4000,0.0,0.0,0.0,25.0,47.5,0.0,False,0.0
134747-128920,Noah Whittington,RB,HOU,DAL,4000,0.0,0.0,0.0,25.0,47.5,0.0,False,0.0
134747-28570,Nick Vannett,TE,BAL,TEN,4000,0.0,0.0,0.0,28.8,43.5,0.0,False,0.0
134747-176025,Noah Thomas,WR,CIN,JAC,4000,0.0,0.0,0.0,26.8,51.5,0.0,False,0.0
134747-114591,William Wagner,TE,CIN,JAC,4000,0.0,0.0,0.0,26.8,51.5,0.0,False,0.0
134747-138164,Patrick Gurd,TE,LV,KC,4000,0.0,0.0,0.0,23.2,47.5,0.0,False,0.0
134747-152540,CJ Dippre,TE,TB,GB,4000,0.0,0.0,0.0,17.5,39.5,0.0,False,0.0
134747-166894,Omari Evans,WR,KC,LV,4000,0.0,0.0,0.0,24.2,47.5,0.0,False,0.0
134747-138220,Montorie Foster Jr.,WR,SEA,LAC,4000,0.0,0.0,0.0,24.2,42.5,0.0,False,0.0
134747-138221,Ricky White III,WR,SEA,LAC,4000,0.0,0.0,0.0,24.2,42.5,0.0,False,0.0
134747-155629,Khalil Dinkins,TE,SF,DEN,4000,0.0,0.0,0.0,25.0,47.5,0.0,False,0.0
134747-183290,Andrew Armstrong,WR,KC,LV,4000,0.0,0.0,0.0,24.2,47.5,0.0,False,0.0
