Id,Name,Pos,Team,Opp,Salary,Inj,ImpliedTeamTotal,FD_FPPG,Proj,Median,Ceiling_p90,P_20plus,Value_per_1k,StartingQB
134747-62239,Josh Allen,QB,BUF,NE,9100,,28.2,32.8,30.2,28.7,46.3,0.797,3.32,True
134747-129458,Jaxon Smith-Njigba,WR,SEA,LAC,9500,,24.2,33.2,29.9,28.2,47.9,0.745,3.15,False
134747-103342,Kenneth Walker III,RB,KC,LV,8500,,24.2,26.6,27.8,26.5,41.8,0.759,3.27,False
134747-39280,Derrick Henry,RB,BAL,TEN,9100,,28.8,25.1,26.6,25.0,42.3,0.685,2.92,False
134747-63589,Sam Darnold,QB,SEA,LAC,7500,,24.2,16.6,23.3,22.3,35.8,0.595,3.1,True
134747-85607,Brock Purdy,QB,SF,DEN,8300,,25.0,27.3,23.0,21.5,35.5,0.578,2.77,True
134747-151794,Brock Bowers,TE,LV,KC,7200,,23.2,25.6,22.5,20.8,36.3,0.536,3.13,False
134747-91626,James Cook III,RB,BUF,NE,8200,,28.2,18.1,22.5,21.5,34.6,0.564,2.74,False
134747-63115,Lamar Jackson,QB,BAL,TEN,8700,,28.8,21.4,22.1,20.9,33.8,0.546,2.54,True
134747-103564,Garrett Wilson,WR,NYJ,CHI,7600,,19.2,16.6,22.0,20.2,35.9,0.51,2.9,False
134747-57439,Patrick Mahomes,QB,KC,LV,8000,,24.2,23.9,21.5,20.1,33.5,0.506,2.68,True
134747-45889,Davante Adams,WR,LAR,PHI,8300,,24.8,20.9,21.1,19.5,34.7,0.48,2.54,False
134747-6654,Matthew Stafford,QB,LAR,PHI,7800,,24.8,20.7,20.6,19.6,31.9,0.476,2.64,True
134747-63336,Joe Burrow,QB,CIN,JAC,8200,,26.8,18.0,20.4,19.2,31.6,0.463,2.48,True
134747-22038,Kirk Cousins,QB,LV,KC,7300,,23.2,19.7,19.8,18.7,31.1,0.44,2.72,True
134747-31716,Dak Prescott,QB,DAL,HOU,8100,,22.5,21.4,19.7,18.5,30.6,0.429,2.44,True
134747-167031,Ashton Jeanty,RB,LV,KC,7800,,23.2,17.3,19.5,18.3,30.1,0.412,2.5,False
134747-91598,D'Andre Swift,RB,CHI,NYJ,7300,,23.2,18.4,19.2,17.8,30.7,0.395,2.62,False
134747-22994,Case Keenum,QB,CHI,NYJ,6400,,23.2,24.5,19.2,18.1,29.8,0.403,3.0,True
134747-169776,Christian Watson,WR,GB,TB,7200,,22.0,21.3,18.6,17.3,31.8,0.384,2.59,False
134747-69017,Jordan Love,QB,GB,TB,7700,,22.0,19.9,18.6,17.6,28.8,0.375,2.41,True
134747-55050,Christian McCaffrey,RB,SF,DEN,8800,,25.0,17.2,21.0,19.4,33.4,0.473,2.39,False
134747-129471,C.J. Stroud,QB,HOU,DAL,7000,,25.0,16.1,18.4,17.2,28.5,0.37,2.63,True
134747-91419,Nico Collins,WR,HOU,DAL,7400,,25.0,8.9,18.0,16.8,30.2,0.342,2.43,False
134747-89951,Trevor Lawrence,QB,JAC,CIN,7900,,24.8,18.0,18.0,16.9,28.2,0.349,2.28,True
134747-91750,Trey McBride,TE,ARI,NYG,7400,,23.0,15.4,17.7,16.3,30.0,0.334,2.39,False
134747-69531,Jalen Hurts,QB,PHI,LAR,8500,,21.8,18.8,17.7,16.5,27.5,0.329,2.08,True
134747-30231,Jacoby Brissett,QB,ARI,NYG,6800,,23.0,16.5,17.4,16.3,27.2,0.316,2.56,True
134747-86631,CeeDee Lamb,WR,DAL,HOU,8500,,22.5,22.3,17.4,16.4,29.8,0.321,2.05,False
134747-104433,Kyren Williams,RB,LAR,PHI,7900,,24.8,15.8,17.0,15.7,26.7,0.285,2.15,False
134747-26483,Geno Smith,QB,NYJ,CHI,6900,,19.2,18.0,16.9,15.8,26.0,0.275,2.45,True
134747-89493,Chase Brown,RB,CIN,JAC,7600,,26.8,11.3,16.9,15.8,26.8,0.285,2.23,False
134747-102965,Bo Nix,QB,DEN,SF,7600,,22.5,15.6,15.9,14.9,25.1,0.239,2.09,True
134747-85701,Ja'Marr Chase,WR,CIN,JAC,9100,,26.8,15.2,15.9,14.3,27.5,0.264,1.75,False
134747-93541,Javonte Williams,RB,DAL,HOU,7500,,22.5,15.2,15.8,14.5,25.6,0.243,2.11,False
134747-103020,Puka Nacua,WR,LAR,PHI,9000,,24.8,4.9,20.5,17.5,35.3,0.44,2.28,False
134747-158412,Braelon Allen,RB,NYJ,CHI,5700,,19.2,5.1,14.8,13.7,24.5,0.216,2.6,False
134747-166916,Matthew Golden,WR,GB,TB,6300,,22.0,13.9,14.8,12.8,25.7,0.23,2.35,False
134747-40442,Aaron Jones Sr.,RB,MIN,MIA,6400,,22.8,11.7,14.6,13.4,23.6,0.189,2.29,False
134747-188171,Jeremiyah Love,RB,ARI,NYG,6600,,23.0,12.5,14.4,13.1,23.2,0.173,2.17,False
134747-89981,Tee Higgins,WR,CIN,JAC,6900,,26.8,12.5,14.2,12.2,24.9,0.202,2.06,False
134747-63484,Kyler Murray,QB,MIN,MIA,7200,,22.8,6.0,14.1,13.1,22.5,0.166,1.96,True
134747-137516,Parker Washington,WR,JAC,CIN,7100,,24.8,13.9,14.0,12.2,24.6,0.189,1.97,False
134747-89612,Michael Wilson,WR,ARI,NYG,6200,,23.0,10.4,13.8,12.1,24.1,0.177,2.22,False
134747-160620,Bhayshul Tuten,RB,JAC,CIN,6800,,24.8,12.8,13.8,12.5,23.1,0.176,2.03,False
134747-110457,Dontayvion Wicks,WR,PHI,LAR,5900,,21.8,9.5,13.4,11.5,23.8,0.175,2.27,False
134747-69189,Justin Herbert,QB,LAC,SEA,7100,,18.2,12.6,13.3,12.4,21.0,0.124,1.88,True
134747-152664,Bucky Irving,RB,TB,GB,7400,,17.5,11.5,13.3,12.1,21.0,0.123,1.8,False
134747-183240,Cam Skattebo,RB,NYG,ARI,7100,,21.5,11.0,13.2,11.9,21.7,0.135,1.87,False
134747-87691,Malik Willis,QB,MIA,MIN,6600,,15.8,13.7,13.1,12.3,20.4,0.11,1.98,True
134747-55042,Dalton Schultz,TE,HOU,DAL,5600,,25.0,11.0,12.8,11.1,22.1,0.141,2.29,False
134747-152316,Drake Maye,QB,NE,BUF,7400,,20.2,9.2,12.5,11.7,19.9,0.097,1.69,True
134747-145558,Dalton Kincaid,TE,BUF,NE,6100,,28.2,13.4,12.4,10.7,22.2,0.135,2.03,False
134747-73273,David Montgomery,RB,HOU,DAL,6500,,25.0,12.2,14.5,13.2,24.4,0.2,2.23,False
134747-70422,Kalif Raymond,WR,CHI,NYJ,5200,,23.2,12.3,12.2,10.5,21.1,0.116,2.34,False
134747-33076,Travis Kelce,TE,KC,LV,5500,,24.2,15.0,12.0,10.5,21.9,0.128,2.19,False
134747-12540,Minnesota Vikings,D,MIN,MIA,5000,,22.8,14.0,11.8,11.0,18.0,0.051,2.35,False
134747-166092,Luther Burden III,WR,CHI,NYJ,5800,,23.2,9.3,11.8,10.3,20.3,0.105,2.03,False
134747-174215,Omarion Hampton,RB,LAC,SEA,7200,,18.2,10.1,11.5,10.2,20.2,0.103,1.6,False
134747-168356,Cam Ward,QB,TEN,BAL,6500,,14.8,14.1,11.4,10.5,18.5,0.067,1.75,True
134747-87260,Isaiah Likely,TE,NYG,ARI,5100,,21.5,10.6,11.2,9.8,19.6,0.095,2.19,False
134747-47870,Tyler Higbee,TE,LAR,PHI,4600,,24.8,8.2,11.1,9.7,19.4,0.09,2.41,False
134747-63043,DJ Moore,WR,BUF,NE,6700,,28.2,10.4,11.1,9.6,19.5,0.094,1.66,False
134747-112295,Zay Flowers,WR,BAL,TEN,7300,Q,28.8,19.7,10.9,9.8,23.4,0.157,1.49,False
134747-39793,George Kittle,TE,SF,DEN,6700,,25.0,13.8,10.9,9.5,19.8,0.097,1.63,False
134747-64401,Saquon Barkley,RB,PHI,LAR,8000,,21.8,6.5,10.7,9.6,17.3,0.05,1.34,False
134747-110246,George Pickens,WR,DAL,HOU,7900,,22.5,7.7,10.7,9.5,18.7,0.077,1.36,False
134747-110974,Malik Washington,WR,MIA,MIN,5600,,15.8,6.7,10.5,9.1,18.5,0.07,1.87,False
134747-56265,Mike Gesicki,TE,CIN,JAC,5100,,26.8,13.8,10.1,8.7,18.3,0.074,1.99,False
134747-111540,Rhamondre Stevenson,RB,NE,BUF,5700,,20.2,6.8,10.1,9.0,16.3,0.038,1.77,False
134747-24849,Jameis Winston,QB,NYG,ARI,6500,,21.5,4.8,10.0,9.2,16.0,0.036,1.54,True
134747-111311,Rashee Rice,WR,KC,LV,7500,,24.2,10.5,10.0,8.6,17.8,0.063,1.33,False
134747-129210,Jordan Addison,WR,MIN,MIA,6500,,22.8,6.9,13.0,11.1,23.9,0.18,2.0,False
134747-119788,Xavier Hutchinson,WR,HOU,DAL,5600,,25.0,5.6,9.5,8.3,17.3,0.056,1.7,False
134747-52436,Mark Andrews,TE,BAL,TEN,5200,,28.8,6.2,9.4,8.2,17.0,0.044,1.82,False
134747-90573,Jaylen Waddle,WR,DEN,SF,6600,,22.5,9.0,9.2,8.1,17.0,0.043,1.4,False
134747-110484,RJ Harvey,RB,DEN,SF,5800,,22.5,6.9,9.2,8.1,15.5,0.034,1.59,False
134747-103619,Tre Tucker,WR,LV,KC,5800,,23.2,11.1,9.0,7.6,16.5,0.045,1.54,False
134747-152655,Emeka Egbuka,WR,TB,GB,5900,,17.5,8.8,8.9,7.6,16.2,0.039,1.5,False
134747-184873,Kenyon Sadiq,TE,NYJ,CHI,5300,Q,19.2,11.9,8.8,8.1,18.6,0.077,1.66,False
134747-185861,Emanuel Wilson,RB,SEA,LAC,5600,,24.2,3.6,11.5,9.5,19.9,0.097,2.05,False
134747-87418,Joshua Palmer,WR,BUF,NE,4800,,28.2,6.9,8.7,7.6,14.7,0.032,1.81,False
134747-63759,Tony Pollard,RB,TEN,BAL,5800,,14.8,7.5,8.5,7.5,14.1,0.018,1.47,False
134747-56018,Deebo Samuel Sr.,WR,SF,DEN,7000,,25.0,11.8,8.4,7.1,15.2,0.031,1.2,False
134747-71706,T.J. Hockenson,TE,MIN,MIA,4900,,22.8,6.0,10.5,8.9,19.4,0.091,2.14,False
134747-12537,Las Vegas Raiders,D,LV,KC,3100,,23.2,12.3,8.1,8.0,13.0,0.006,2.6,False
134747-85845,Rashod Bateman,WR,BAL,TEN,5800,,28.8,7.7,8.0,6.8,14.9,0.029,1.37,False
134747-12550,Seattle Seahawks,D,SEA,LAC,4700,,24.2,7.7,7.8,7.0,13.0,0.005,1.65,False
134747-12527,Chicago Bears,D,CHI,NYJ,3500,,23.2,8.3,7.8,7.0,13.0,0.005,2.23,False
134747-151761,Malik Nabers,WR,NYG,ARI,6800,,21.5,5.2,7.7,6.7,13.4,0.018,1.13,False
134747-103083,Theo Wease Jr.,WR,LAC,SEA,4000,,18.2,7.6,7.7,6.8,13.1,0.017,1.94,False
134747-12555,Baltimore Ravens,D,BAL,TEN,4900,,28.8,4.3,7.7,7.0,13.0,0.004,1.58,False
134747-25267,Mack Hollins,WR,NE,BUF,5700,,20.2,7.2,7.5,6.5,13.1,0.017,1.32,False
134747-63634,Jakobi Meyers,WR,JAC,CIN,5700,,24.8,10.1,7.4,6.0,13.8,0.02,1.3,False
134747-86518,Khalil Shakir,WR,BUF,NE,5700,,28.2,4.5,7.4,6.4,13.3,0.02,1.3,False
134747-32384,Mike Evans,WR,SF,DEN,7500,Q,25.0,10.6,7.3,6.3,16.4,0.047,0.98,False
134747-12528,Cincinnati Bengals,D,CIN,JAC,3300,,26.8,10.7,7.3,7.0,12.0,0.004,2.22,False
134747-160303,Tucker Kraft,TE,GB,TB,5800,,22.0,5.0,7.2,6.1,12.8,0.018,1.24,False
134747-166112,Ollie Gordon II,RB,MIA,MIN,5900,,15.8,6.8,7.2,5.8,12.8,0.013,1.23,False
134747-158974,Xavier Worthy,WR,KC,LV,5700,,24.2,5.8,7.2,6.0,13.2,0.016,1.26,False
134747-103539,Wan'Dale Robinson,WR,TEN,BAL,5300,,14.8,7.6,7.1,5.9,12.9,0.017,1.34,False
134747-183756,Carnell Tate,WR,TEN,BAL,5600,,14.8,6.3,7.1,6.2,12.4,0.015,1.27,False
134747-119697,MarShawn Lloyd,RB,GB,TB,5400,,22.0,4.7,6.9,5.7,12.1,0.009,1.28,False
134747-201233,Ryan Flournoy,WR,DAL,HOU,5100,,22.5,3.7,6.9,6.0,12.3,0.012,1.36,False
134747-129546,Tre' Harris,WR,LAC,SEA,5400,,18.2,6.6,6.9,5.9,12.1,0.015,1.27,False
134747-89680,Jake Ferguson,TE,DAL,HOU,5400,,22.5,9.2,6.8,5.3,13.1,0.02,1.25,False
134747-86811,Cade Otton,TE,TB,GB,4900,,17.5,5.8,6.8,5.9,12.0,0.012,1.39,False
134747-80289,Kendrick Bourne,WR,ARI,NYG,5100,,23.0,5.6,6.7,5.8,11.7,0.007,1.31,False
134747-57403,Courtland Sutton,WR,DEN,SF,6000,,22.5,4.1,6.7,5.7,12.1,0.011,1.11,False
134747-12554,Jacksonville Jaguars,D,JAC,CIN,3800,,24.8,10.7,6.7,6.0,12.0,0.002,1.78,False
134747-120033,Rome Odunze,WR,CHI,NYJ,6100,,23.2,6.0,6.6,5.7,11.8,0.012,1.08,False
134747-137953,AJ Barner,TE,SEA,LAC,4900,,24.2,6.4,6.5,5.6,11.8,0.009,1.33,False
134747-154000,Konata Mumpfield,WR,LAR,PHI,5200,,24.8,6.3,6.5,5.5,12.4,0.014,1.26,False
134747-112041,Isaiah Williams,WR,NYJ,CHI,4900,,19.2,3.9,6.5,5.6,11.7,0.006,1.33,False
134747-183380,Makai Lemon,WR,PHI,LAR,5500,,21.8,2.3,6.4,5.4,11.4,0.007,1.16,False
134747-12531,Denver Broncos,D,DEN,SF,4300,,22.5,8.3,6.3,6.0,11.0,0.001,1.46,False
134747-79970,Cooper Kupp,WR,SEA,LAC,5400,,24.2,6.7,6.1,5.0,11.4,0.009,1.13,False
134747-120639,Quentin Johnston,WR,LAC,SEA,5400,,18.2,3.4,6.1,5.2,11.5,0.009,1.14,False
134747-12536,Kansas City Chiefs,D,KC,LV,4600,,24.2,7.0,6.1,6.0,11.0,0.001,1.33,False
134747-12526,Buffalo Bills,D,BUF,NE,4200,,28.2,4.7,6.0,6.0,10.0,0.001,1.42,False
134747-170287,Rashid Shaheed,WR,SEA,LAC,5100,,24.2,2.9,5.9,5.0,10.9,0.006,1.16,False
134747-87668,Shedrick Jackson,WR,BAL,TEN,4000,,28.8,4.6,5.9,5.2,10.0,0.005,1.48,False
134747-206341,Ted Hurst III,WR,TB,GB,5300,,17.5,6.4,5.8,4.7,11.2,0.008,1.09,False
134747-12549,San Francisco 49ers,D,SF,DEN,4500,,25.0,5.7,5.8,5.0,10.0,0.001,1.28,False
134747-12538,Los Angeles Rams,D,LAR,PHI,4100,,24.8,5.3,5.8,5.0,10.0,0.001,1.41,False
134747-12551,Tampa Bay Buccaneers,D,TB,GB,3200,,17.5,5.7,5.8,5.0,11.0,0.001,1.82,False
134747-151745,Brian Thomas Jr.,WR,JAC,CIN,5500,,24.8,4.1,5.7,4.8,10.6,0.006,1.03,False
134747-12548,Los Angeles Chargers,D,LAC,SEA,3100,,18.2,6.3,5.6,5.0,10.0,0.001,1.81,False
134747-91931,Greg Dulcich,TE,MIA,MIN,4800,,15.8,4.5,5.6,4.8,10.4,0.005,1.18,False
134747-12541,New England Patriots,D,NE,BUF,3700,,20.2,8.7,5.6,5.0,10.0,0.001,1.51,False
134747-111876,DeMario Douglas,WR,NE,BUF,5100,,20.2,3.4,5.5,4.7,10.2,0.005,1.08,False
134747-12556,Houston Texans,D,HOU,DAL,4000,,25.0,5.0,5.5,5.0,10.0,0.0,1.36,False
134747-103587,Brenton Strange,TE,JAC,CIN,5100,,24.8,5.6,5.4,4.4,10.5,0.004,1.06,False
134747-112101,Jared Wayne,WR,HOU,DAL,4700,,25.0,2.8,5.4,4.5,10.4,0.006,1.14,False
134747-12544,New York Jets,D,NYJ,CHI,3200,,19.2,5.3,5.4,5.0,10.0,0.001,1.69,False
134747-94370,Romeo Doubs,WR,NE,BUF,5500,,20.2,5.8,5.4,4.6,10.2,0.006,0.99,False
134747-55635,Chris Godwin Jr.,WR,TB,GB,5400,,17.5,5.9,5.3,4.6,9.7,0.003,0.99,False
134747-12543,New York Giants,D,NYG,ARI,3600,,21.5,5.0,5.3,5.0,10.0,0.0,1.48,False
134747-12533,Green Bay Packers,D,GB,TB,4800,,22.0,1.3,5.3,5.0,10.0,0.0,1.1,False
134747-91401,Ronnie Bell,WR,LV,KC,4000,,23.2,4.7,5.3,4.6,8.9,0.002,1.32,False
134747-156740,Malachi Fields,WR,NYG,ARI,5100,,21.5,3.5,5.1,4.3,9.7,0.004,1.0,False
134747-155551,Pat Bryant,WR,DEN,SF,5300,,22.5,7.1,5.1,4.1,10.1,0.004,0.95,False
134747-12546,Arizona Cardinals,D,ARI,NYG,3900,,23.0,3.3,5.0,5.0,9.0,0.0,1.28,False
134747-92859,Jalen Nailor,WR,LV,KC,5000,,23.2,2.6,4.7,4.0,9.4,0.002,0.94,False
134747-170825,Chris Bell,WR,MIA,MIN,4900,,15.8,3.9,4.6,3.9,9.0,0.002,0.94,False
134747-112062,Skyy Moore,WR,GB,TB,4800,,22.0,2.1,4.4,3.7,8.8,0.002,0.93,False
134747-40845,Hunter Henry,TE,NE,BUF,5000,,20.2,3.5,4.3,3.7,8.4,0.001,0.87,False
134747-29780,Zach Ertz,TE,PHI,LAR,4800,,21.8,1.4,4.3,3.6,8.7,0.002,0.9,False
134747-69777,Darnell Mooney,WR,NYG,ARI,5200,,21.5,4.5,4.2,3.6,8.1,0.001,0.8,False
134747-130270,Adam Trautman,TE,DEN,SF,4500,,22.5,1.0,4.2,3.5,8.5,0.001,0.92,False
134747-29501,Brandin Cooks,WR,SF,DEN,5600,,25.0,3.5,4.2,3.7,7.0,0.001,0.75,False
134747-152651,Marvin Harrison Jr.,WR,ARI,NYG,5500,,23.0,3.1,4.1,3.5,8.3,0.001,0.75,False
134747-152148,Gunnar Helm,TE,TEN,BAL,4700,,14.8,3.2,4.0,3.4,7.8,0.0,0.86,False
134747-89220,Tyquan Thornton,WR,KC,LV,5000,,24.2,4.6,3.9,3.3,7.7,0.001,0.78,False
134747-172861,Elic Ayomanor,WR,TEN,BAL,5000,,14.8,5.7,3.9,3.1,8.4,0.001,0.79,False
134747-12534,Tennessee Titans,D,TEN,BAL,3000,,14.8,4.7,3.9,4.0,8.0,0.0,1.31,False
134747-166588,Colston Loveland,TE,CHI,NYJ,5700,,23.2,2.0,3.9,3.3,7.8,0.001,0.69,False
134747-241064,Dohnte Meyers,WR,CIN,JAC,4800,,26.8,2.6,3.7,3.1,7.7,0.0,0.78,False
134747-68712,Tyler Johnson,WR,NYJ,CHI,4200,,19.2,3.5,3.7,3.2,6.2,0.0,0.87,False
134747-183828,Kevin Coleman Jr.,WR,MIA,MIN,4400,,15.8,0.4,3.7,3.0,7.9,0.001,0.83,False
134747-12545,Philadelphia Eagles,D,PHI,LAR,4400,,21.8,2.0,3.7,3.0,8.0,0.0,0.84,False
134747-12539,Miami Dolphins,D,MIA,MIN,3000,,15.8,0.7,3.6,3.0,8.0,0.0,1.2,False
134747-12530,Dallas Cowboys,D,DAL,HOU,3400,,22.5,1.7,3.5,3.0,8.0,0.0,1.03,False
134747-152537,Tai Felton,WR,MIN,MIA,4300,,22.8,0.0,3.5,2.8,7.5,0.0,0.8,False
134747-158438,Oronde Gadsden II,TE,LAC,SEA,5000,,18.2,4.3,3.3,2.5,7.6,0.001,0.66,False
134747-61593,Jauan Jennings,WR,MIN,MIA,5400,,22.8,0.3,2.6,2.0,5.5,0.0,0.48,False
134747-226859,Darius Cooper,WR,PHI,LAR,4600,,21.8,3.2,2.5,1.8,6.0,0.0,0.55,False
