QB,RB,RB,WR,WR,WR,TE,FLEX,DEF
134747-85607,134747-103342,134747-91598,134747-169776,134747-110457,134747-56018,134747-39793,134747-110484,134747-12528
134747-62239,134747-91626,134747-158412,134747-103564,134747-91419,134747-166916,134747-145558,134747-111540,134747-12537
134747-57439,134747-160620,134747-73273,134747-129458,134747-111311,134747-183380,134747-151794,134747-33076,134747-12527
134747-62239,134747-91626,134747-104433,134747-103564,134747-87418,134747-25267,134747-151794,134747-185861,134747-12537
134747-31716,134747-158412,134747-73273,134747-103564,134747-86631,134747-103020,134747-56265,134747-89680,134747-12528
134747-129471,134747-93541,134747-73273,134747-129458,134747-103564,134747-91419,134747-55042,134747-183380,134747-12528
134747-62239,134747-103342,134747-91626,134747-169776,134747-89612,134747-87418,134747-151794,134747-40845,134747-12528
134747-57439,134747-103342,134747-167031,134747-45889,134747-111311,134747-158974,134747-87260,134747-71706,134747-12538
134747-31716,134747-103342,134747-73273,134747-91419,134747-86631,134747-110457,134747-89680,134747-112062,134747-12555
134747-62239,134747-91626,134747-55050,134747-25267,134747-80289,134747-112062,134747-151794,134747-145558,134747-12540
134747-62239,134747-91626,134747-91598,134747-129458,134747-89612,134747-87418,134747-145558,134747-111540,134747-12537
134747-62239,134747-103342,134747-91626,134747-103020,134747-166092,134747-87418,134747-87260,134747-25267,134747-12527
134747-62239,134747-91626,134747-55050,134747-129458,134747-129210,134747-87418,134747-47870,134747-40845,134747-12537
134747-6654,134747-39280,134747-89493,134747-45889,134747-169776,134747-89612,134747-47870,134747-110457,134747-12528
134747-31716,134747-91598,134747-73273,134747-103020,134747-110457,134747-110246,134747-89680,134747-129210,134747-12528
134747-62239,134747-91626,134747-188171,134747-103564,134747-103020,134747-87418,134747-87260,134747-111540,134747-12548
134747-62239,134747-103342,134747-91626,134747-166092,134747-87418,134747-25267,134747-151794,134747-33076,134747-12540
134747-62239,134747-91626,134747-104433,134747-103020,134747-87418,134747-25267,134747-47870,134747-73273,134747-12527
134747-62239,134747-91626,134747-73273,134747-103020,134747-166916,134747-86518,134747-40845,134747-185861,134747-12538
134747-22038,134747-158412,134747-73273,134747-129458,134747-111311,134747-103619,134747-151794,134747-87260,134747-12540
134747-62239,134747-91626,134747-55050,134747-89612,134747-129210,134747-25267,134747-145558,134747-185861,134747-12554
134747-63589,134747-39280,134747-174215,134747-129458,134747-45889,134747-170287,134747-87260,134747-71706,134747-12528
134747-57439,134747-39280,134747-160620,134747-86631,134747-111311,134747-103619,134747-33076,134747-71706,134747-12554
134747-62239,134747-91626,134747-185861,134747-45889,134747-103020,134747-110457,134747-40845,134747-87418,134747-12527
134747-62239,134747-91626,134747-40442,134747-169776,134747-129210,134747-87418,134747-151794,134747-94370,134747-12540
134747-22038,134747-103342,134747-91626,134747-166916,134747-89612,134747-103619,134747-151794,134747-91598,134747-12548
134747-62239,134747-91626,134747-55050,134747-103564,134747-25267,134747-86518,134747-151794,134747-47870,134747-12537
134747-63336,134747-39280,134747-91598,134747-89981,134747-110457,134747-151745,134747-56265,134747-55050,134747-12537
134747-63336,134747-55050,134747-158412,134747-89981,134747-137516,134747-183380,134747-151794,134747-56265,134747-12540
134747-22038,134747-103342,134747-91598,134747-45889,134747-129210,134747-103619,134747-151794,134747-185861,134747-12528
134747-22038,134747-103342,134747-160620,134747-103564,134747-103020,134747-103619,134747-151794,134747-47870,134747-12548
134747-129471,134747-39280,134747-158412,134747-103564,134747-169776,134747-91419,134747-55042,134747-89680,134747-12540
134747-22038,134747-103342,134747-91626,134747-89612,134747-129210,134747-92859,134747-151794,134747-104433,134747-12548
134747-89951,134747-91626,134747-89493,134747-129458,134747-137516,134747-110457,134747-87260,134747-151745,134747-12537
134747-89951,134747-40442,134747-73273,134747-103564,134747-85701,134747-137516,134747-103587,134747-89612,134747-12537
134747-57439,134747-91626,134747-73273,134747-103020,134747-110457,134747-158974,134747-151794,134747-33076,134747-12528
134747-62239,134747-103342,134747-91626,134747-129210,134747-25267,134747-183380,134747-145558,134747-188171,134747-12527
134747-62239,134747-91626,134747-73273,134747-103564,134747-45889,134747-166916,134747-40845,134747-86518,134747-12537
134747-63336,134747-91626,134747-158412,134747-129458,134747-89981,134747-151745,134747-151794,134747-56265,134747-12537
134747-129471,134747-167031,134747-93541,134747-45889,134747-91419,134747-206341,134747-91750,134747-55042,134747-12527
134747-62239,134747-91626,134747-55050,134747-166916,134747-63043,134747-152655,134747-55042,134747-111540,134747-12537
134747-22038,134747-103342,134747-91598,134747-85701,134747-79970,134747-92859,134747-151794,134747-52436,134747-12540
134747-129471,134747-39280,134747-93541,134747-91419,134747-129210,134747-63634,134747-151794,134747-55042,134747-12527
134747-57439,134747-167031,134747-40442,134747-45889,134747-103020,134747-110457,134747-33076,134747-158974,134747-12528
134747-62239,134747-91626,134747-55050,134747-110457,134747-86518,134747-94370,134747-33076,134747-104433,134747-12548
134747-31716,134747-40442,134747-73273,134747-129458,134747-110457,134747-110246,134747-151794,134747-89680,134747-12537
134747-22038,134747-39280,134747-167031,134747-103564,134747-169776,134747-92859,134747-151794,134747-33076,134747-12548
134747-62239,134747-91626,134747-91598,134747-86631,134747-137516,134747-86518,134747-87260,134747-111540,134747-12537
134747-6654,134747-160620,134747-73273,134747-45889,134747-103020,134747-110457,134747-145558,134747-185861,134747-12527
134747-85607,134747-103342,134747-188171,134747-103564,134747-166916,134747-56018,134747-39793,134747-110484,134747-12548
134747-129471,134747-55050,134747-93541,134747-91419,134747-89612,134747-110457,134747-55042,134747-39793,134747-12550
134747-57439,134747-103342,134747-40442,134747-129458,134747-158974,134747-183380,134747-151794,134747-33076,134747-12527
134747-6654,134747-167031,134747-110484,134747-103564,134747-45889,134747-103020,134747-33076,134747-29780,134747-12548
134747-129471,134747-39280,134747-188171,134747-91419,134747-86631,134747-166092,134747-55042,134747-73273,134747-12527
134747-57439,134747-167031,134747-55050,134747-169776,134747-103020,134747-158974,134747-33076,134747-71706,134747-12548
134747-89951,134747-103342,134747-40442,134747-137516,134747-129210,134747-63634,134747-91750,134747-56265,134747-12538
134747-22038,134747-103342,134747-39280,134747-103564,134747-89612,134747-92859,134747-151794,134747-71706,134747-12554
134747-89951,134747-91598,134747-185861,134747-103564,134747-85701,134747-151745,134747-151794,134747-103587,134747-12550
134747-57439,134747-167031,134747-55050,134747-169776,134747-158974,134747-183380,134747-33076,134747-104433,134747-12543
134747-22038,134747-167031,134747-89493,134747-129458,134747-110457,134747-92859,134747-151794,134747-33076,134747-12527
134747-6654,134747-39280,134747-110484,134747-45889,134747-103020,134747-110457,134747-87260,134747-120639,134747-12543
134747-89951,134747-103342,134747-167031,134747-137516,134747-63634,134747-79970,134747-56265,134747-55050,134747-12527
134747-57439,134747-91598,134747-185861,134747-129458,134747-110457,134747-111311,134747-151794,134747-33076,134747-12527
134747-63589,134747-55050,134747-185861,134747-129458,134747-103020,134747-120639,134747-87260,134747-170287,134747-12554
134747-22038,134747-103342,134747-93541,134747-166916,134747-89612,134747-92859,134747-151794,134747-91750,134747-12554
134747-57439,134747-55050,134747-104433,134747-111311,134747-183380,134747-92859,134747-33076,134747-185861,134747-12540
134747-6654,134747-103342,134747-158412,134747-45889,134747-103020,134747-110457,134747-55042,134747-87260,134747-12554
134747-85607,134747-160620,134747-110484,134747-103564,134747-45889,134747-56018,134747-39793,134747-56265,134747-12526
134747-89951,134747-91598,134747-111540,134747-169776,134747-103020,134747-137516,134747-56265,134747-151745,134747-12540
134747-6654,134747-103342,134747-160620,134747-45889,134747-103020,134747-110457,134747-52436,134747-71706,134747-12527
134747-63336,134747-103342,134747-167031,134747-169776,134747-89981,134747-152655,134747-56265,134747-151745,134747-12555
134747-31716,134747-93541,134747-73273,134747-86631,134747-103020,134747-89612,134747-56265,134747-89680,134747-12527
134747-129471,134747-91598,134747-93541,134747-91419,134747-103020,134747-110457,134747-55042,134747-56265,134747-12540
134747-89951,134747-91598,134747-89493,134747-129458,134747-103564,134747-63634,134747-103587,134747-185861,134747-12543
134747-57439,134747-167031,134747-158412,134747-45889,134747-89612,134747-111311,134747-33076,134747-40442,134747-12549
134747-63336,134747-160620,134747-183240,134747-129458,134747-169776,134747-89981,134747-56265,134747-89680,134747-12527
134747-89951,134747-103342,134747-89493,134747-103564,134747-137516,134747-85845,134747-39793,134747-63634,134747-12548
134747-6654,134747-103342,134747-119697,134747-45889,134747-103020,134747-110457,134747-39793,134747-71706,134747-12530
134747-63336,134747-160620,134747-185861,134747-103564,134747-85701,134747-89981,134747-55042,134747-71706,134747-12540
134747-31716,134747-55050,134747-73273,134747-129458,134747-110246,134747-170287,134747-71706,134747-89680,134747-12527
134747-63336,134747-160620,134747-185861,134747-129458,134747-85701,134747-89981,134747-33076,134747-71706,134747-12527
134747-6654,134747-160620,134747-73273,134747-45889,134747-103020,134747-110457,134747-55042,134747-71706,134747-12540
134747-85607,134747-55050,134747-110484,134747-166916,134747-129210,134747-56018,134747-39793,134747-71706,134747-12540
134747-6654,134747-91598,134747-185861,134747-45889,134747-91419,134747-103020,134747-52436,134747-110457,134747-12527
134747-89951,134747-91598,134747-185861,134747-129458,134747-89981,134747-137516,134747-103587,134747-110457,134747-12531
134747-129471,134747-93541,134747-40442,134747-103564,134747-169776,134747-91419,134747-55042,134747-129210,134747-12550
134747-89951,134747-89493,134747-188171,134747-103564,134747-169776,134747-137516,134747-91750,134747-103587,134747-12530
134747-129471,134747-89493,134747-188171,134747-169776,134747-91419,134747-86631,134747-55042,134747-87260,134747-12550
134747-85607,134747-103342,134747-110484,134747-91419,134747-110457,134747-56018,134747-87260,134747-39793,134747-12540
134747-89951,134747-103342,134747-167031,134747-103564,134747-89981,134747-137516,134747-86811,134747-63634,134747-12543
134747-57439,134747-167031,134747-73273,134747-129458,134747-111311,134747-170287,134747-33076,134747-87260,134747-12540
134747-85607,134747-91598,134747-40442,134747-169776,134747-90573,134747-56018,134747-39793,134747-73273,134747-12527
134747-85607,134747-110484,134747-185861,134747-129458,134747-110457,134747-56018,134747-145558,134747-39793,134747-12555
134747-129471,134747-104433,134747-185861,134747-169776,134747-91419,134747-86631,134747-55042,134747-89981,134747-12527
134747-6654,134747-167031,134747-188171,134747-45889,134747-103020,134747-183380,134747-87260,134747-52436,134747-12550
134747-63336,134747-91598,134747-185861,134747-45889,134747-85701,134747-89981,134747-55042,134747-151745,134747-12527
134747-31716,134747-104433,134747-73273,134747-103564,134747-110246,134747-152655,134747-33076,134747-89680,134747-12540
134747-89951,134747-39280,134747-89493,134747-129458,134747-63634,134747-151745,134747-55042,134747-185861,134747-12527
134747-31716,134747-55050,134747-73273,134747-129458,134747-110246,134747-92859,134747-89680,134747-86811,134747-12554
134747-63336,134747-39280,134747-40442,134747-85701,134747-89981,134747-112062,134747-87260,134747-160620,134747-12527
134747-129471,134747-104433,134747-188171,134747-103564,134747-91419,134747-86631,134747-55042,134747-71706,134747-12526
134747-129471,134747-55050,134747-110484,134747-91419,134747-103020,134747-89981,134747-55042,134747-89680,134747-12527
134747-89951,134747-39280,134747-89493,134747-91419,134747-137516,134747-129210,134747-87260,134747-63634,134747-12543
134747-85607,134747-89493,134747-110484,134747-86631,134747-89981,134747-56018,134747-39793,134747-52436,134747-12543
134747-63589,134747-104433,134747-185861,134747-129458,134747-103564,134747-120639,134747-52436,134747-170287,134747-12540
134747-129471,134747-89493,134747-93541,134747-169776,134747-91419,134747-63043,134747-55042,134747-145558,134747-12550
134747-57439,134747-167031,134747-185861,134747-45889,134747-137516,134747-111311,134747-33076,134747-87260,134747-12540
134747-129471,134747-167031,134747-73273,134747-129458,134747-169776,134747-91419,134747-55042,134747-89680,134747-12543
134747-57439,134747-40442,134747-185861,134747-129458,134747-45889,134747-111311,134747-33076,134747-92859,134747-12543
134747-63336,134747-39280,134747-160620,134747-85701,134747-89981,134747-25267,134747-55042,134747-86811,134747-12543
134747-63336,134747-91598,134747-185861,134747-85701,134747-89981,134747-63634,134747-91750,134747-33076,134747-12538
134747-89951,134747-167031,134747-91598,134747-137516,134747-129210,134747-63634,134747-87260,134747-89493,134747-12540
134747-57439,134747-55050,134747-40442,134747-86631,134747-111311,134747-129210,134747-33076,134747-92859,134747-12543
134747-85607,134747-89493,134747-110484,134747-169776,134747-137516,134747-56018,134747-39793,134747-94370,134747-12556
134747-57439,134747-39280,134747-183240,134747-91419,134747-111311,134747-92859,134747-33076,134747-185861,134747-12550
134747-129471,134747-91598,134747-89493,134747-169776,134747-91419,134747-89981,134747-55042,134747-89680,134747-12536
134747-31716,134747-91598,134747-40442,134747-86631,134747-89981,134747-63043,134747-55042,134747-89680,134747-12540
134747-57439,134747-167031,134747-91598,134747-169776,134747-166916,134747-111311,134747-33076,134747-71706,134747-12540
134747-85607,134747-91598,134747-160620,134747-169776,134747-56018,134747-57403,134747-39793,134747-71706,134747-12540
134747-31716,134747-40442,134747-160620,134747-91419,134747-166916,134747-137516,134747-89680,134747-110246,134747-12531
134747-57439,134747-39280,134747-188171,134747-111311,134747-57403,134747-92859,134747-91750,134747-33076,134747-12531
134747-129471,134747-39280,134747-93541,134747-169776,134747-91419,134747-89981,134747-55042,134747-87260,134747-12543
134747-31716,134747-91598,134747-183240,134747-91419,134747-86631,134747-137516,134747-71706,134747-89680,134747-12526
134747-85607,134747-55050,134747-73273,134747-56018,134747-57403,134747-183380,134747-55042,134747-39793,134747-12540
134747-63336,134747-39280,134747-185861,134747-85701,134747-89981,134747-137516,134747-71706,134747-183380,134747-12543
134747-63336,134747-104433,134747-160620,134747-85701,134747-89981,134747-79970,134747-39793,134747-71706,134747-12543
134747-85607,134747-152664,134747-73273,134747-91419,134747-90573,134747-56018,134747-87260,134747-39793,134747-12540
134747-85607,134747-39280,134747-91598,134747-56018,134747-57403,134747-183380,134747-87260,134747-39793,134747-12540
134747-31716,134747-160620,134747-73273,134747-169776,134747-86631,134747-166916,134747-91750,134747-89680,134747-12554
134747-63589,134747-39280,134747-55050,134747-85845,134747-79970,134747-120639,134747-91750,134747-170287,134747-12526
134747-85607,134747-167031,134747-55050,134747-166916,134747-56018,134747-57403,134747-39793,134747-71706,134747-12526
134747-85607,134747-55050,134747-110484,134747-169776,134747-56018,134747-85845,134747-39793,134747-170287,134747-12556
134747-85607,134747-40442,134747-110484,134747-45889,134747-86631,134747-56018,134747-39793,134747-71706,134747-12554
134747-63336,134747-104433,134747-160620,134747-85701,134747-166916,134747-89981,134747-87260,134747-52436,134747-12556
134747-85607,134747-39280,134747-167031,134747-56018,134747-57403,134747-55635,134747-39793,134747-71706,134747-12550
134747-85607,134747-39280,134747-160620,134747-166916,134747-152655,134747-56018,134747-39793,134747-110484,134747-12554
134747-85607,134747-40442,134747-110484,134747-86631,134747-166916,134747-56018,134747-87260,134747-39793,134747-12550
134747-63336,134747-40442,134747-160620,134747-85701,134747-166916,134747-89981,134747-87260,134747-183240,134747-12538
134747-85607,134747-39280,134747-110484,134747-166916,134747-89981,134747-56018,134747-39793,134747-71706,134747-12555
134747-85607,134747-39280,134747-110484,134747-85701,134747-56018,134747-120639,134747-87260,134747-39793,134747-12530
134747-63589,134747-39280,134747-104433,134747-79970,134747-120639,134747-170287,134747-91750,134747-40442,134747-12531
134747-63336,134747-40442,134747-160620,134747-85701,134747-166916,134747-89981,134747-91750,134747-206341,134747-12530
134747-63589,134747-167031,134747-40442,134747-45889,134747-79970,134747-170287,134747-91750,134747-174215,134747-12555
134747-63589,134747-55050,134747-174215,134747-45889,134747-86631,134747-79970,134747-52436,134747-170287,134747-12554
134747-63589,134747-55050,134747-89493,134747-166916,134747-79970,134747-170287,134747-71706,134747-174215,134747-12555
134747-63589,134747-89493,134747-93541,134747-85701,134747-79970,134747-170287,134747-71706,134747-174215,134747-12531
134747-63589,134747-167031,134747-174215,134747-63043,134747-129210,134747-79970,134747-91750,134747-170287,134747-12531
134747-63589,134747-167031,134747-104433,134747-79970,134747-120639,134747-170287,134747-91750,134747-89493,134747-12555
134747-63589,134747-167031,134747-188171,134747-166916,134747-79970,134747-120639,134747-91750,134747-170287,134747-12533
134747-63589,134747-167031,134747-93541,134747-79970,134747-120639,134747-170287,134747-91750,134747-152664,134747-12531
